{"type": "FeatureCollection", "features": [{"type": "Feature", "geometry": {"type": "Polygon", "coordinates": [[[-0.4641655709327312, 50.93694343034473], [-0.46442182255405645, 50.93699025892259], [-0.46450485024248556, 50.93700444697261], [-0.46458587378955707, 50.9370165546185], [-0.46466405776197, 50.93702541230938], [-0.4647382379431864, 50.937029488193915], [-0.46480683239998416, 50.937026769239296], [-0.46486773368467266, 50.93701462706431], [-0.46491706197355465, 50.936992235728106], [-0.4649592333845613, 50.93696109876671], [-0.46499605263309446, 50.93692349809685], [-0.46502886180221803, 50.936881182376155], [-0.4650586166993771, 50.93683547229694], [-0.46508594794190034, 50.936787350029334], [-0.4651112031777982, 50.936737530548335], [-0.4651344749335715, 50.93668652220562], [-0.4651556149871325, 50.93663467371475], [-0.4651742262831976, 50.936582206984326], [-0.46518965125492456, 50.936529243157885], [-0.4652009367898599, 50.936475825823635], [-0.4652073660323531, 50.936421086012686], [-0.4652096306851691, 50.93636600873985], [-0.46520883657446827, 50.93631070439414], [-0.4652058263199279, 50.93625525166331], [-0.46519554240655625, 50.936144109371014], [-0.46516849413335204, 50.93592216761741], [-0.46515665164298303, 50.935812711536435], [-0.46515259664778513, 50.93575900069996], [-0.4651507074907224, 50.935706433346], [-0.4651519911832747, 50.93565553256575], [-0.46515780597811984, 50.93560701223228], [-0.4651699763535962, 50.935561831914576], [-0.4651909160828712, 50.93552126877413], [-0.46522378993068575, 50.935486995689516], [-0.46527147699753735, 50.935460220196084], [-0.46533121137066286, 50.93543979705738], [-0.4653997707931405, 50.93542402171078], [-0.46547469477942016, 50.93541159889044], [-0.4655541319016842, 50.93540155884437], [-0.46563670594091255, 50.9353931899675], [-0.4657214098856922, 50.93538598502174], [-0.46589449098641633, 50.93537380505466], [-0.4660697388236397, 50.935363658570715], [-0.46624541066562625, 50.93535573238932], [-0.46633314283122146, 50.93535305183269], [-0.4664207357579666, 50.9353516682465], [-0.46650815800476314, 50.93535206679178], [-0.46659535297782734, 50.93535464431548], [-0.46668237637267945, 50.935359002271916], [-0.4667692533421045, 50.93536465153701], [-0.4668560054457331, 50.93537121904035], [-0.4670292114122871, 50.935386070505125], [-0.4683235498877158, 50.935508612174935], [-0.46858165024190096, 50.935534193707625], [-0.46875303981495725, 50.935553062824646], [-0.46883834922421397, 50.935563551199465], [-0.4689232732562492, 50.935575101033315], [-0.4690911953323095, 50.93560174738696], [-0.4692579648698603, 50.93563157018031], [-0.4694241352311137, 50.935663048831174], [-0.4704185433011812, 50.93585923555389], [-0.4705844495577212, 50.935891386021964], [-0.47075071334377294, 50.93592239123028], [-0.4709177110534199, 50.93595102895351], [-0.4710016810746043, 50.93596382469493], [-0.4710861227112982, 50.93597509533822], [-0.4711740453197447, 50.93598480691798], [-0.47126246918810494, 50.9359929067872], [-0.4714403086648877, 50.9360059431128], [-0.47161892159113794, 50.93601660065158], [-0.4725159450978981, 50.93606345846807], [-0.4728766600069585, 50.936083585825266], [-0.47341996827734145, 50.936115741799284], [-0.4735992118209209, 50.93612516973054], [-0.4736872601934944, 50.93612875771061], [-0.4737734373753138, 50.93613100288701], [-0.4738568082202009, 50.93613123215994], [-0.47393608095076273, 50.93612851824777], [-0.47400949846231005, 50.93612159760118], [-0.4740747053721533, 50.93610877699449], [-0.4741285800346788, 50.936087815207244], [-0.47416784898903025, 50.93605766662896], [-0.47419620880253005, 50.936019678011206], [-0.47421660415276407, 50.935975964313826], [-0.47423127723462055, 50.935928134400946], [-0.4742419105926297, 50.93587739746882], [-0.47424975198672664, 50.93582464682916], [-0.47425571320696547, 50.93577053803088], [-0.47426442776354116, 50.93565999012967], [-0.4743039212967003, 50.93498963712306], [-0.4743072333851319, 50.934878689948405], [-0.47430724775818545, 50.93482327570462], [-0.4743029978285841, 50.934711444980735], [-0.47429501360231513, 50.93459969720833], [-0.4742627847448832, 50.93426459551045], [-0.47419649716176515, 50.93364969527759], [-0.4741870962923069, 50.93353838540891], [-0.47418415700470407, 50.93348306694382], [-0.4741831940107156, 50.93342812659372], [-0.4741850939475434, 50.93337373476799], [-0.4741910623542922, 50.93332012358591], [-0.47420270811363024, 50.933267601031], [-0.4742221521479379, 50.93321657472863], [-0.47425065389527915, 50.93316804562294], [-0.47428677066128233, 50.933120977114676], [-0.47432845518539535, 50.9330749774371], [-0.47437414889065455, 50.93302974597109], [-0.4744226794755472, 50.93298505909186], [-0.4744731773709501, 50.932940749788344], [-0.47463095387419174, 50.93280902411949], [-0.47506029378275116, 50.932459383226885], [-0.475645947737311, 50.93197787467342], [-0.47586093255110684, 50.93180369628623], [-0.4760797810189186, 50.931630562945756], [-0.47701527667433796, 50.93089744350977], [-0.4776770242216316, 50.93038051694702], [-0.4778410862369308, 50.93025071695718], [-0.47794822740254683, 50.93016326169059], [-0.47800046443633043, 50.93011898423564], [-0.4780513306409766, 50.930074141125054], [-0.47810032026498617, 50.93002852400279], [-0.4781470649991159, 50.929981921681126], [-0.47823542418878523, 50.92988660107562], [-0.4783610949037637, 50.92974078293738], [-0.47897176424402965, 50.929004246749535], [-0.4790930934012362, 50.928856729526366], [-0.4791723643351705, 50.92875793866622], [-0.47924866274380923, 50.92865831981635], [-0.4792849142571103, 50.92860798148287], [-0.47935347547621543, 50.92850465257728], [-0.4794491613253449, 50.9283476499084], [-0.47987916688555365, 50.92760972256579], [-0.47993912134593475, 50.927504171329446], [-0.4799956972425324, 50.9273983316515], [-0.4800215902822693, 50.92734520448832], [-0.48004494108975376, 50.92729185700737], [-0.48006473456873244, 50.92723820031226], [-0.480079633127727, 50.927184117195424], [-0.48008859472100457, 50.927129112783035], [-0.4800925985122346, 50.92707367628258], [-0.4800930072456806, 50.927017927164336], [-0.48009085039068294, 50.92696195432335], [-0.4800817145242351, 50.92684958943726], [-0.48006917134793003, 50.926736928712714], [-0.4799985673598587, 50.92617296474003], [-0.47994457411971636, 50.92572196541703], [-0.47992646408356493, 50.925552804224736], [-0.4799166050733204, 50.92543996426021], [-0.47990718893251155, 50.92527604823903], [-0.47990096809917837, 50.925112021789644], [-0.479878251502278, 50.92423622071482], [-0.47987258582778436, 50.92412708764071], [-0.4798681005395768, 50.924072757418216], [-0.47986183658708287, 50.924018687042604], [-0.4798530600467742, 50.923964988633074], [-0.4798407953482027, 50.92391181111588], [-0.47982376149377404, 50.923859351549766], [-0.47980062628195963, 50.923807164293564], [-0.47977263387937247, 50.92375570575117], [-0.47974110660617364, 50.92370476924099], [-0.47970704788048746, 50.923654202441476], [-0.479634092103015, 50.92355378612777], [-0.4795181887701103, 50.923404451476365], [-0.4794378362645707, 50.92330625720238], [-0.47939633230180745, 50.92325799409261], [-0.4793534494250998, 50.923210646580465], [-0.47930859744125426, 50.923164617848606], [-0.47926095888344605, 50.92312045547857], [-0.47920943601032157, 50.923078890523605], [-0.4791525753477774, 50.923040885075515], [-0.47908790203721, 50.92300659769738], [-0.47901770588428755, 50.922975989891356], [-0.4789435113300176, 50.92294805087909], [-0.4788664691163155, 50.92292201563893], [-0.47878743623591186, 50.92289731450945], [-0.47862574487468645, 50.9228503494272], [-0.4784616379436324, 50.9228050202464], [-0.47780203197995236, 50.922625980054704], [-0.4767331050638296, 50.92233297555016], [-0.4760720483209705, 50.92215429086219], [-0.47582713613347305, 50.92208568646002], [-0.47574756426391107, 50.92206171481793], [-0.4756699731795824, 50.922036685356986], [-0.47559526928055823, 50.92201011447429], [-0.4755246832587955, 50.921981344151824], [-0.4754598671160896, 50.92194949268976], [-0.47540300375858735, 50.92191339411324], [-0.47535644317909603, 50.92187269222249], [-0.47531765302683093, 50.92182784116212], [-0.4752845258541015, 50.92177996498724], [-0.47525545906645256, 50.92172991933954], [-0.47522925520961995, 50.92167834411063], [-0.4751821206066498, 50.92157237169221], [-0.47513856579011327, 50.921464478195354], [-0.474969196528129, 50.921030094607495], [-0.4747738911072471, 50.92054365422338], [-0.4747111141402526, 50.9203815263077], [-0.47467316391274006, 50.920273097162], [-0.4746564642316319, 50.92021867239723], [-0.4746420687292119, 50.920164032374664], [-0.4746303915288087, 50.920108632311965], [-0.47462105533807486, 50.920053012458276], [-0.4746070002971214, 50.9199413404622], [-0.4745875382965052, 50.91971718698129], [-0.4745256919841368, 50.918875577061975], [-0.4743927449153354, 50.91713665027192], [-0.4743809796800836, 50.91696834984721], [-0.4743722255976355, 50.9168000057719], [-0.4743689727979789, 50.9166317290488], [-0.4743687284562351, 50.91646340924128], [-0.4743755116349514, 50.91511666858332], [-0.4743763470681519, 50.91433080950812], [-0.47437739540209806, 50.91421862423849], [-0.47438063023541255, 50.914106630132935], [-0.4743885740374787, 50.913995047512735], [-0.4743956419821415, 50.9139395268301], [-0.47440584684376846, 50.91388428077395], [-0.4744198246296049, 50.913829574409945], [-0.4744369186711391, 50.913775140409484], [-0.4744562818570745, 50.913720905144274], [-0.4744994000923885, 50.91361281842997], [-0.47456955851609967, 50.91345116704711], [-0.47481088642557817, 50.91291297922778], [-0.47543504127490444, 50.911513415951816], [-0.47550427084058333, 50.91135162190565], [-0.4755463398436542, 50.91124331728559], [-0.4755650050386116, 50.91118890914716], [-0.4755812735284132, 50.91113424209562], [-0.475594606323867, 50.91107930876678], [-0.4756055487023444, 50.911024116522995], [-0.47561475104411066, 50.91096873446567], [-0.4756297987234234, 50.91085759745317], [-0.47570621750633996, 50.91013134193423], [-0.47577214486505537, 50.90956932173757], [-0.4757811585605979, 50.90945907181266], [-0.4757828545798512, 50.90940534300537], [-0.4757814064956301, 50.90935317012454], [-0.4757754093427741, 50.90930324592235], [-0.4757629622861918, 50.90925650388777], [-0.4757415293818438, 50.90921419131725], [-0.4757077742867432, 50.90917794861577], [-0.47565930388895594, 50.90914924512841], [-0.4755986244881172, 50.909126554894165], [-0.475529027511492, 50.909108259617355], [-0.4754530300384475, 50.90909311994321], [-0.4753725409890158, 50.90908018766233], [-0.4752890066507236, 50.90906873773919], [-0.4749436780858483, 50.90902759072303], [-0.4748582402174733, 50.90901630618627], [-0.4747746420988206, 50.909003644640464], [-0.47469384492721767, 50.90898892182948], [-0.4746170722081115, 50.908971250711666], [-0.47454590856961504, 50.9089494723539], [-0.4744824066621627, 50.90892207549619], [-0.47442837928603054, 50.908887960673326], [-0.4743819696235182, 50.90884825961368], [-0.47434114388879695, 50.90880446883375], [-0.4743043515897099, 50.90875772743126], [-0.4742704231197362, 50.908708894686264], [-0.47423849160464343, 50.90865860613838], [-0.4742079192405925, 50.90860732853021], [-0.47414914067491193, 50.90850305569153], [-0.4739200936336526, 50.908081404365554], [-0.4737746483043346, 50.90781880031759], [-0.47362638406162455, 50.90755646328722], [-0.47338326491146715, 50.90713602353932], [-0.47332493280847726, 50.907031549710254], [-0.47329782973805007, 50.90697981147652], [-0.47327313684750194, 50.90692865154241], [-0.47325201296358854, 50.90687834917553], [-0.47323604451111767, 50.906829283342226], [-0.47322737576862733, 50.90678196669561], [-0.4732288597854655, 50.90673708296269], [-0.47324424702798124, 50.90669552999641], [-0.4732766923794137, 50.906657925818706], [-0.47332311821160716, 50.90662367281835], [-0.4733797471088001, 50.90659186862322], [-0.47344371075029384, 50.9065618278147], [-0.4735128567726427, 50.906533037744225], [-0.4735855942595206, 50.90650511888154], [-0.47366076438417165, 50.90647779535882], [-0.47381530515576814, 50.90642419792963], [-0.4742871093261548, 50.90626555559003], [-0.47444321406463125, 50.90621211256283], [-0.47459735508591944, 50.906157492348015], [-0.47474783098084994, 50.90610039828815], [-0.4748207660970893, 50.906070227440416], [-0.474891397034607, 50.906038399075335], [-0.47495890452991685, 50.906004309329774], [-0.4750238051142498, 50.90596674537972], [-0.47508550589952164, 50.905926850360565], [-0.47514489172634017, 50.9058852632491], [-0.47520263543279767, 50.90584246894308], [-0.47531507396363076, 50.90575460241425], [-0.475811004187597, 50.905349000083405], [-0.47625864727008377, 50.904987948853744], [-0.47636538868542483, 50.90489828211868], [-0.4764150960633487, 50.90485377724868], [-0.4764606370550012, 50.90480963828684], [-0.4765000910622545, 50.90476603008217], [-0.47653084758097713, 50.90472317809843], [-0.4765494004865309, 50.90468138427627], [-0.4765511144720928, 50.90464104912643], [-0.47653277446725123, 50.90460323708689], [-0.47649815159955444, 50.904566833877624], [-0.4764516485122439, 50.904531458820294], [-0.4763966132263685, 50.90449682074092], [-0.47633555563481844, 50.904462702674884], [-0.47627033614858255, 50.90442894317318], [-0.47613245553225536, 50.90436205743508], [-0.475415688868734, 50.9040294570876], [-0.47470907586287164, 50.903694928261416], [-0.47456716540416527, 50.903629566491], [-0.4744955633878187, 50.903597781777506], [-0.4744232454141853, 50.90356696689421], [-0.474349904259458, 50.903537528025566], [-0.47427513029182683, 50.903510004485014], [-0.4741983899120494, 50.90348510667113], [-0.4741181290346804, 50.903463126903944], [-0.47403585233779133, 50.90344383575358], [-0.473952109590406, 50.90342649733458], [-0.4738673212039992, 50.90341055420907], [-0.4736957726291232, 50.90338129878904], [-0.47352282807229107, 50.903353906585245], [-0.4724814956050746, 50.90319448220053], [-0.4705752346395624, 50.90289859586659], [-0.4703157077607199, 50.90285735105516], [-0.47005716184214097, 50.90281389397987], [-0.46980418817332453, 50.902767116537014], [-0.46946826766438404, 50.902701642994046], [-0.4671201245123044, 50.90223546970353], [-0.466867570356699, 50.902188616899025], [-0.4667829670232275, 50.90217434628107], [-0.4666980070586084, 50.90216122342706], [-0.46661255930879875, 50.90214967322767], [-0.466526127903734, 50.90213999877213], [-0.46643920512019016, 50.902131908870416], [-0.4663519239088712, 50.90212497296826], [-0.4661766643935858, 50.90211334288056], [-0.46591290465312, 50.90209870173531], [-0.46283202458838707, 50.90193984523983], [-0.4625687463449323, 50.90192346311699], [-0.462394192905432, 50.901909176555066], [-0.46230745697148445, 50.90190014788531], [-0.462220999515304, 50.90188940774872], [-0.4620491715643639, 50.90186414196121], [-0.4618781943180421, 50.90183590814415], [-0.4617076329916762, 50.901806225708754], [-0.4601743480405409, 50.90153238205718], [-0.45889452634010713, 50.901307435141526], [-0.458725089704474, 50.9012759644], [-0.4585578521446687, 50.901241789586706], [-0.4584757191782151, 50.90122287539199], [-0.4583951187376767, 50.901202075207635], [-0.4583166230498375, 50.901178686532155], [-0.4582411277350371, 50.901152300325876], [-0.4581677165117028, 50.901123350547174], [-0.4580958261361546, 50.90109253006044], [-0.4580250290103073, 50.901060365737514], [-0.45788550896857727, 50.900993484224514], [-0.4577474774352709, 50.9009247721426], [-0.4558935154872753, 50.89998547571898], [-0.45575586573796883, 50.89991629304884], [-0.4556172251469307, 50.89984834251691], [-0.4554763567339573, 50.89978316570659], [-0.4554044232392817, 50.89975244291224], [-0.4553309464389259, 50.899723640699015], [-0.45525535680103035, 50.89969746895695], [-0.4551763104459037, 50.89967426478746], [-0.4550951108290679, 50.899653741520744], [-0.45501234455036077, 50.899635167177586], [-0.45492845807250637, 50.89961798710751], [-0.4547585713809274, 50.899586259143156], [-0.4545871827061681, 50.899556400209335], [-0.45329706900752204, 50.89933829961496], [-0.45106462257581464, 50.89895510543122], [-0.45080649706881076, 50.89891257783632], [-0.4506336935474897, 50.898886435099435], [-0.4505468857483412, 50.89887460760672], [-0.4503706910868104, 50.8988539247843], [-0.4501936017033042, 50.89883598976822], [-0.4500160622637852, 50.89881943375244], [-0.44859326829597584, 50.89869433371908], [-0.44761434179151927, 50.89860965987732], [-0.4474367340800878, 50.89859351510574], [-0.447259979768132, 50.89857569613475], [-0.4471722071783674, 50.89856559941359], [-0.4470850795789521, 50.89855423925412], [-0.4469988538880893, 50.89854110744791], [-0.4469138750588646, 50.89852553034933], [-0.4468311563908703, 50.89850713912282], [-0.4467496648215443, 50.898486339424984], [-0.4466690652793029, 50.89846378960038], [-0.44658910443923105, 50.898439987656936], [-0.4464303882981922, 50.89839001832349], [-0.4461937460012408, 50.89831225263777], [-0.44532764699812705, 50.898023994167765], [-0.4430426500206492, 50.89726761343002], [-0.4428845959379711, 50.89721619239475], [-0.44272562108213487, 50.8971662251475], [-0.44256474988275935, 50.89711924939319], [-0.44248310200657176, 50.897097673992576], [-0.44240080105519447, 50.897077912208665], [-0.44223379526070694, 50.897042180180556], [-0.4419800732952416, 50.89699364846618], [-0.44087318986339336, 50.89679474479388], [-0.4398521162024519, 50.89660900662203], [-0.43968170669136214, 50.8965794092422], [-0.4395108435310716, 50.89655229236444], [-0.43942510472706886, 50.896540411019565], [-0.4393390488178243, 50.896530260597864], [-0.4392525581239511, 50.896522487010756], [-0.439165184386131, 50.89651759905557], [-0.43907737316882467, 50.89651510436817], [-0.4389892421512181, 50.896514350805944], [-0.4389008829615823, 50.896514842604454], [-0.4387237333909037, 50.89651817980837], [-0.4384574960969099, 50.89652598795806], [-0.4371256251105859, 50.89656878516186], [-0.43561661174009325, 50.89661496371711], [-0.43517272361550724, 50.89662775384809], [-0.4349088830266694, 50.896633907546324], [-0.43465011881749593, 50.896638371115955], [-0.43361417534363356, 50.896651228664275], [-0.4333556662560359, 50.8966556225421], [-0.4331842811745316, 50.896661010211915], [-0.4330991729878914, 50.89666520804996], [-0.4330146738590167, 50.89667097193197], [-0.4329310164515555, 50.89667889903908], [-0.4328485043960602, 50.89668977239216], [-0.432765251230493, 50.89670464697183], [-0.432683196417487, 50.89672260150615], [-0.4326020129702988, 50.89674279857844], [-0.43252145564888766, 50.89676460304385], [-0.4323615249856064, 50.896811254503], [-0.4321230429388992, 50.896884867937885], [-0.4310914589891509, 50.89720851467415], [-0.42990011685259727, 50.89757913903144], [-0.4297406209739112, 50.897627602146706], [-0.42958024923778837, 50.89767480798381], [-0.42949950506681434, 50.897697609749166], [-0.4293364707241946, 50.89774122910715], [-0.42917221646945003, 50.89778309771463], [-0.42892478720255234, 50.89784439517366], [-0.4262807479790092, 50.898491521220244], [-0.42562001103641695, 50.898654418870436], [-0.4249595687412058, 50.89881903262791], [-0.4247116445025739, 50.89887925905924], [-0.4245458487387767, 50.8989164179727], [-0.4244626288108687, 50.89893311729335], [-0.4243790684214608, 50.898947829120736], [-0.4242950319249244, 50.8989597676403], [-0.4242103414549013, 50.89896789605261], [-0.4241259402423767, 50.8989713565904], [-0.4240408994293855, 50.89897108917491], [-0.4239553905941064, 50.89896809548112], [-0.42386954578894637, 50.89896314036219], [-0.42378346293018865, 50.898956797741214], [-0.4236108543433045, 50.89894153748794], [-0.4225728043201153, 50.8988363257382], [-0.42136220140556185, 50.89871644434695], [-0.4211035009767824, 50.89868881370903], [-0.4209317907051622, 50.89866808377949], [-0.4208458848145327, 50.89865649418733], [-0.4206746829893697, 50.898631447038305], [-0.42033347679334143, 50.89857769156977], [-0.4186299539093621, 50.89830102782582], [-0.4176079855263781, 50.898133630386255], [-0.41735224324980713, 50.89809341307579], [-0.4171813432586023, 50.89806926363609], [-0.4170956511670154, 50.898058779838266], [-0.4170097093437687, 50.89804993172409], [-0.416923426160725, 50.89804332552391], [-0.4168365213435233, 50.89803944452254], [-0.41674927336986356, 50.898037813935275], [-0.4166617756645441, 50.898037825266655], [-0.4165740982962052, 50.89803901449623], [-0.4163104535401013, 50.898046609927334], [-0.4148141261780857, 50.8981050073406], [-0.4133180548359095, 50.89816145398677], [-0.4128778731601809, 50.89817725896746], [-0.41261356365075813, 50.89818527590244], [-0.4124423303845634, 50.898189194851724], [-0.41209949644119437, 50.89819497554212], [-0.4115848102924305, 50.898201919395106], [-0.41132865568915844, 50.89820743946284], [-0.4112439670157628, 50.898210497794274], [-0.4111599179428338, 50.89821467509614], [-0.411076782456553, 50.89822044445206], [-0.41099492617123884, 50.8982284404166], [-0.4109148305838691, 50.898239499241924], [-0.41083712541347567, 50.89825471326677], [-0.4107616525565694, 50.898275164629545], [-0.41068860964247833, 50.89829984653489], [-0.4106173570708027, 50.89832765303908], [-0.41054740256466604, 50.89835773938709], [-0.41047837871318904, 50.89838947045478], [-0.4103420917081795, 50.89845609395538], [-0.40987058757509004, 50.89869912909626], [-0.4097352644623994, 50.89876618727243], [-0.40966713173967645, 50.8987980540363], [-0.4095984977570063, 50.898828111752415], [-0.4095291568002206, 50.898855595568705], [-0.40945883757809576, 50.898879478317724], [-0.40938717537461017, 50.89889839686369], [-0.4093136967776604, 50.898910568251694], [-0.4092352540904166, 50.89891456305883], [-0.4091548809236103, 50.898911403359605], [-0.4090730956052002, 50.898903060211595], [-0.4089902915972483, 50.89889102366272], [-0.40890676085224453, 50.89887640699937], [-0.4088227207624866, 50.898860028897666], [-0.40873832853309966, 50.898842483677065], [-0.40856892244020115, 50.898805443682264], [-0.4082296467237019, 50.898728658841165], [-0.4079774141649573, 50.89866918914178], [-0.40789461105533587, 50.89864831359701], [-0.4078129604842238, 50.89862641143172], [-0.4077329439485986, 50.898603011830915], [-0.4076552082354704, 50.89857748307459], [-0.40758060584608496, 50.89854899287759], [-0.4075110789380334, 50.89851747324687], [-0.4074445892339683, 50.89848306468416], [-0.40738032375854993, 50.8984465433766], [-0.4073176617758837, 50.8984084974138], [-0.40725614065366467, 50.8983693664469], [-0.4071352417894677, 50.89828905117741], [-0.4070158736545249, 50.89820723606512], [-0.4065417823734282, 50.89787600421173], [-0.406362974512741, 50.89775329428185], [-0.40624178369608743, 50.89767483234648], [-0.4061799292988786, 50.89763776082785], [-0.4061167310220119, 50.8976030111036], [-0.4060516364015725, 50.89757154239091], [-0.40598391061570144, 50.897544634024136], [-0.4059125879753853, 50.897523968741424], [-0.40583697857455364, 50.89751091879817], [-0.4057577786075233, 50.89750409155681], [-0.40567595106828297, 50.897501802589396], [-0.4055922280838338, 50.89750276746849], [-0.40550715942303245, 50.89750602301467], [-0.4053345032254354, 50.89751673356732], [-0.40498495527366, 50.89754475640445], [-0.4046347210090022, 50.897574363369074], [-0.40446047838659765, 50.89758998157922], [-0.4042878365620207, 50.89760771650774], [-0.40420257835673196, 50.89761814714908], [-0.4041184151977716, 50.89763025881484], [-0.40403576120846824, 50.89764473139291], [-0.4039551616662268, 50.89766245553564], [-0.40387629407585596, 50.89768438534984], [-0.40379951147528165, 50.89770963470848], [-0.403724250620757, 50.897737300488394], [-0.4036500839142972, 50.89776669883179], [-0.4035766906572381, 50.89779732038672], [-0.40335910881396697, 50.89789325347968], [-0.4027118250410393, 50.8981892917348], [-0.40249557000944786, 50.89828719283913], [-0.4023503681235431, 50.898350980257796], [-0.4022771123087734, 50.8983819408012], [-0.4022031549097371, 50.89841190133667], [-0.4021282048723082, 50.89844044827407], [-0.4020518723276797, 50.89846702864902], [-0.4019736443378089, 50.89849091046418], [-0.4018932217636623, 50.898511475035995], [-0.4018109100324865, 50.8985293523876], [-0.40172722387895154, 50.89854527622172], [-0.401557188067021, 50.898573346597765], [-0.4013851822496892, 50.898598631167786], [-0.401212304168209, 50.89862267495234], [-0.400952428743026, 50.898657795580384], [-0.40069227933169493, 50.89869177172743], [-0.40051852898606644, 50.89871280588992], [-0.400431448099067, 50.89872235471444], [-0.40034414712481187, 50.89873090808903], [-0.40016974280566314, 50.89874450555482], [-0.3999070206193449, 50.89875986048835], [-0.3977126349079262, 50.898863403326466], [-0.3962119830561167, 50.89893193998435], [-0.39594711389626897, 50.898943353874785], [-0.39577069106267554, 50.89894940811929], [-0.39568257980803856, 50.898951455661695], [-0.39559457455459235, 50.89895246923476], [-0.3955067175232007, 50.898952037517205], [-0.3954190644093501, 50.898949621711836], [-0.39533201675997637, 50.898944808797154], [-0.39524516853662506, 50.898938028223846], [-0.39507185567054975, 50.898920586146374], [-0.3948988042142298, 50.89890021325221], [-0.39377389159463577, 50.8987566707509], [-0.39360221905226034, 50.89873275224554], [-0.3935172222566935, 50.89871970604046], [-0.39343314084443576, 50.89870546891949], [-0.3933503655825576, 50.898689535508616], [-0.39326941569738155, 50.89867122989772], [-0.39319097660339275, 50.89864966428115], [-0.39311535462613495, 50.89862402960322], [-0.3930422533215994, 50.89859511677883], [-0.39297097739369913, 50.898563821538325], [-0.3929010040229568, 50.89853082148702], [-0.3927635321400756, 50.89846158793104], [-0.3926279718721178, 50.89838997526451], [-0.39242725859324257, 50.898280297723616], [-0.3922964638878868, 50.898205554492655], [-0.3922328398095626, 50.898167319099244], [-0.3921710878202894, 50.898128176598256], [-0.39211195531841925, 50.898087758717665], [-0.39205642865406476, 50.898045578204304], [-0.3920051671906957, 50.89800110757669], [-0.391957527734557, 50.897954862407545], [-0.3919125104607123, 50.897907332775596], [-0.39182750019042234, 50.8978098059436], [-0.3917461191139062, 50.897710485702014], [-0.39162652999337727, 50.89756024714509], [-0.3914683923674026, 50.897359389499634], [-0.3913524360339025, 50.8972082670788], [-0.3912795970373859, 50.89710666279978], [-0.39124589853613584, 50.89705532940689], [-0.39121501894824423, 50.89700344467299], [-0.3911880155907948, 50.896950802360095], [-0.3911654930300008, 50.89689655655649], [-0.39114695629412827, 50.89684152087134], [-0.391131339082889, 50.89678589247344], [-0.391117837404181, 50.89672981980607], [-0.3910949123981206, 50.896616770562694], [-0.39103513041428223, 50.896276368453236], [-0.3910234047048691, 50.896220783007834], [-0.39100993177226834, 50.896166231527125], [-0.3909938438438166, 50.89611323528035], [-0.3909739542451152, 50.89606251044716], [-0.3909486513985046, 50.896015035543165], [-0.3909157757540625, 50.89597212054535], [-0.3908724688725247, 50.89593550321372], [-0.39081799503370185, 50.89590724710403], [-0.39075354809860313, 50.895885003692065], [-0.3906817996568629, 50.89586714175654], [-0.3906047897824895, 50.8958524181905], [-0.39052404920473704, 50.89583990094603], [-0.39044071788572227, 50.895828905009694], [-0.39026939927956994, 50.8958096616899], [-0.39009513689426273, 50.895792413349966], [-0.38992022053540176, 50.89577659962751], [-0.3897460515748258, 50.89576314634397], [-0.38965963903440004, 50.89575806339961], [-0.3895739280782075, 50.89575476863602], [-0.3894891702345019, 50.895754024693666], [-0.3894056951850516, 50.89575685144793], [-0.38932393412112976, 50.89576459003379], [-0.3892431216781762, 50.89577855608725], [-0.3891640411870933, 50.89579756144918], [-0.3890862255239236, 50.895820223617825], [-0.3890093171591889, 50.895845495517875], [-0.3889330456999963, 50.89587259297633], [-0.38885721082202646, 50.89590093806255], [-0.38870629026103265, 50.89595980617399], [-0.3879537967003484, 50.89626109882267], [-0.3878045541922993, 50.89632175520497], [-0.3876580793936408, 50.89638398492795], [-0.38758680166911297, 50.89641626296611], [-0.38751760264616875, 50.89644979257684], [-0.3874513069781766, 50.896485080854134], [-0.387389006118277, 50.896522795234624], [-0.3873326026982221, 50.89656270284501], [-0.38728007371198186, 50.89660496968962], [-0.3872303869953248, 50.896648969684016], [-0.3871827565223236, 50.896694225191254], [-0.38713659209985213, 50.8967403798255], [-0.3870470318626636, 50.89683440174099], [-0.3869594667837286, 50.8969296903464], [-0.3864838286036967, 50.89745836317859], [-0.386394997798518, 50.89755221367175], [-0.3863492376179404, 50.897597768585925], [-0.3863020033019926, 50.897641812968196], [-0.38625265884342946, 50.897683691296855], [-0.38620034545285925, 50.89772251802344], [-0.38614392047324075, 50.89775711751666], [-0.3860818864129791, 50.89778594587545], [-0.3860108260807488, 50.89780832662312], [-0.38593386381708833, 50.8978246342732], [-0.3858526228777527, 50.89783653908642], [-0.38576833125970744, 50.897845305654755], [-0.38568190344789766, 50.89785187505587], [-0.38550514644101735, 50.89786099856153], [-0.3853257726417256, 50.89786743141667], [-0.3846046868783263, 50.89788947841462], [-0.38406569141964153, 50.8979078891485], [-0.3809286585648105, 50.898022732983435], [-0.3782849633960559, 50.89812698680443], [-0.37775608476408257, 50.898148918099594], [-0.37705007632443366, 50.898180038549434], [-0.37687393107024336, 50.89818701583211], [-0.37669874791174446, 50.89819183449082], [-0.37661186106085137, 50.89819265997997], [-0.3765257377779243, 50.8981917699021], [-0.37644069786323014, 50.89818844641573], [-0.3763571680165569, 50.89818173202074], [-0.3762757087865932, 50.89817036553535], [-0.3761963004104029, 50.898153208154085], [-0.37611898510884983, 50.89813135108144], [-0.3760431915533798, 50.89810607418963], [-0.3759684876543556, 50.8980783497056], [-0.3758945491199585, 50.898048903400586], [-0.3757480824061405, 50.897986845306974], [-0.3756025679065124, 50.897922642092915], [-0.3750218106685976, 50.89766277565007], [-0.37465814120055024, 50.89750159068993], [-0.3742207568786164, 50.89730929549245], [-0.37356278135716814, 50.89702227842733], [-0.3734179163395083, 50.89695775773025], [-0.37327592682909083, 50.89689163237919], [-0.3732069523849208, 50.896857440749976], [-0.3731401168294732, 50.896822054169164], [-0.3730762681723413, 50.89678499896917], [-0.3730165239177477, 50.89674565020239], [-0.37296228633582806, 50.896703910410274], [-0.3729120884777558, 50.896659912734165], [-0.37286483889045735, 50.89661426794839], [-0.37281970842887835, 50.8965674395166], [-0.37277607366226667, 50.89651977475377], [-0.37265012985943713, 50.89637400898179], [-0.37166597336341256, 50.89519504016328], [-0.37149941313331875, 50.894999805518864], [-0.3714124130946579, 50.8949039571224], [-0.3713668694080809, 50.89485700458339], [-0.3713192245620595, 50.894811050928496], [-0.3712686997172104, 50.894766466156554], [-0.3712136150239946, 50.8947227522214], [-0.37115555780548326, 50.89468045080505], [-0.37109534463030475, 50.89463917434947], [-0.37103359443765915, 50.89459862935269], [-0.3708431390210399, 50.89447946628267], [-0.37000282525984485, 50.89397022696801], [-0.36890686264691036, 50.89330290696407], [-0.36671609984105236, 50.89196761326362], [-0.36568700871618276, 50.891337594989174], [-0.36549174461780065, 50.89122149823209], [-0.3653581615417877, 50.89114709669662], [-0.365289380235427, 50.891111646278155], [-0.3652185768213666, 50.89107797569377], [-0.36514586448734093, 50.89104671223403], [-0.3650711569950617, 50.891017205950575], [-0.3649177984063787, 50.8909616601271], [-0.36468267246559427, 50.890882818422], [-0.3636534456951297, 50.89055027025166], [-0.3623885656727843, 50.89013926830875], [-0.3616775275658535, 50.889907256098624], [-0.3608882228414431, 50.88964768549784], [-0.3607299405867024, 50.8895967943876], [-0.36057075013519607, 50.889548111546034], [-0.3604905144106457, 50.88952532392394], [-0.360409601356384, 50.88950418134372], [-0.3603277423761119, 50.889485337748866], [-0.36024458173701235, 50.8894696567532], [-0.36016027844087156, 50.889457889769595], [-0.36007468516396535, 50.889449257057414], [-0.35998815224926184, 50.8894429074739], [-0.3599009438014744, 50.88943819614471], [-0.35981326104321953, 50.88943463969719], [-0.359637016974382, 50.88942965919687], [-0.35946017193261953, 50.88942613958255], [-0.3577778007802967, 50.88939841616444], [-0.35760118570722443, 50.889394331573016], [-0.35742546445786416, 50.88938804941634], [-0.35733822816233346, 50.889383373215416], [-0.35725164943354465, 50.88937707915708], [-0.35716598968132, 50.889368528597814], [-0.357081589367126, 50.88935688172379], [-0.3569982885908124, 50.88934136615406], [-0.3569162589306586, 50.8893227270633], [-0.356835153636918, 50.889301815594855], [-0.35675470950320765, 50.8892792794565], [-0.3566747306968272, 50.889255600320915], [-0.3564363196170574, 50.88918081030468], [-0.3556446172891941, 50.88892412855961], [-0.3548521819360325, 50.88866925085401], [-0.35255293318653674, 50.88793242208078], [-0.3514401792643234, 50.887578913403], [-0.35120376154614613, 50.88750156772131], [-0.35104968161029393, 50.887447232706855], [-0.3509747693021432, 50.88741839454789], [-0.35090205876471153, 50.887387828505375], [-0.3508323746515013, 50.887354886271595], [-0.35076600083009507, 50.887318818664134], [-0.350702684873942, 50.8872803510523], [-0.35064158865481665, 50.88724014137002], [-0.3505820761655743, 50.88719868774335], [-0.35046603449211655, 50.88711343989809], [-0.35035210116461324, 50.887026536555794], [-0.3498437840712036, 50.8866320293062], [-0.3494473710110541, 50.88632601599088], [-0.34581612730773487, 50.883533402998864], [-0.34547729805392635, 50.883270776107445], [-0.34525542316192653, 50.88309294119081], [-0.34465193405572725, 50.882599431856185], [-0.34410044303145026, 50.88215127081392], [-0.3439941031630451, 50.88206076946568], [-0.3439432630095481, 50.88201500495367], [-0.34389497586806866, 50.88196867703219], [-0.3438503340900441, 50.88192154482419], [-0.3438108064208953, 50.88187328300336], [-0.34377833591664414, 50.88182346422409], [-0.3437545700875006, 50.88177192751936], [-0.34373781740576353, 50.8817188429139], [-0.34372615368011694, 50.881664634345455], [-0.3437181236397961, 50.88160962373524], [-0.3437089024333907, 50.8814980924425], [-0.34370451326490586, 50.88138549308401], [-0.3436946560512888, 50.880876568565284], [-0.3436792220963908, 50.88025553233517], [-0.34367799050613684, 50.880142685121854], [-0.34367891936416906, 50.880030958176356], [-0.34368852864275384, 50.879754445544606], [-0.3437168938461697, 50.87914608273195], [-0.3437362552354777, 50.87875870659581], [-0.34376369068256435, 50.87826019006369], [-0.34376752559050666, 50.878149791745244], [-0.34376797115490043, 50.87809484273553], [-0.34376677459893323, 50.87804017253293], [-0.34376320649062886, 50.87798590583743], [-0.34375628497135957, 50.87793220929384], [-0.3437447002974575, 50.87787930509547], [-0.34372673399177517, 50.877827486855445], [-0.3437006145765696, 50.877776338534424], [-0.3436679689008511, 50.87772629941755], [-0.34363057742546677, 50.87767706796155], [-0.3435897867250322, 50.87762841460777], [-0.3435017769800005, 50.87753220114182], [-0.3433620880550162, 50.87738919020986], [-0.34265172278621125, 50.87667637927975], [-0.34241813655785197, 50.87643803481983], [-0.3423277570571105, 50.876341776383654], [-0.34228413846017997, 50.8762931698167], [-0.34224213952568266, 50.876244070052806], [-0.3422023648198655, 50.876194292869016], [-0.3421653811795966, 50.87614380085192], [-0.3421306127848368, 50.87609263424467], [-0.3420654552823339, 50.875988967092205], [-0.34197338784717973, 50.875831739053936], [-0.34099065877414303, 50.874092991503765], [-0.34089947977278484, 50.87393552238779], [-0.3408353535362499, 50.87383164693276], [-0.34080128313246816, 50.87378037178323], [-0.34076513941701886, 50.87372978191741], [-0.3407261489404009, 50.873680132994146], [-0.3406838373922138, 50.873631800848784], [-0.34063869615086967, 50.87358440398402], [-0.3405914914793261, 50.87353768787908], [-0.3405428081808268, 50.87349146093454], [-0.3404426361451593, 50.873399931471766], [-0.3395682061661306, 50.872628910277854], [-0.3392613452583291, 50.87235489335454], [-0.33890505724699826, 50.8720328805811], [-0.33880242831903595, 50.871942116952795], [-0.33875042125397603, 50.87189775802097], [-0.3386976012135762, 50.87185459858222], [-0.3386435720408166, 50.871813222535074], [-0.3385877911532502, 50.871774428631], [-0.3385295264239429, 50.87173930020232], [-0.33846779689256384, 50.871709280558925], [-0.3384013143750089, 50.87168627106035], [-0.3383290547918535, 50.871671813658615], [-0.33825204491751354, 50.871664364152295], [-0.3381715720377295, 50.87166202119412], [-0.33808861441787397, 50.87166334261574], [-0.3380039059815087, 50.87166724622306], [-0.3379179884127837, 50.87167293326704], [-0.3378312569704217, 50.871679820416894], [-0.33765640798520974, 50.87169564232045], [-0.33704147883387436, 50.87175539475944], [-0.33642820797258105, 50.87181277922819], [-0.3357285928427746, 50.87187646118364], [-0.33529130014897796, 50.871914878589585], [-0.3350266402966207, 50.87193616407162], [-0.3345834366882562, 50.87196922434927], [-0.3322779814784808, 50.872137243030885], [-0.33085865321104, 50.87223927592308], [-0.3306820264598722, 50.87225393949429], [-0.33050664477368136, 50.87227161887868], [-0.3304197749907664, 50.87228244407577], [-0.33033373704779695, 50.87229528453854], [-0.3302500922167619, 50.87231031996707], [-0.33016725586944773, 50.87232731453626], [-0.3300031920575545, 50.87236519303278], [-0.3297591880667892, 50.8724270772203], [-0.3287871920647729, 50.872684386126686], [-0.3276525587754873, 50.872983062422335], [-0.3274101052769457, 50.873047994435716], [-0.3272492619253134, 50.873092401023904], [-0.32700810200075864, 50.87316211501911], [-0.3266882388775353, 50.87325744695314], [-0.32341515168137636, 50.87424248891631], [-0.3231744966100238, 50.87431269209045], [-0.32301257617837165, 50.87435709917427], [-0.3229307836734515, 50.87437795953164], [-0.3228471900463509, 50.87439786245793], [-0.32267830497630223, 50.87443492639921], [-0.3224227252948393, 50.87448688615764], [-0.3209677734364685, 50.87477057862607], [-0.31976990414110495, 50.875005252759046], [-0.3192564513791891, 50.87510686160532], [-0.3184860454117484, 50.87526152370698], [-0.3183150169614586, 50.87529419957152], [-0.3182296222122109, 50.87530936270671], [-0.3181443631085916, 50.87532319488276], [-0.31805930163433377, 50.87533508560801], [-0.317974523129395, 50.87534420672237], [-0.3178901398832126, 50.875349444942806], [-0.31780630191436815, 50.87534932987313], [-0.31772418062604363, 50.87534279017501], [-0.31764259383529203, 50.875331011687244], [-0.31756139601508376, 50.875315417756156], [-0.3174804766726089, 50.87529708821998], [-0.3173997540611651, 50.875276831965486], [-0.3173191661970193, 50.87525524587976], [-0.3171582330138773, 50.87520970482352], [-0.3161936606893409, 50.874926368176155], [-0.3145855128373952, 50.87446048596163], [-0.3135409383502873, 50.87415557176891], [-0.3133796296713586, 50.87411073991448], [-0.3132986249889262, 50.8740895251494], [-0.3132172403191215, 50.87406961358846], [-0.31313531755848895, 50.8740515528215], [-0.3130526429079524, 50.87403607240148], [-0.3129689360931175, 50.87402413542901], [-0.3128835638017974, 50.87401649243186], [-0.3127971503630412, 50.8740124212302], [-0.3127099805427956, 50.87401094738935], [-0.3126222681401365, 50.874011332288575], [-0.3124458147638419, 50.874015613229226], [-0.312268624768994, 50.874022386660585], [-0.31146933976179764, 50.874057998601835], [-0.31093550961598987, 50.87408020255374], [-0.31048840731932253, 50.87409718854153], [-0.3098580109754299, 50.874118729814796], [-0.30968044548479523, 50.87412599696669], [-0.30959380477227344, 50.87413058116712], [-0.30950969102062, 50.87413628661689], [-0.3094293439049964, 50.874143664870616], [-0.309354469326057, 50.87415347381957], [-0.30928737954736407, 50.87416674117929], [-0.3092311665701606, 50.87418483931436], [-0.3091899087458022, 50.874209582169456], [-0.30916677443228474, 50.874242778581284], [-0.30915883512180414, 50.874282725121816], [-0.30916191095333245, 50.87432756531367], [-0.30917284345034185, 50.874375895603755], [-0.3091892781284731, 50.87442666956351], [-0.30920948213752525, 50.874479118528015], [-0.3092565403836753, 50.87458697016081], [-0.3094898750837807, 50.875081891353354], [-0.30986774781476906, 50.87590224139239], [-0.31010119210935383, 50.87639845119921], [-0.31015085906310824, 50.87650749780581], [-0.31017359182968973, 50.87656085759306], [-0.3101938263814431, 50.876612833686664], [-0.31021031765342477, 50.876662735692776], [-0.31022134537185986, 50.876709611912034], [-0.3102245712220367, 50.876752166016836], [-0.3102168582870247, 50.876788660690806], [-0.3101940563501667, 50.87681679632822], [-0.31015285871291376, 50.87683469050991], [-0.31009660441321046, 50.87684424438698], [-0.3100294301928905, 50.876847749080746], [-0.3099544639857804, 50.87684693738395], [-0.30987403871670927, 50.87684310166289], [-0.3097898701678664, 50.87683719248661], [-0.30961492596122875, 50.876821714125505], [-0.30880624277953217, 50.87674018892833], [-0.3081824715108332, 50.876679666890475], [-0.3067638744720632, 50.876545554290985], [-0.30534567718353467, 50.876413368536575], [-0.30516924536680373, 50.87639502752878], [-0.30508146469219866, 50.876384911828126], [-0.3049941484465594, 50.87637379113018], [-0.3049074816828885, 50.876361262415664], [-0.3048217105395905, 50.87634679229324], [-0.30473737131079887, 50.87633001912122], [-0.30465392231249777, 50.87631131757425], [-0.3045711183045458, 50.87629121537262], [-0.3044067598452045, 50.876248307708906], [-0.30416176950429297, 50.87618058962313], [-0.30334721223894284, 50.875950365420906], [-0.30114691112137065, 50.87533101508832], [-0.30098316261812524, 50.875286685456786], [-0.300818192406094, 50.87524482666867], [-0.3007349033079095, 50.87522552439511], [-0.3006507994377576, 50.875207871639326], [-0.3005669542823696, 50.87519245225603], [-0.3004823132196868, 50.87517864158137], [-0.3003114545509483, 50.87515421384138], [-0.3000531125499774, 50.87512172833976], [-0.2989293452823827, 50.87498963717866], [-0.29771972602305086, 50.874846192738374], [-0.29720147086765214, 50.87478423353721], [-0.2967674669061293, 50.87473101286211], [-0.29546244836027563, 50.87456751286333], [-0.2950248403578312, 50.87451092481748], [-0.29449729033419847, 50.87444110060218], [-0.29432342051262267, 50.87441940359227], [-0.2942380832555893, 50.874409827677574], [-0.29415462617241417, 50.87440174826369], [-0.2940739646464397, 50.87439589603041], [-0.2939973590139603, 50.8743932731821], [-0.2939265133790696, 50.87439523790917], [-0.29386370676767076, 50.87440360302016], [-0.2938119377561416, 50.87442075951395], [-0.2937735365743864, 50.87444874466339], [-0.29374623317963977, 50.87448556878408], [-0.2937270029443412, 50.874528821018316], [-0.293713551571304, 50.874576675508386], [-0.2937041632782719, 50.87462776612099], [-0.2936975732373316, 50.874681083845964], [-0.29369285977702786, 50.87473589630149], [-0.2936866200790891, 50.87484805824733], [-0.2936690517270541, 50.87530258492755], [-0.29363359881607276, 50.87603553279554], [-0.2936108696427463, 50.87660254855102], [-0.2936026383797756, 50.876713226013926], [-0.29359600701636895, 50.87676670516643], [-0.2935865432648473, 50.87681809152962], [-0.29357296702594676, 50.87686643907592], [-0.29355354185624477, 50.876910464519334], [-0.293525944712414, 50.87694845152267], [-0.29348711323761567, 50.876978136765324], [-0.29343460850589714, 50.87699767751336], [-0.2933708820196371, 50.87700892673182], [-0.2932989925423859, 50.877014143792614], [-0.29322125862591875, 50.877015041077115], [-0.29313941312036973, 50.87701290131142], [-0.29305473612506966, 50.877008669393064], [-0.2929681600912389, 50.87700303401448], [-0.2927917821734338, 50.87698937918659], [-0.2920788647909083, 50.87692928712675], [-0.2915476047251297, 50.87688675075532], [-0.288286607954372, 50.876634680452206], [-0.28802219603701357, 50.87661519170034], [-0.28784577679667517, 50.87660358868471], [-0.28766910333312495, 50.87659441340108], [-0.2875800183047009, 50.87659121080894], [-0.2874016128892801, 50.87658705424078], [-0.2870443457142463, 50.87658310059753], [-0.2848996107869009, 50.87656931187457], [-0.2835584871531397, 50.87655763119167], [-0.2833798903965705, 50.876556850098694], [-0.28320183083253225, 50.87655796505506], [-0.2831131805887034, 50.87655986337169], [-0.2830249327901409, 50.876563185000514], [-0.2829372482352585, 50.876568498472416], [-0.2828503416214293, 50.87657655767158], [-0.28276498280479884, 50.87658788181332], [-0.2826803920477534, 50.876601918235686], [-0.282596360042836, 50.87661792835651], [-0.2825127277881936, 50.87663535157889], [-0.28234621876206767, 50.876672871172104], [-0.28209735758059656, 50.87673233608315], [-0.28143452846169753, 50.87689374313143], [-0.28077135349138255, 50.87705392754625], [-0.27687392190140997, 50.877990715816786], [-0.2766253930965648, 50.878050890396224], [-0.27637753263832693, 50.87811212313592], [-0.27597115995662463, 50.87821691011787], [-0.27378177157312567, 50.87879114365112], [-0.2736207108291958, 50.878834966627906], [-0.27346142066471174, 50.878880831753435], [-0.2733829285701276, 50.87890509600142], [-0.27330559799719034, 50.878930701290386], [-0.27322905165351935, 50.878958175310515], [-0.2731536830011764, 50.87898701020455], [-0.27300527772298877, 50.87904736997483], [-0.2727856881450381, 50.879141395300536], [-0.27154925866609975, 50.87968333349689], [-0.26929232775300405, 50.8806689991291], [-0.2664923104534419, 50.88187999804935], [-0.26531154867433554, 50.88238854944852], [-0.2650912790717154, 50.88248471944871], [-0.264946470647906, 50.88255031549978], [-0.26487530072119647, 50.88258401095131], [-0.26480540819882625, 50.88261863642707], [-0.2647372763744338, 50.882654542747304], [-0.26467258419926076, 50.88269125950138], [-0.2646095934332236, 50.88272921515475], [-0.2644869967531124, 50.8828075872185], [-0.264367002492426, 50.88288785380879], [-0.26418908037061023, 50.88300975844599], [-0.2628310118156666, 50.883948913844534], [-0.2626509418220242, 50.884069102451924], [-0.2625895491588567, 50.884108071445795], [-0.2625269581431279, 50.88414608318557], [-0.2624627043458051, 50.884182765326685], [-0.26239617421753725, 50.88421762707737], [-0.26232559807724254, 50.88425084356356], [-0.2622526782323873, 50.88428218752721], [-0.26217805608003225, 50.884312176969466], [-0.2621022212020624, 50.88434120464102], [-0.2619482769118386, 50.88439748094704], [-0.261167969713323, 50.88467146333589], [-0.2609333216762611, 50.884752341618444], [-0.2607758425153922, 50.88480354235564], [-0.26069640359650065, 50.88482739377343], [-0.26061620919445017, 50.884849382337435], [-0.2605349547803914, 50.88486875883343], [-0.2604522334174391, 50.88488453545502], [-0.26036793910443584, 50.884895887047804], [-0.26028218323245494, 50.8849036529411], [-0.2601953646535079, 50.88490881187837], [-0.2601077852015192, 50.88491210570904], [-0.26001967304855184, 50.884914089261436], [-0.25975358397657916, 50.884915737310116], [-0.25868524366032764, 50.884912468982506], [-0.25610614634361734, 50.884910204899036], [-0.2559284281393761, 50.88491088384069], [-0.2557509776331032, 50.88491316889313], [-0.2555740786924149, 50.88491875570992], [-0.255485980912501, 50.884923659617364], [-0.2553981813732568, 50.884930454699216], [-0.25522328837058705, 50.884948268123395], [-0.2549618876060659, 50.8849806220947], [-0.25461396021505434, 50.88502740947127], [-0.25313569348184983, 50.88522995983988], [-0.25278766997108204, 50.885275722894235], [-0.2526134084840718, 50.88529557752852], [-0.252526140747476, 50.88530382847141], [-0.25243873287369967, 50.885310349203145], [-0.2523511327604444, 50.885314490258395], [-0.25226284453771264, 50.885315725717554], [-0.25217435958391643, 50.8853145554317], [-0.2520857273063962, 50.885311631700546], [-0.25190815822250645, 50.88530236178834], [-0.2517303241356063, 50.88529049514192], [-0.2515523085889924, 50.885277374897164], [-0.2507502244313738, 50.885215021522406], [-0.25057298502918546, 50.8852032551642], [-0.25048504714938824, 50.88519870152272], [-0.2503978800241341, 50.88519563723624], [-0.25031183489462117, 50.88519473274183], [-0.2502273887663418, 50.885196903301754], [-0.2501451821380597, 50.88520337417661], [-0.25006605942614646, 50.88521576449965], [-0.24999234367392947, 50.885234882983276], [-0.24992159685375304, 50.88525969647936], [-0.24985302126159428, 50.885288675955685], [-0.249786007839688, 50.88532065565253], [-0.24972010204056963, 50.88535475827522], [-0.24965496250437538, 50.88539033378716], [-0.24946199449987444, 50.88550176792087], [-0.24888674932451613, 50.88584318556729], [-0.2481181193264038, 50.88629442461544], [-0.24792749233153882, 50.88640803162378], [-0.24773843020188419, 50.88652263463066], [-0.24635773218662524, 50.88736687139904], [-0.24551553196335898, 50.88787418248593], [-0.24486623237094468, 50.8882703509471], [-0.2447360054008211, 50.88834667021469], [-0.24467062781109608, 50.88838276932748], [-0.24460495018404044, 50.888416533663424], [-0.24453883507743163, 50.888446893323824], [-0.24447209654003724, 50.88847239249918], [-0.24440448214523955, 50.88849108123188], [-0.24433566131300657, 50.888500379410516], [-0.2442659026396038, 50.88849824923926], [-0.2441949528001499, 50.88848684978928], [-0.24412313608643024, 50.888468709040254], [-0.24405069953518, 50.88844574521742], [-0.2439778273010376, 50.88841939089737], [-0.24390465323293706, 50.888390704078944], [-0.24383127794222004, 50.888360453752554], [-0.2436841824077005, 50.88829730320739], [-0.2432422014064523, 50.888103046656774], [-0.24287392537762256, 50.887943023196826], [-0.24206410582709778, 50.88759552668446], [-0.24184585743384687, 50.887499112786486], [-0.24170356069958862, 50.88743238803896], [-0.2416342125562928, 50.887397639200145], [-0.2415658345934956, 50.88736129790995], [-0.24149879961205908, 50.88732392066391], [-0.24143273750604563, 50.88728579250989], [-0.24130248987468886, 50.887208085352746], [-0.24104537137913135, 50.88705003264595], [-0.24059751359927153, 50.88677148412243], [-0.23983096050608177, 50.886290643509774], [-0.23970215826402144, 50.886212369112606], [-0.23963702950762578, 50.88617458007712], [-0.23957107519946413, 50.88613831887293], [-0.2395039189454527, 50.88610428822991], [-0.2394350451126244, 50.88607344306799], [-0.23936376199818052, 50.88604706473725], [-0.2392891569138371, 50.88602684999204], [-0.23921149126931596, 50.886014291003356], [-0.23913057462179918, 50.88600776470295], [-0.2390472891168363, 50.88600562931722], [-0.23896230849098402, 50.8860066403385], [-0.23887613400408908, 50.886009864952214], [-0.2387891357620892, 50.886014615731575], [-0.23861367682078127, 50.88602683185713], [-0.23790743122586525, 50.886083858157875], [-0.23737851037309513, 50.88612514276218], [-0.2367621178661881, 50.886171736873344], [-0.23552957899071195, 50.88626316474563], [-0.2352667229554263, 50.886286003267536], [-0.23517964655997883, 50.886295040065164], [-0.23509303279693672, 50.88630529529263], [-0.23500705593940324, 50.88631722458559], [-0.23492192439653842, 50.886331185538126], [-0.2348374288609187, 50.88634681828641], [-0.23475339595767084, 50.88636366889269], [-0.23450292140194598, 50.88641849084228], [-0.23425351224814542, 50.88647611680971], [-0.23226023866757975, 50.88694258614899], [-0.2319275008897224, 50.88701881635262], [-0.23176025344844906, 50.88705435035794], [-0.23167614329008415, 50.88707068897548], [-0.23159153277010258, 50.887085553026566], [-0.23150623234398354, 50.887098392810934], [-0.23141938951051474, 50.88710883827361], [-0.23133184868606796, 50.887117231137644], [-0.23124380121182492, 50.88712413300631], [-0.23115539171648483, 50.887129970606985], [-0.2309778882096166, 50.88713963854717], [-0.22777132305685147, 50.887279448298465], [-0.22741555517003997, 50.88729721775524], [-0.22723825917400123, 50.88730876823854], [-0.22714991435738557, 50.887315917726745], [-0.2269767056958735, 50.887333387385404], [-0.2268041429230746, 50.88735379140804], [-0.2266319071370191, 50.88737569944165], [-0.22559960992487524, 50.88751391209729], [-0.22473861065768402, 50.88763198339795], [-0.22448071332274286, 50.88766544112893], [-0.22439503290928497, 50.88767527386643], [-0.22430962288868667, 50.88768386383846], [-0.22422460273692865, 50.88769065738436], [-0.2241401350490856, 50.88769490646682], [-0.2240564372174217, 50.887695616536156], [-0.22397379310961987, 50.8876914779594], [-0.2238910394073388, 50.88768121226987], [-0.22380937176821508, 50.88766595512199], [-0.22372849015498508, 50.88764707508172], [-0.22364817178543517, 50.88762560863208], [-0.2235682468779806, 50.88760232761023], [-0.22348859326171605, 50.8875778021105], [-0.22325047772769138, 50.88750032665315], [-0.22269584978641674, 50.88731506994348], [-0.2222201460293968, 50.887157697075295], [-0.22031646772033983, 50.88653269145968], [-0.21928609020799336, 50.88619295407216], [-0.21912696443517804, 50.88614175316181], [-0.21896672834468361, 50.88609250792843], [-0.21888585481629416, 50.88606921650625], [-0.21880419705863857, 50.88604730502457], [-0.21872145952603855, 50.88602729543056], [-0.21863708795791825, 50.886009548158], [-0.21855162942831002, 50.88599371411233], [-0.2184653839745111, 50.885979267382815], [-0.21829137491408523, 50.88595304484576], [-0.21811625553598032, 50.8859287791675], [-0.21627162977871844, 50.8856843200871], [-0.21460367928166782, 50.885461278442634], [-0.21319929987889252, 50.88527236618283], [-0.21293549162938344, 50.88523968201328], [-0.21275899872721654, 50.88522138925071], [-0.212670400585686, 50.88521422243934], [-0.21258265404703722, 50.88520889408493], [-0.21240647196196605, 50.88520211377857], [-0.21214127761196894, 50.88519712092449], [-0.2109013716528633, 50.8851866058926], [-0.20975004407235204, 50.88517515065982], [-0.20948455956652579, 50.885174078980796], [-0.20930784747543377, 50.885175645411685], [-0.20921965177913623, 50.885177750232266], [-0.20913161957624385, 50.8851811919594], [-0.2090432945225643, 50.885186297026976], [-0.208867090877896, 50.885200188044436], [-0.20860338144310114, 50.885225924754785], [-0.20632065720324627, 50.88547130829806], [-0.20605706005785523, 50.88549861751258], [-0.20579295985588952, 50.885523609952344], [-0.205527640640096, 50.885544398438164], [-0.20526181477450622, 50.885562862790415], [-0.20357677382917655, 50.88567326621447], [-0.2033109039460955, 50.88569138311646], [-0.20304573654557806, 50.8857120156795], [-0.20286993444784568, 50.885729253018035], [-0.2027834751950042, 50.885739521971274], [-0.20261132834216136, 50.885762811291386], [-0.202268536619656, 50.88581476295327], [-0.20107112726167284, 50.88600483761502], [-0.20081506069331642, 50.88604677117859], [-0.20055629738247344, 50.88609111494311], [-0.1994370378609469, 50.88628846733368], [-0.1985751420750857, 50.886439126483594], [-0.19831773072874107, 50.88648586535846], [-0.19814805783617115, 50.886519617468224], [-0.19806439144557245, 50.88653806273259], [-0.19798193867888556, 50.88655813444522], [-0.19790115767696378, 50.88658044691659], [-0.1978258572966003, 50.88660433992781], [-0.19775210471346902, 50.88663030764617], [-0.19767949299071805, 50.886657804895115], [-0.19753652162167293, 50.88671581649424], [-0.19732495849078802, 50.88680671172835], [-0.19690417144206016, 50.886991743211354], [-0.19669300536652562, 50.88708352366368], [-0.19655125570626636, 50.88714375223812], [-0.196405286659107, 50.88720404137174], [-0.19603749033066073, 50.887351959268265], [-0.19470954049053363, 50.887880587819176], [-0.19448766110694832, 50.887968075527944], [-0.1942641180434385, 50.88805373606038], [-0.19418883293442557, 50.88808144441143], [-0.1940339588878726, 50.88813605296409], [-0.1938776637065113, 50.888189103056895], [-0.1936419978782714, 50.88826733899803], [-0.19222345204343583, 50.888732468330176], [-0.19135132085321285, 50.88901419723305], [-0.1911937662338544, 50.889065950331556], [-0.19103949675348128, 50.88911939150658], [-0.1909647883628716, 50.889147358195494], [-0.19089272012089803, 50.889176680359995], [-0.1908244086334193, 50.88920792920789], [-0.1907613451038506, 50.8892418703155], [-0.19070549684263527, 50.88927951179373], [-0.1906579606927293, 50.88932218418801], [-0.19061777905009367, 50.88936863003265], [-0.1905829226204182, 50.889417809468675], [-0.19055185708126074, 50.88946893764413], [-0.19052343977557998, 50.88952142861252], [-0.1904968316768534, 50.8895748522648], [-0.19044680629532382, 50.88968334499889], [-0.1903516980629281, 50.88990273521708], [-0.19026028010970863, 50.890122716001066], [-0.1902185695344464, 50.89023309388539], [-0.19019990074620044, 50.890288541411536], [-0.19018325855727314, 50.89034412770413], [-0.19015442982315492, 50.89045586958549], [-0.1901172377737595, 50.890624331044584], [-0.19007217827911796, 50.890849912659235], [-0.18999698839153076, 50.89124641903661], [-0.18997373011051397, 50.89135869650508], [-0.18996066052144314, 50.89141397269619], [-0.18994589221816097, 50.8914682248861], [-0.18992858707254234, 50.891520942527684], [-0.18990758715612846, 50.89157142298224], [-0.18988131502734976, 50.891618709189245], [-0.18984765874689652, 50.891661517135866], [-0.1898038218593379, 50.891698149727574], [-0.18974806612462372, 50.89172700620292], [-0.18968227890308878, 50.89174977858173], [-0.1896091973614559, 50.891768126578654], [-0.1895308948114261, 50.89178330928563], [-0.18944892174512268, 50.891796266204096], [-0.18936442171791742, 50.891807690909815], [-0.18927822656975588, 50.891818084318416], [-0.18910295268141683, 50.89183709186325], [-0.1887486975575508, 50.891872370602925], [-0.1884829184043434, 50.891897323924596], [-0.18830549035593122, 50.891912258965995], [-0.18795004137105606, 50.8919382809565], [-0.186531085904444, 50.892036055808376], [-0.18139153670311173, 50.89239327670687], [-0.18112619413112702, 50.89241374084331], [-0.18094986921388384, 50.8924296747016], [-0.18077523402771442, 50.89244850520592], [-0.1806010956098731, 50.89246933026611], [-0.180253438611788, 50.89251347186061], [-0.17877679064268623, 50.892704675124456], [-0.1769522646899467, 50.89293948785974], [-0.17660567039879435, 50.89298652675992], [-0.17643339778182454, 50.893012583848005], [-0.17634696368183525, 50.89302691450361], [-0.1761748572531617, 50.89305745758049], [-0.1759177046216144, 50.89310577127813], [-0.17403550323436331, 50.893469278045124], [-0.17343583915463828, 50.89358398720411], [-0.17283520399611768, 50.89369763593005], [-0.17257881762752794, 50.8937474641103], [-0.17240996759176602, 50.893782941420355], [-0.17232685815663434, 50.89380211305003], [-0.17224514829668036, 50.893822807182175], [-0.17216539766239605, 50.89384563349848], [-0.17208834826218383, 50.893871399429685], [-0.17201466125604056, 50.893900733352496], [-0.1719436709923839, 50.89393300121283], [-0.17187463456451432, 50.89396739783884], [-0.1718069905252789, 50.89400331297757], [-0.17174032025986402, 50.8940402910644], [-0.17160874761345515, 50.89411618498119], [-0.17069840837925288, 50.89465896379902], [-0.17057055296149995, 50.894737618930236], [-0.17050772209557946, 50.89477755186799], [-0.1704460365816248, 50.894818123339626], [-0.1703859356958836, 50.89485957925142], [-0.17032822253212726, 50.89490178418171], [-0.17021706769381303, 50.8949885833081], [-0.17005604557745843, 50.89512197593057], [-0.16952991129868453, 50.895572629889756], [-0.1689007537315894, 50.896115220055606], [-0.16874074760981864, 50.89624876356387], [-0.16868591174993217, 50.896292102683304], [-0.1686297095524938, 50.896334371473266], [-0.16857156789235533, 50.896375118931275], [-0.16851071691330421, 50.896413743343366], [-0.1684461433157481, 50.89644945092375], [-0.16837743746787695, 50.89648142125896], [-0.16830504673071203, 50.89651050310582], [-0.16822996733590115, 50.896537478927556], [-0.16815296015648576, 50.89656294307816], [-0.16807459292773153, 50.89658734089766], [-0.16791534678067183, 50.89663416817622], [-0.16702734235937014, 50.896882225391764], [-0.16598044213401023, 50.89717745986487], [-0.16565779513171516, 50.897267327307645], [-0.16541448733533384, 50.89733219772116], [-0.16500636024386686, 50.897434615679174], [-0.16402271938080956, 50.897675087304805], [-0.16311681063759192, 50.897893140165394], [-0.16295365322580332, 50.89793412535239], [-0.16287324682133777, 50.897955502632286], [-0.1627941699235099, 50.897977865734774], [-0.16271703248838207, 50.89800165091736], [-0.16264265916938977, 50.89802744741031], [-0.1625721513010411, 50.8980560399089], [-0.16250696235750647, 50.8980884589969], [-0.16244897700422964, 50.89812503950842], [-0.16239617493013844, 50.89816536613923], [-0.1623471332038305, 50.89820844398704], [-0.16230077474528606, 50.8982535121448], [-0.16225630185051582, 50.89829999497527], [-0.16217094752550432, 50.898395591059476], [-0.16208875077869028, 50.89849292913193], [-0.16201006644462726, 50.89859064943086], [-0.16197294805709386, 50.8986393352855], [-0.16193826679891915, 50.898687733275956], [-0.16190713927599526, 50.89873568986496], [-0.16188111059062987, 50.898783010157125], [-0.1618622675292471, 50.89882944430142], [-0.16185338858096918, 50.898874665395766], [-0.16185811641432646, 50.89891824852448], [-0.16187991313636566, 50.898960589149944], [-0.16191576220440035, 50.89900124252761], [-0.16196186823636047, 50.89904065454252], [-0.1620153512334516, 50.8990791645655], [-0.16207405703556718, 50.899117026982616], [-0.16213638933649854, 50.89915443045854], [-0.1622011848179378, 50.89919151606677], [-0.1623350203205686, 50.89926511837374], [-0.16267436610564143, 50.89944881316147], [-0.16280534227071097, 50.89952373909265], [-0.16286800784659877, 50.899562066853214], [-0.16292770808376802, 50.89960131975934], [-0.16298326708745126, 50.89964187569751], [-0.16303311280592803, 50.89968423832699], [-0.16307517192753077, 50.89972907163816], [-0.16310713668031623, 50.89977581530765], [-0.16313164990777812, 50.899824942963605], [-0.16315070497157594, 50.89987583762849], [-0.16316582990600573, 50.899928028496454], [-0.16317818443612037, 50.899981163738], [-0.1631886345378217, 50.90003498160596], [-0.1632141529801024, 50.90019889193502], [-0.1632747784819819, 50.900640418561736], [-0.1632858044037894, 50.90074744765042], [-0.16328856223171193, 50.90079893900253], [-0.16328822985505254, 50.90084821401124], [-0.16328343824133476, 50.90089432203825], [-0.16327235213242175, 50.90093598612446], [-0.16325254248376203, 50.900971512912115], [-0.16322083554751038, 50.9009986878356], [-0.16317285023995567, 50.90101615066296], [-0.16311225168752239, 50.901024767634446], [-0.1630424957090776, 50.90102696238422], [-0.1629661999953634, 50.9010245670817], [-0.1628853183821334, 50.90101895217033], [-0.16280128907214056, 50.901011124945335], [-0.16271515500944844, 50.90100181736691], [-0.1625393349454074, 50.900980697558744], [-0.16191669735061212, 50.90090152099584], [-0.16094520440513702, 50.90078068124338], [-0.1603271248621143, 50.90070218361845], [-0.1601514575116799, 50.90068106480745], [-0.16006436943813684, 50.90067159286714], [-0.1599781626119132, 50.900663407531994], [-0.15989327271586762, 50.90065714445791], [-0.15981029982466144, 50.90065368064616], [-0.1597300614051531, 50.90065420695974], [-0.15965365160540756, 50.90066031876865], [-0.15958251401806028, 50.900674123590335], [-0.15951921063829985, 50.90069671596784], [-0.15946097645169374, 50.90072670843966], [-0.15940644332406245, 50.90076211188207], [-0.15935456920963947, 50.90080141249861], [-0.15930457077755614, 50.90084346927706], [-0.15925586412286563, 50.90088743750638], [-0.15920802254577993, 50.90093269625948], [-0.15906704004677522, 50.90107236206832], [-0.158787779876093, 50.901355078007995], [-0.15869607625862997, 50.9014493580073], [-0.15860714484210958, 50.90154423550159], [-0.15856459613868876, 50.901592168753766], [-0.15852403810193588, 50.90164064752089], [-0.1584862154352114, 50.90168989501218], [-0.1584519195542915, 50.90173980528512], [-0.15842034556867685, 50.90179049107575], [-0.15839077482615624, 50.9018417461672], [-0.1583355832334192, 50.901945379594004], [-0.15823276116768095, 50.90215482289016], [-0.15800832877204465, 50.90262833957332], [-0.1579561698917086, 50.90273268335551], [-0.15792874073280155, 50.90278429487872], [-0.15789983204864175, 50.90283528318237], [-0.15786880693368707, 50.902885373510856], [-0.1578348074968093, 50.902934194236565], [-0.15779669197929772, 50.90298125023418], [-0.15775296558454885, 50.903025892289875], [-0.15770129718436132, 50.903068443886845], [-0.15764382207413574, 50.903108509041914], [-0.15758212398382196, 50.903146789664135], [-0.15751740396083877, 50.903183814308896], [-0.15745056301550864, 50.90321997783428], [-0.15731297974152067, 50.90329076163936], [-0.1571021424493905, 50.90339486373909], [-0.15696048890888745, 50.903462588725546], [-0.1568894402547528, 50.90349537510899], [-0.15681817869987266, 50.90352691799578], [-0.15674659824308965, 50.9035566066987], [-0.15667453628932915, 50.903583597699715], [-0.15660176736141954, 50.90360674553683], [-0.15652798333725654, 50.90362451612939], [-0.15645278087324324, 50.903634889905824], [-0.15637670524675115, 50.9036362597064], [-0.15629922735015683, 50.903630368090724], [-0.15622072986565666, 50.90361917175285], [-0.15614150205088315, 50.90360416058889], [-0.15606176309466097, 50.903586451737304], [-0.15590134913777473, 50.903546032362925], [-0.155740310851739, 50.90350217201378], [-0.15437089298146597, 50.90311817253257], [-0.15404901673371393, 50.90302953494195], [-0.15388797126113465, 50.902988311207324], [-0.15380737800710625, 50.902969572207056], [-0.15372670480300277, 50.902952846008546], [-0.1536459211061565, 50.90293896425065], [-0.15356498110241507, 50.902929031630485], [-0.15348382640133407, 50.9029245023822], [-0.15340048340422371, 50.90292666984991], [-0.15331691852323023, 50.90293446446181], [-0.15323319374212013, 50.90294634474178], [-0.15314935577327568, 50.902961148208774], [-0.15306544144764464, 50.902978009233514], [-0.15289747804908466, 50.90301553820555], [-0.1527294364970771, 50.90305570481113], [-0.15222528938322724, 50.903179546811614], [-0.15197301011210035, 50.90323947471921], [-0.15180439004506208, 50.903276200741665], [-0.15171979928801665, 50.903292613546355], [-0.15163490939197108, 50.90330698182706], [-0.15154959908438395, 50.903318501714566], [-0.1514637075668081, 50.903326107048066], [-0.1513787493988165, 50.90332891974656], [-0.1512932279871448, 50.90332795102263], [-0.15120729694369667, 50.903324221718606], [-0.15112106945620637, 50.90331850907913], [-0.1510346344578866, 50.90331139717055], [-0.15086137549073714, 50.90329458611902], [-0.1493857354313787, 50.90313331245045], [-0.14921253126145215, 50.90311373451041], [-0.1490398732672276, 50.903092769750415], [-0.14886827887826626, 50.903069035888116], [-0.14878287424758393, 50.90305552976002], [-0.1486978271463797, 50.903041085489576], [-0.14852844171471438, 50.903010340484954], [-0.14827528299292908, 50.902961814424145], [-0.1460849010727069, 50.90253155286683], [-0.14498991492848404, 50.90231491762606], [-0.14482114933438273, 50.902283084994025], [-0.14473659181499654, 50.90226802864438], [-0.14465184564942, 50.90225390534547], [-0.144566831785875, 50.90224110372984], [-0.14448144601979834, 50.9022301461287], [-0.14439554911233993, 50.90222171633146], [-0.1443077055556379, 50.902216308910326], [-0.14421933558620353, 50.902213495011566], [-0.14413058203614193, 50.90221256025558], [-0.14395232304608122, 50.902214304566954], [-0.14368393428697238, 50.90222135092693], [-0.1431456251411701, 50.902238642207124], [-0.14278548874714042, 50.90224922703718], [-0.14197099975376976, 50.90226938205615], [-0.14179385826793167, 50.902276028446046], [-0.14170795327563268, 50.90228091409724], [-0.14162506752097817, 50.90228757351543], [-0.14154658440956508, 50.90229682021941], [-0.1414743868101761, 50.902309762316094], [-0.14141099719216105, 50.90232788351143], [-0.1413597518984731, 50.90235314678118], [-0.14132387677928926, 50.90238648686624], [-0.14129978755662392, 50.902426759953045], [-0.14128429521121452, 50.90247209085691], [-0.14127497429183136, 50.90252105477776], [-0.14127000570998532, 50.902572583257964], [-0.14126804199279702, 50.90262588543575], [-0.1412694667208269, 50.90273566094495], [-0.14128837356260363, 50.90312846541124], [-0.1413049465812879, 50.90351951380353], [-0.1413154649549687, 50.90368608178474], [-0.14132801891103883, 50.90379656971661], [-0.14133746289962437, 50.903851542231266], [-0.14134993870228044, 50.90390704039133], [-0.14136480492194628, 50.90396234361011], [-0.1413992517198118, 50.90407256633263], [-0.14143729806704694, 50.90418250214779], [-0.14151753558822475, 50.90440210958058], [-0.14166120404991742, 50.9047869266767], [-0.14187312560861093, 50.90534011086847], [-0.14191336025187545, 50.90544996834876], [-0.1419314613048558, 50.90550410052257], [-0.14194717912736987, 50.90555728718152], [-0.14195933692642013, 50.90560905871902], [-0.1419663123446152, 50.905658767090216], [-0.1419659063060938, 50.905705533130586], [-0.14195516784519085, 50.90574817801294], [-0.14193020546008017, 50.90578514507435], [-0.1418883736122431, 50.905814897481825], [-0.14183256308027253, 50.90583907915876], [-0.14176656295802556, 50.90585921336354], [-0.14169325144770248, 50.90587645910769], [-0.14161478450593704, 50.90589168536559], [-0.1415327539474527, 50.90590553395412], [-0.14144832398885443, 50.905918473348216], [-0.14127535877078912, 50.9059428577688], [-0.14092425763186553, 50.90598962862206], [-0.14066167917601635, 50.90602282278551], [-0.14048805818776983, 50.90604144103119], [-0.14040190346384454, 50.90604845339014], [-0.1403163479161831, 50.90605300669284], [-0.14023157120787186, 50.906054108480994], [-0.1401478113924415, 50.90605045360317], [-0.14006505679186337, 50.90604095499803], [-0.13998330021952704, 50.90602666969963], [-0.139902276672489, 50.90600890172336], [-0.1398217840297688, 50.905988640126964], [-0.1397416704760904, 50.90596662472098], [-0.13966182192542242, 50.90594340214977], [-0.13950261260931046, 50.905894814001535], [-0.1385498953516026, 50.90559435749343], [-0.13735855231671845, 50.90522333354986], [-0.1369607549527419, 50.90510077553946], [-0.13672251185789588, 50.90502954469757], [-0.13617069294854503, 50.90487132983445], [-0.13522290654340502, 50.904602528974756], [-0.13482746366378753, 50.90449129801982], [-0.13442036244837255, 50.904380249209694], [-0.13310601669492267, 50.90402833825664], [-0.13286098862476636, 50.90396050475914], [-0.13269925234775257, 50.903913163669735], [-0.13261972898723393, 50.90388858217753], [-0.132461967755343, 50.90383773268667], [-0.1321489524895268, 50.90373274727019], [-0.13043305890578516, 50.90314747910363], [-0.12949794683099308, 50.90282498004168], [-0.12926370303582507, 50.90274588705968], [-0.12910650325098671, 50.90269659026572], [-0.12902725028336104, 50.9026740991314], [-0.12894730830792833, 50.90265388876929], [-0.12886640423680418, 50.9026368622052], [-0.1287841778455859, 50.902624210254494], [-0.12869933825521118, 50.90261683934304], [-0.1286131502935932, 50.90261393086069], [-0.12852598316830557, 50.902614256606206], [-0.12843811895037038, 50.90261688806321], [-0.12834976425228664, 50.902621133518025], [-0.1281721610324072, 50.90263256803166], [-0.12728013754852485, 50.902701905289504], [-0.12647738055274685, 50.90276145878086], [-0.12621052521781664, 50.902782496770094], [-0.12603369724403232, 50.90279896016835], [-0.12594593363740536, 50.90280868490652], [-0.12585884466556532, 50.90281996301694], [-0.12577268365339353, 50.90283338536974], [-0.12568961374413412, 50.90284903354061], [-0.12560743676025624, 50.90286674380576], [-0.12552591285160156, 50.90288596098238], [-0.12536413615038497, 50.90292733210025], [-0.12512308132872405, 50.902993095945114], [-0.12400155535775405, 50.903307606682574], [-0.12360037404007798, 50.90341867334683], [-0.12335809840796165, 50.90348252908096], [-0.1231946849763002, 50.90352174072635], [-0.12311009152433025, 50.90354006312494], [-0.12293933077194197, 50.90357392297562], [-0.12268110375533287, 50.90362102194731], [-0.11861899480408263, 50.904329532815254], [-0.1182738728517064, 50.90439098707232], [-0.1180165154042876, 50.904440010156186], [-0.11776299466140523, 50.90449378321609], [-0.11742693491361476, 50.90456936948747], [-0.11482690774913107, 50.90516426811689], [-0.11373696834016835, 50.905416638954634], [-0.11356910914620508, 50.90545439368562], [-0.11340084121876237, 50.905489660410645], [-0.11331641844667417, 50.9055055382456], [-0.11323168934907576, 50.90551955406016], [-0.11314653175506174, 50.905530964636306], [-0.11306078396795492, 50.90553878770264], [-0.11297466697324093, 50.905542221127604], [-0.11288796337865567, 50.9055420914041], [-0.11280083398261283, 50.9055393706088], [-0.11271340005768728, 50.90553479572971], [-0.11253795459113598, 50.90552214060119], [-0.11236210039110521, 50.90550699409588], [-0.11112988850240595, 50.905393495982814], [-0.1087528627172822, 50.90518069781697], [-0.10725289807668571, 50.905047328342725], [-0.10610401121878817, 50.9049480405331], [-0.10592867893997117, 50.90493070210785], [-0.10584184688626752, 50.90492081976337], [-0.10575592572428745, 50.90490961467205], [-0.10567129903462477, 50.90489652714466], [-0.1055884833486107, 50.90488080601876], [-0.10550816138577229, 50.904861461073054], [-0.10543253581525945, 50.904838248713816], [-0.1053593114415215, 50.9048115450827], [-0.10528784596910033, 50.9047822848781], [-0.10521764981614441, 50.90475118187002], [-0.10514835287681648, 50.90471877138616], [-0.1050796829615626, 50.90468545109888], [-0.10494347680492509, 50.90461716763315], [-0.10413193428566733, 50.904199528146705], [-0.10379280499456159, 50.904026754898325], [-0.10358699736971343, 50.90392536660377], [-0.10344688174494106, 50.90386056315813], [-0.10337521594820046, 50.903829698596866], [-0.10330202121886672, 50.90380016302294], [-0.10315241399482943, 50.90374416451583], [-0.10292366699086732, 50.90366430605284], [-0.1016143688710081, 50.903224039119436], [-0.10138261340916663, 50.90314738789596], [-0.10122699555755024, 50.903097868322924], [-0.10106944003986128, 50.90305109059888], [-0.10098839672988709, 50.90302897296514], [-0.10082449371640757, 50.90298730452022], [-0.1006591659748982, 50.90294764941396], [-0.09791453430417953, 50.90231696898604], [-0.09641824377307821, 50.90197126794481], [-0.09616818423901241, 50.901915326722815], [-0.0960004939283034, 50.90188046292049], [-0.09591607924105575, 50.90186443825273], [-0.09583108873370194, 50.901849836119354], [-0.09574593473297643, 50.90183704515655], [-0.0956602103020273, 50.90182566143467], [-0.0954876313595473, 50.90180568581166], [-0.0952272942003229, 50.901779354347], [-0.0938350761898194, 50.901647757985074], [-0.09331306068663738, 50.901597300915654], [-0.09261688969766939, 50.901528538170815], [-0.09235602882060372, 50.90150415823644], [-0.09218250664707137, 50.901490640890344], [-0.09209598720712445, 50.90148559029668], [-0.09200972019376186, 50.90148233729487], [-0.09192380531999482, 50.90148158721219], [-0.09183837373983282, 50.90148426632156], [-0.09175226213500139, 50.90149125557274], [-0.0916666464002345, 50.9015017623919], [-0.09158138999153978, 50.901514823113835], [-0.09149639139937887, 50.901529708615854], [-0.09132687840692566, 50.90156292068901], [-0.09107318608586448, 50.901616820574574], [-0.09031271189219985, 50.90178251328508], [-0.08955205084897233, 50.901946465616795], [-0.08921340574980212, 50.90201793401604], [-0.08895810993592182, 50.90206875093672], [-0.08878960305661789, 50.90209938042647], [-0.08853562417298262, 50.902142758289386], [-0.0871771909020173, 50.90236631150338], [-0.08615860826932695, 50.9025362826996], [-0.08598876379857828, 50.902563661788086], [-0.08581873607148831, 50.90258899007903], [-0.0857335955454859, 50.90260022518761], [-0.08564832117051603, 50.902609958464986], [-0.08556285994594981, 50.90261760243722], [-0.08547714449817172, 50.90262238721309], [-0.08538913295654595, 50.902623682263666], [-0.0853008564118763, 50.90262200424978], [-0.08521238762776123, 50.90261817178368], [-0.08503507995359344, 50.90260635883513], [-0.08476866299651342, 50.902583517551406], [-0.08388000280509744, 50.90250065569964], [-0.08290259804672394, 50.9024115637203], [-0.08210262672664516, 50.90233977754257], [-0.08130197987348246, 50.90226931350743], [-0.08112449343459234, 50.902252841990624], [-0.08094796010822265, 50.902234591033334], [-0.08086036897810499, 50.90222420334844], [-0.08077349650026548, 50.902212473011694], [-0.08068763283043286, 50.90219885786344], [-0.0806031606510043, 50.90218264408794], [-0.08052051294994746, 50.90216328159205], [-0.08043925224764223, 50.90214132556115], [-0.08035899855678329, 50.902117489806805], [-0.08027946351816906, 50.90209231138721], [-0.08012174360877791, 50.90203942952359], [-0.07980859898557977, 50.90192936854523], [-0.07879253343232318, 50.90156815482885], [-0.07808919658230871, 50.90131700496205], [-0.0779324217006309, 50.901262603916564], [-0.07785371401037668, 50.901236360523576], [-0.07777464429905885, 50.901211200889556], [-0.07769504637838114, 50.90118762243071], [-0.07761469387284148, 50.90116630045509], [-0.07753328405021816, 50.901148140849976], [-0.07745041805849978, 50.90113434183416], [-0.07736562518054087, 50.9011258670825], [-0.07727937164190139, 50.90112176539048], [-0.07719205898955071, 50.90112083344521], [-0.07710399085404106, 50.90112216196295], [-0.07692643614317148, 50.901129065155594], [-0.0767478807091021, 50.90113896360131], [-0.07576340531114127, 50.90120075802282], [-0.07451167931952736, 50.90127698245476], [-0.07424352861394926, 50.90129261698548], [-0.07406481777131528, 50.90130167579914], [-0.07397549738431851, 50.90130533898119], [-0.07388621382820258, 50.90130808211858], [-0.07379698147608797, 50.90130953413441], [-0.07370782098920788, 50.901309205547136], [-0.07362025321531485, 50.901306756438785], [-0.07353275550999534, 50.90130257714813], [-0.07344530631371918, 50.90129713732806], [-0.07335789394839076, 50.90129079275885], [-0.07318313479468845, 50.90127638929765], [-0.07187232121692576, 50.90115606946113], [-0.07134654806091845, 50.9011093872297], [-0.07064297854725578, 50.90104928832007], [-0.07046865687310665, 50.901033066779284], [-0.07038267911727614, 50.901024047004135], [-0.07029806141075105, 50.90101398084016], [-0.0702154478456505, 50.901002374835905], [-0.07013571158441978, 50.900988555381694], [-0.07006003391160857, 50.90097161545474], [-0.06998998418407966, 50.90095034663441], [-0.06992762403537159, 50.90092316488433], [-0.06987586849859898, 50.90088976086605], [-0.0698314315364125, 50.90085072942838], [-0.06979234404177481, 50.90080758320796], [-0.06975706360730277, 50.90076150965383], [-0.06972437032087148, 50.90071344524301], [-0.0696015328922715, 50.90051507131062], [-0.06956884230076475, 50.9004669941815], [-0.06953356635787823, 50.90042089989489], [-0.06949448604975061, 50.90037772381606], [-0.06945005896906568, 50.90033864775892], [-0.06939831870364367, 50.90030518156825], [-0.06933571960307436, 50.90027781928103], [-0.0692653851095989, 50.90025638981223], [-0.06918939572139492, 50.90023929891855], [-0.06910933337168437, 50.90022533080355], [-0.06902638832825488, 50.900213575035345], [-0.0689414409400284, 50.90020335459633], [-0.06876793403784667, 50.90018568524235], [-0.06779806794134835, 50.90010045436654], [-0.06683243560480377, 50.90001197816184], [-0.06175043427719515, 50.89954066085011], [-0.061487911516865904, 50.89951538698954], [-0.06122636702190923, 50.89948713588474], [-0.06113964366438782, 50.89947632777179], [-0.06096767018638474, 50.899451905971056], [-0.0607965150736041, 50.89942499812427], [-0.060625774084185444, 50.89939682684864], [-0.0580686199149414, 50.89896213982014], [-0.057045990371927154, 50.89878709052584], [-0.05687542275734827, 50.898758488278055], [-0.05670457486840834, 50.89873113641316], [-0.056533126904840574, 50.89870645700267], [-0.05644700991012659, 50.89869586513509], [-0.0563604967583927, 50.898687037538195], [-0.05627257055669108, 50.898680300552606], [-0.056184240113129016, 50.89867536070021], [-0.05600678421694014, 50.89866902257257], [-0.05582872375460485, 50.89866537561341], [-0.055650383017875046, 50.89866297395723], [-0.05404433991862869, 50.89864570967722], [-0.05145738054655486, 50.8986139578213], [-0.05118996286627506, 50.898612796934536], [-0.05101194192977858, 50.898614800299825], [-0.05092307609031312, 50.898617367961315], [-0.05074877328076964, 50.898626267524854], [-0.05057477949172786, 50.89863849790647], [-0.05031405336196016, 50.898659729256615], [-0.04918469857328587, 50.89875752115873], [-0.04814178237621988, 50.89884616008348], [-0.0478817066267174, 50.89887003490549], [-0.04770923907531073, 50.898888376131474], [-0.047623535305661706, 50.898898944726376], [-0.047538365135255084, 50.898910920651375], [-0.04745447596244276, 50.89892450333409], [-0.047371110507438245, 50.89893947294837], [-0.04728812683643349, 50.89895545443122], [-0.047122883536551245, 50.8989893765381], [-0.04687586300309948, 50.89904265788943], [-0.046217614393833734, 50.89918697569034], [-0.046053449072268327, 50.89922345279241], [-0.045890308728491314, 50.899261011418844], [-0.045729469868444526, 50.89930104245771], [-0.04565059239660557, 50.899322722216496], [-0.045573292366403076, 50.89934611069106], [-0.04549814829286774, 50.899371834486985], [-0.045424880800002475, 50.899400712269326], [-0.0453538114846012, 50.89943197125451], [-0.04528435015357109, 50.89946497236689], [-0.0452160485475604, 50.89949922950124], [-0.045081669564219135, 50.899570150969396], [-0.04488285891712975, 50.89967950877101], [-0.044355146298422375, 50.89997377087934], [-0.04415452285105687, 50.90008131478994], [-0.04408643773904674, 50.90011592612759], [-0.04401730788634554, 50.90014947177045], [-0.04394673174605083, 50.90018154210986], [-0.0438741802104388, 50.90021159779982], [-0.043797687765693635, 50.900239737422666], [-0.04371915345031266, 50.90026579611797], [-0.04363913871131496, 50.90029034496389], [-0.043558067553564075, 50.90031381680065], [-0.04339393726628543, 50.90035873108765], [-0.04314538690191007, 50.900423700871514], [-0.04123486163374294, 50.900916565890164], [-0.04106950245120183, 50.900960304604155], [-0.040905386536976784, 50.90100548850403], [-0.040824175242045374, 50.90102906478896], [-0.04074384519439987, 50.90105366422038], [-0.04066472966899671, 50.901079674304924], [-0.04058945623807941, 50.90110653927214], [-0.04051533175241644, 50.90113474010609], [-0.04044204539491207, 50.90116391818994], [-0.04029709144403956, 50.9012241727476], [-0.039292801007536425, 50.90165959440433], [-0.03914993923293712, 50.901722187501335], [-0.03900887319063582, 50.90178580818869], [-0.03893965170976396, 50.90181837424226], [-0.03887184238056282, 50.90185175436687], [-0.03880602551462367, 50.90188628507532], [-0.038742972764853535, 50.9019224105185], [-0.03868369383755634, 50.90196071364375], [-0.03862754464071335, 50.902002836791105], [-0.038575353421048536, 50.902047251477036], [-0.03852603950518667, 50.90209334132102], [-0.03847878452800569, 50.90214064403803], [-0.03843298032997028, 50.90218881574725], [-0.03830038180750945, 50.90233639373493], [-0.038170687538364695, 50.90248627414027], [-0.03786920753911022, 50.90283891168657], [-0.037782181449333624, 50.902937657878624], [-0.037738132559393414, 50.90298543673877], [-0.03769347371335731, 50.90303134040565], [-0.03764791834865121, 50.90307444830878], [-0.03760106671503365, 50.903113490912055], [-0.03755237712832129, 50.903146741510966], [-0.037501120156504315, 50.90317188820244], [-0.03744633280566117, 50.90318587242866], [-0.037388825356106825, 50.90318636302367], [-0.037327946529312483, 50.90317618402575], [-0.037264600928721775, 50.903158189491705], [-0.037199478460505656, 50.90313455650111], [-0.03713309835091988, 50.903106922253286], [-0.03706584597715232, 50.903076505866956], [-0.036929776364440295, 50.903010649232414], [-0.03644882105628874, 50.90276657098593], [-0.03624141443020701, 50.90266373590464], [-0.036101514401138166, 50.902597277614746], [-0.03603060947743908, 50.90256506164544], [-0.035882777324399685, 50.902501564956715], [-0.03573277573993655, 50.90244026739663], [-0.03550600323299474, 50.902350188428905], [-0.034975264190065934, 50.902141941368036], [-0.03474726638108322, 50.902053631633954], [-0.03459420513477287, 50.90199639940855], [-0.03451698595294246, 50.90196882850216], [-0.03443903105088922, 50.9019423690958], [-0.03436004578123196, 50.90191746704444], [-0.03427963758013891, 50.90189471040111], [-0.03419698359086903, 50.901874461177165], [-0.03411289050048223, 50.90185638059499], [-0.034027756262692874, 50.90183987210808], [-0.03394187821984012, 50.90182448419882], [-0.03376872615221195, 50.90179581356781], [-0.033507353235434065, 50.90175528953147], [-0.032547256317670636, 50.90160933109968], [-0.030367284074980492, 50.901274737295566], [-0.03010596326050097, 50.901234032648965], [-0.029932271305383885, 50.901205839240035], [-0.029759547734104372, 50.90117569128069], [-0.029673808031838094, 50.90115935987683], [-0.02958868098055879, 50.90114191069995], [-0.02941966295983966, 50.90110450938703], [-0.02916772684517071, 50.901045134500265], [-0.028078185389888863, 50.90078178202326], [-0.027828583996609393, 50.90071925904573], [-0.027665327770140052, 50.90067453942885], [-0.027585602288674446, 50.90065033750671], [-0.027507849507568162, 50.900624224638904], [-0.027432813231884585, 50.900595479618765], [-0.027361842731164033, 50.900563871860165], [-0.02729354561673887, 50.90052967329612], [-0.02722720143977035, 50.90049358076468], [-0.027162264922820083, 50.900456123976554], [-0.02703506797017294, 50.90037861385215], [-0.02665950031616978, 50.900140319819386], [-0.02653206980154395, 50.900063207450366], [-0.02646691499399908, 50.90002612763529], [-0.026400243830220233, 50.89999060069282], [-0.026331467015445077, 50.899957232264505], [-0.026259809303545024, 50.899926818919475], [-0.026185813276966993, 50.89990039007926], [-0.02610901360838112, 50.899876836451256], [-0.026030156797808804, 50.899855390368], [-0.025949811478779214, 50.89983546602207], [-0.025868406147741406, 50.89981662377428], [-0.025703595835826792, 50.89978096693237], [-0.025203276443375743, 50.899679678169335], [-0.02419608983839709, 50.89948028230524], [-0.024030007512059224, 50.89944604498626], [-0.023948465637095927, 50.89942817025282], [-0.02386865751059725, 50.89940942472068], [-0.02379140688773511, 50.8993893965047], [-0.023717837560911677, 50.89936752131602], [-0.023649465886327464, 50.89934304110316], [-0.023588308581799597, 50.89931494512963], [-0.023537011185813313, 50.899281907084905], [-0.02349700651127247, 50.89924198424162], [-0.023467222868006336, 50.89919693970278], [-0.023444875478679655, 50.89914817058081], [-0.02342785779396562, 50.899096734058865], [-0.02341459866037389, 50.89904341764283], [-0.023403944641098073, 50.898988802048244], [-0.023387347367892136, 50.898877230210125], [-0.023373911266205607, 50.898764110260736], [-0.023330859506210163, 50.89836641690654], [-0.023316318476693642, 50.89825373083969], [-0.023297453855747212, 50.89814272550831], [-0.023284957391824523, 50.89808840064034], [-0.023269169500703447, 50.8980353346267], [-0.02324872204820455, 50.89798404814974], [-0.023221778877894006, 50.897935240930344], [-0.023185908250262198, 50.89788983818744], [-0.02314131408295053, 50.89785025352719], [-0.023088437448700275, 50.89781382634095], [-0.02302945945703075, 50.89777972264099], [-0.02296605097437657, 50.89774730447115], [-0.022899481320236455, 50.89771608798116], [-0.022760390673219003, 50.89765591103712], [-0.022617112080366642, 50.89759732382462], [-0.022326642731569053, 50.89748182171193], [-0.022107799653606323, 50.89739633999231], [-0.021960916121501813, 50.89734080914202], [-0.021811995210347, 50.89728788392116], [-0.021732887769784395, 50.8972618382903], [-0.021572555559567275, 50.897212335120756], [-0.021247948433338933, 50.897118236346806], [-0.020351817851993765, 50.89686392416968], [-0.020107114073656326, 50.89679532101052], [-0.019943211060176803, 50.896751206137644], [-0.019860781649681095, 50.896730162590295], [-0.019777851877602226, 50.896710186481016], [-0.01969422591117281, 50.89669169538498], [-0.01960965132380851, 50.89667523945915], [-0.019528204670270895, 50.896661903718574], [-0.01944589114246751, 50.89665042977736], [-0.01936293531923946, 50.89664033037242], [-0.019195792082529417, 50.89662280357942], [-0.018776851970000456, 50.896583076761914], [-0.018694032690697897, 50.8965740413935], [-0.018612050641223427, 50.896563947071236], [-0.01853126784267414, 50.89655232805948], [-0.018452156808856496, 50.89653857980775], [-0.018375339173961995, 50.896521913623694], [-0.01830161713353197, 50.89650131191157], [-0.01823111375680226, 50.896475748574304], [-0.018163745500375843, 50.89644619247076], [-0.018098689507511687, 50.89641367761899], [-0.01803530887263421, 50.89637900630385], [-0.017911708774365195, 50.89630554334902], [-0.01766854650504695, 50.896153142108524], [-0.017607161926753434, 50.89611581837779], [-0.01754499581415176, 50.89607957851036], [-0.017481675366379738, 50.896044978337315], [-0.01741672267978182, 50.8960127397034], [-0.017349523306643116, 50.89598380939306], [-0.017279284932890365, 50.89595942485566], [-0.017206321070543856, 50.89594088813391], [-0.017130470921223363, 50.895927433198004], [-0.017052595969245184, 50.89591854501718], [-0.016973396900545386, 50.89591408874436], [-0.016893454925079227, 50.89591430121765], [-0.01681146479079767, 50.89591956148928], [-0.016729339010887644, 50.89592887461635], [-0.016647152145541674, 50.895941122704265], [-0.01656495450043061, 50.89595546322408], [-0.016482774821594708, 50.89597127008666], [-0.016318531346615216, 50.89600557228585], [-0.015662823172974405, 50.896151495024036], [-0.015416557224351132, 50.89620328891926], [-0.015334197882462422, 50.89621912006118], [-0.015251606775256, 50.896233709229016], [-0.015168697664410301, 50.89624656915548], [-0.015085364548768007, 50.89625704882854], [-0.015001468189445623, 50.89626429609677], [-0.014915656621911364, 50.89626764691685], [-0.014829247674740743, 50.8962677013096], [-0.014742367112027217, 50.896265363554505], [-0.014655117341740003, 50.89626131809347], [-0.014567589992049755, 50.89625607202523], [-0.014304333308158657, 50.89623621922952], [-0.014043701501486153, 50.89621243937775], [-0.013958983183686297, 50.89620329061903], [-0.013876410042755036, 50.89619305626821], [-0.0137969998699707, 50.89618123715682], [-0.013722144155670425, 50.89616713524192], [-0.01365371319227778, 50.896149802045514], [-0.013594193516491824, 50.89612797009573], [-0.013546847809437218, 50.89609997303596], [-0.01351483993755791, 50.896065253893404], [-0.013494596402600026, 50.89602457528878], [-0.013483035084922589, 50.89597950950656], [-0.013477788025343013, 50.89593126111548], [-0.013477055000078186, 50.89588074345815], [-0.013479474163128254, 50.89582864267553], [-0.013489885637254333, 50.89572159831446], [-0.01351518668723745, 50.89550403955994], [-0.013519307259456843, 50.895450015311866], [-0.01352123773898587, 50.89539647487895], [-0.013520023216743532, 50.895343633571834], [-0.013514417729355367, 50.895291759962724], [-0.013502795326208518, 50.89524120251605], [-0.013483041373102161, 50.89519240941999], [-0.013452556145636398, 50.895144530773024], [-0.013413587228615579, 50.89509848391192], [-0.01336841274961222, 50.89505377702831], [-0.01331876915204895, 50.895010032766024], [-0.01326596078977817, 50.894966966124635], [-0.013154463693336487, 50.89488206566136], [-0.01268740172932731, 50.894545419409084], [-0.012280214275657647, 50.894247535753], [-0.012164003718945729, 50.89416409584934], [-0.01210564107325466, 50.89412377141965], [-0.012046945152573691, 50.89408508051392], [-0.011987734497255965, 50.894048811301936], [-0.011927764765524228, 50.89401604263105], [-0.011866707173974107, 50.893988230719174], [-0.011804124243085901, 50.893967315679085], [-0.011739441051050466, 50.893955848440015], [-0.011670938222423313, 50.893955990094845], [-0.011600268657330435, 50.89396588213271], [-0.01152803243039967, 50.893982854072505], [-0.011454684089128852, 50.894004884777765], [-0.01138055780683837, 50.8940304596705], [-0.01130589343368649, 50.89405845684124], [-0.011230857158002917, 50.89408804619076], [-0.010852105874653127, 50.89424235801837], [-0.010775379867895816, 50.894271939318415], [-0.010697997192693709, 50.894300186787866], [-0.010619675778024782, 50.89432653608081], [-0.010540032043261757, 50.894350252301564], [-0.010458556643616954, 50.89437037560963], [-0.0103747995231446, 50.89438613711448], [-0.010289203551313868, 50.89439831988093], [-0.01020227178463247, 50.894407897354206], [-0.01011438510880314, 50.89441561066662], [-0.010025825594847904, 50.89442201396719], [-0.009847444433915324, 50.894432426057215], [-0.009128121165121315, 50.89446675262103], [-0.008405783150201462, 50.894504417074316], [-0.008228084708896325, 50.894511525795195], [-0.008141172705184534, 50.8945133808845], [-0.008056458878936733, 50.89451329929228], [-0.00797495113992971, 50.89451038633746], [-0.007898027503844428, 50.89450342550232], [-0.007827533110252298, 50.89449078720668], [-0.0077659140716496025, 50.89447031435041], [-0.007716440255704534, 50.89444121423109], [-0.007675429468014424, 50.894404648390825], [-0.007640617954127275, 50.894362615827326], [-0.00761028993182017, 50.89431664128647], [-0.00758316440349881, 50.894267870453], [-0.007558307121281897, 50.89421715210906], [-0.007512970945534358, 50.894112175030365], [-0.007471367269759941, 50.89400479865176], [-0.0074330226818551575, 50.89389642647424], [-0.007399477792508713, 50.89378748062377], [-0.007372531028943135, 50.893676978006134], [-0.007339764080649817, 50.893510818451375], [-0.007214458979989909, 50.89279257364806], [-0.006999760728768239, 50.89157980087609], [-0.006958573871280353, 50.89135952041538], [-0.006922611615511357, 50.891194804357426], [-0.006877775801380445, 50.89102995455312], [-0.0068281690347649195, 50.89086556939066], [-0.0065539906336295785, 50.889989744827204], [-0.006350453051513391, 50.88933251298354], [-0.006280047591100444, 50.88911389869546], [-0.006241170302250276, 50.88900526353188], [-0.006219771533858483, 50.88895130541364], [-0.0061963892853422724, 50.888897711041935], [-0.006171775446538657, 50.88884691318145], [-0.006145322756376666, 50.88879645244135], [-0.006117510016875804, 50.888746242120305], [-0.00605916982904542, 50.888646322264414], [-0.005967936928794793, 50.888497147602294], [-0.005874230068237725, 50.888348518749254], [-0.005810147849127151, 50.88824986175596], [-0.005743686891169288, 50.888151864180706], [-0.005669928918122004, 50.88804961961636], [-0.0055549885792058225, 50.8878974554382], [-0.0050851607024670386, 50.887291633490555], [-0.004929873430882537, 50.88708930119897], [-0.004817315424102142, 50.88693644703791], [-0.004781511271822294, 50.88688501572895], [-0.0047148257350233215, 50.88678332375641], [-0.0046197148076695714, 50.88662932780737], [-0.004402053912653887, 50.88626763610975], [-0.0042130771229568955, 50.88595660495939], [-0.004152269263066576, 50.88585302662346], [-0.004123619293704155, 50.885801402000794], [-0.0040970174831905974, 50.885749989273926], [-0.004073449283408539, 50.88569890745462], [-0.004054259472312765, 50.88564831975936], [-0.004041259053518416, 50.88559845117808], [-0.0040368582069379814, 50.88554960660923], [-0.004044219002354425, 50.88550218899542], [-0.004065093154607923, 50.88545781633418], [-0.004097164806914648, 50.885414821334656], [-0.004137513536210485, 50.88537285659916], [-0.004183899842531639, 50.88533168183935], [-0.004234639384720385, 50.88529115424272], [-0.0042884844028416745, 50.8852512256393], [-0.004344537479961957, 50.88521194760274], [-0.0044021805751113035, 50.88517347711769], [-0.004461021124524851, 50.885136100949886], [-0.004520854312331099, 50.88510025774865], [-0.00458163432444472, 50.885066579418485], [-0.004643470755344995, 50.88503594099186], [-0.004706618726574273, 50.88500952353612], [-0.004771490564800098, 50.88498889122864], [-0.0048386728699606665, 50.88497608656676], [-0.0049115648670726665, 50.884972795007485], [-0.00498689848509542, 50.88497788479624], [-0.005063979326372825, 50.88498908448304], [-0.0051422854696911305, 50.88500467064324], [-0.005221431537795536, 50.88502335113281], [-0.005301133663069967, 50.88504417271199], [-0.005461457788446531, 50.88508965371878], [-0.006184651897833595, 50.885307603989936], [-0.006345355112251918, 50.88535489598911], [-0.006506630553554843, 50.88540058751361], [-0.006669265145832684, 50.88544321188951], [-0.006751495130305973, 50.88546258813854], [-0.006834653972811472, 50.88548003298971], [-0.00692045745547171, 50.885495384929364], [-0.007007228423705956, 50.88550876863851], [-0.007094709959344343, 50.88552074007285], [-0.007182708924577494, 50.88553172314145], [-0.0073597255445856805, 50.88555190919871], [-0.007983344099644605, 50.885617573471706], [-0.008249824837118572, 50.88564305889432], [-0.00833785704001097, 50.885649935479], [-0.008425108606925701, 50.88565523204659], [-0.008511205838703548, 50.885658206194314], [-0.008595640288887332, 50.88565784972731], [-0.008677723847967061, 50.88565280818408], [-0.008756539336039575, 50.88564128902655], [-0.00882844677959943, 50.8856227436643], [-0.008897305341077168, 50.88559814911584], [-0.008963932487364734, 50.88556911315991], [-0.009028939971219022, 50.88553686104045], [-0.00909275988227718, 50.885502311407365], [-0.009155671596569765, 50.88546614035554], [-0.009279213304327374, 50.88539070045723], [-0.009399082699217317, 50.88531270564331], [-0.009456821015792349, 50.88527293687479], [-0.009512263238486234, 50.88523256677669], [-0.009564455356481531, 50.8851914179623], [-0.009612093016026233, 50.885149209333186], [-0.009653437976969801, 50.88510554417769], [-0.009686205823593608, 50.88505988806765], [-0.009708463381377153, 50.885012070412095], [-0.009722228266468062, 50.884962279925034], [-0.009729757945172215, 50.884911048758916], [-0.009732778979477635, 50.88485878098743], [-0.009732592129914761, 50.884805783208364], [-0.009726183548654775, 50.88469844601503], [-0.009709103880174303, 50.884536008474996], [-0.009687317937900196, 50.884373538064644], [-0.009668872830164836, 50.88426585189883], [-0.009657419310305698, 50.88421237341837], [-0.00964366520497989, 50.88415925248846], [-0.009626749928201605, 50.88410660642531], [-0.009605025071363443, 50.8840523360266], [-0.009579888413082514, 50.88399857223067], [-0.009552278692825636, 50.883945179021254], [-0.009492282909944718, 50.883839122383016], [-0.00942873967999257, 50.883733622045625], [-0.009133555972594255, 50.883260501509305], [-0.009039108001931804, 50.883102443910644], [-0.009009690871314818, 50.88304955294998], [-0.00898212516851575, 50.882996478868236], [-0.008957178953086193, 50.882943146286536], [-0.008935884389257668, 50.88288945375504], [-0.008919602424733001, 50.882835266951716], [-0.008909603277307929, 50.88278168311294], [-0.008904437964430936, 50.88272762257087], [-0.008902829081762752, 50.88267321001022], [-0.008903801957219308, 50.8826185417786], [-0.008906622667205287, 50.88256368871978], [-0.008915757635322591, 50.88245363215117], [-0.008950729947656895, 50.882122770568], [-0.008958921684721857, 50.88201299577341], [-0.008960796468730952, 50.881958424250726], [-0.008960305090251905, 50.88190419102334], [-0.008956489046948686, 50.88185043438352], [-0.008948079917552677, 50.88179733626508], [-0.008933409530654201, 50.881745136979866], [-0.008910936377200591, 50.88169364439645], [-0.008882128304349023, 50.881643061420405], [-0.0088486957044064, 50.88159314321028], [-0.00881193933793663, 50.8815437021672], [-0.008732099770439684, 50.881445729025145], [-0.008604702493473101, 50.88129986789893], [-0.008171172842417754, 50.880814994856465], [-0.007913715681987761, 50.880523573127654], [-0.007787746726306064, 50.88037703860871], [-0.007706747433789688, 50.880278411776814], [-0.007667211679800277, 50.880227949123416], [-0.007553007959403955, 50.88007516086875], [-0.007441960918941517, 50.879921356992284], [-0.007039980998979143, 50.87935515132843], [-0.0066778233955467935, 50.87883750477255], [-0.0066030691908517776, 50.87873573628612], [-0.006564155969384354, 50.87868604848492], [-0.006523520677514436, 50.8786377084945], [-0.006480385374188895, 50.87859132733604], [-0.006433699030570556, 50.87854773255324], [-0.006382053088243748, 50.87850803339551], [-0.006323590729574935, 50.87847369507052], [-0.006256518917190672, 50.87844580642814], [-0.006182554331644372, 50.87842332511962], [-0.006103547502389998, 50.87840478085189], [-0.006020892614789623, 50.87838906381822], [-0.005935631714542843, 50.878375344213445], [-0.005848532861234712, 50.87836300875213], [-0.00567095209924941, 50.87834080910786], [-0.005401429666236855, 50.8783097252804], [-0.005223336864505872, 50.87828818991193], [-0.005136108653815782, 50.87827649605642], [-0.005051080417217201, 50.87826372525872], [-0.004969354387615574, 50.87824937702447], [-0.004892449616135944, 50.87823276891225], [-0.0048224331262662935, 50.87821298098583], [-0.0047620870004173406, 50.87818878326116], [-0.004715101517798841, 50.8781585540839], [-0.004686043713287471, 50.87812365492447], [-0.004668962248179482, 50.878083439039436], [-0.0046608567493691576, 50.87803932401407], [-0.004659478733721658, 50.87799243609566], [-0.004663203148887691, 50.87794367877734], [-0.004670934050208312, 50.8778937968478], [-0.004682035430505364, 50.877843433638695], [-0.004696285405862278, 50.877793184872], [-0.004713857351118823, 50.87774364853942], [-0.004735326188117609, 50.87769547648285], [-0.004761697131577018, 50.87764942710853], [-0.004794458689987786, 50.87760641980176], [-0.00483565722557126, 50.877567592175964], [-0.004887457678098718, 50.877533563207976], [-0.004947697802723424, 50.877503834107195], [-0.005014131811268544, 50.87747730525174], [-0.005085036734967629, 50.87745312188239], [-0.005159109118332228, 50.877430628758596], [-0.005235373391014709, 50.877409326513884], [-0.005391767387023249, 50.87736886004429], [-0.00570923200842975, 50.8772901421401], [-0.005866819865480923, 50.877249237980074], [-0.00602528178327447, 50.877204461816135], [-0.006184434505536016, 50.877155599944686], [-0.006341978345129379, 50.877104940055546], [-0.006576726095169067, 50.87702736102417], [-0.008367750277722918, 50.87642657176774], [-0.009382126099905764, 50.87609345899184], [-0.009617013088828948, 50.87601753117466], [-0.009774526385687606, 50.875968943542006], [-0.009853826964026126, 50.87594594975043], [-0.009933686294459215, 50.87592434243473], [-0.010014311887849845, 50.87590468390104], [-0.01009597503538801, 50.87588771897826], [-0.010179026978338772, 50.87587442206593], [-0.010262624198694462, 50.87586567176826], [-0.010347578773431019, 50.875860507294966], [-0.010433544851165925, 50.87585798145861], [-0.01052023497102808, 50.87585735680159], [-0.010607394909772158, 50.87585805288041], [-0.010955309724391123, 50.875865518154804], [-0.011040197823775718, 50.875866617823085], [-0.011123026984546352, 50.87586648631633], [-0.01120278929692624, 50.87586445703161], [-0.011278129203195496, 50.87585965646906], [-0.011347227614831498, 50.875850935644195], [-0.011407678843574208, 50.875836784494055], [-0.01145633339599981, 50.875815233811764], [-0.011489460568729236, 50.875786157181686], [-0.011511620210162554, 50.87575021212491], [-0.011525607877433588, 50.875709153566056], [-0.011533575035690906, 50.87566434077821], [-0.01153715392379387, 50.87561681503984], [-0.011537557267357296, 50.875567363120766], [-0.011535663618742548, 50.875516575098935], [-0.011527218556762753, 50.87541262380948], [-0.01151433851221278, 50.87530723930123], [-0.011497031569933194, 50.87520164085319], [-0.011485685847892354, 50.8751461833055], [-0.011459596077091011, 50.87503567557692], [-0.011416341297851585, 50.87487077935822], [-0.01126742847153733, 50.874324895412315], [-0.011210570503917711, 50.8741069629217], [-0.01118503589198937, 50.87399786251485], [-0.011173793476214772, 50.8739432317211], [-0.01116410155259695, 50.87388851866821], [-0.011156518873297404, 50.87383369331197], [-0.011151443391930083, 50.873777925195206], [-0.01114854363019953, 50.873722034001965], [-0.011147134173520298, 50.87360996457976], [-0.011149253299273182, 50.87349758594499], [-0.011153279548363915, 50.873384934375], [-0.01117447709413924, 50.872933091852346], [-0.011175761684988569, 50.872822072088724], [-0.011173764730107583, 50.87276785657136], [-0.011168815911197675, 50.87271509559899], [-0.011159590213240209, 50.87266444732216], [-0.011144293700598178, 50.87261680174759], [-0.011120526973124193, 50.87257334933115], [-0.011085125266077281, 50.872535659774734], [-0.011036140133653251, 50.87250530448432], [-0.01097573921058139, 50.87248060267361], [-0.010906999226720514, 50.87246002604111], [-0.010832263886631152, 50.87244241248634], [-0.010753289396772463, 50.8724268867482], [-0.010671380110829529, 50.87241280145038], [-0.010587488243092667, 50.872399680980536], [-0.010416302587610782, 50.87237506074482], [-0.009896199597649159, 50.87230371861922], [-0.009464771106038068, 50.872243115991246], [-0.00920700762009785, 50.872208756610185], [-0.00912122120541575, 50.87219861562491], [-0.009035495876169595, 50.87218969003678], [-0.008949833428986904, 50.87218249684479], [-0.008864236558825685, 50.87217772368031], [-0.008778715147154005, 50.87217627132304], [-0.008692915257748799, 50.87217888579283], [-0.008607183640289609, 50.87218484941379], [-0.008521502328467798, 50.87219325460341], [-0.008435857847593735, 50.87220341373014], [-0.008264643446038125, 50.87222706071744], [-0.007922358373328994, 50.87228011532078], [-0.006210924026612287, 50.872553515351846], [-0.006039812032992427, 50.87258014678103], [-0.005868858142861714, 50.8726048088575], [-0.005783497529603726, 50.87261570200264], [-0.005698261782175637, 50.87262504019691], [-0.005613203002875816, 50.8726321749321], [-0.0055283921586082784, 50.872636241152435], [-0.005443919979179724, 50.8726361011334], [-0.005358271905017163, 50.87263068971001], [-0.005272974173856102, 50.87262093542787], [-0.005187929767609876, 50.87260803326501], [-0.005103065922713482, 50.87259288739108], [-0.005018329638571531, 50.872576171256505], [-0.004849087039044752, 50.872539869424095], [-0.003919337008194086, 50.872326811144724], [-0.002651363188045252, 50.87203918378539], [-0.0018909455882310372, 50.871865366053584], [-0.001721866482075955, 50.87182717592911], [-0.0015524891352512035, 50.871790311159536], [-0.0013824218823224091, 50.87175650869694], [-0.0012969175386288668, 50.871741696444154], [-0.0012109236131172593, 50.871729054807176], [-0.0011242550528187641, 50.871719408612265], [-0.001037209200072561, 50.871713448899975], [-0.000949494102488949, 50.87171045855607], [-0.0008612939146393296, 50.871709623527316], [-0.0007727460787462172, 50.8717103287383], [-0.0006839547994398076, 50.87171211387444], [-0.0005059266764332686, 50.87171766259181], [0.00047533095619119956, 50.87175751719299], [0.0013670570977009013, 50.87179230944283], [0.003417676431043281, 50.871871051939586], [0.003685178552983672, 50.871880831888625], [0.0039527696081367095, 50.8718893369053], [0.004218649372652349, 50.87189547119646], [0.00466194640581506, 50.87190332258912], [0.006080692564936622, 50.87192631610772], [0.007233717961362186, 50.871943886207205], [0.007499303078463188, 50.87195006754283], [0.007675655843483049, 50.8719571910436], [0.007763423941695518, 50.87196249313604], [0.007850778814843022, 50.87196955767865], [0.007936532890196366, 50.87197864373788], [0.008021883621952816, 50.871989452563284], [0.008106939706328097, 50.87200152100762], [0.00827647874989703, 50.87202810570064], [0.008530076747863019, 50.87207105069607], [0.00979720704997072, 50.87229094164966], [0.01013414624841956, 50.87235096089383], [0.01030117090751274, 50.87238335989322], [0.010383920118241774, 50.87240082608108], [0.010465900371055261, 50.87241957001277], [0.010547252701497678, 50.87243994938854], [0.010627831582505956, 50.87246161500781], [0.010707845423173162, 50.87248421880409], [0.010866776261551605, 50.87253125228396], [0.011103792257695741, 50.87260409402305], [0.012207301617312477, 50.87294827616321], [0.013469504660107396, 50.873340046226], [0.013706884473942674, 50.87341261403707], [0.013944550850318567, 50.87348385356276], [0.014898541020813635, 50.873765286377925], [0.015056123487948795, 50.87381361384993], [0.015134086474842594, 50.873838556438194], [0.015211152943066407, 50.87386432946847], [0.015286950091791509, 50.873891269656006], [0.015360982949283819, 50.87391982425382], [0.015432595745429037, 50.87395057769426], [0.015501641156469648, 50.87398420113784], [0.015568249438185027, 50.87402006706231], [0.01563308893704863, 50.87405760236576], [0.015696668099618033, 50.87409637396255], [0.01582146834707579, 50.874176412943285], [0.01594463366074965, 50.874258449397246], [0.01618937606666235, 50.874424122675755], [0.0163111606697307, 50.87450485832641], [0.016371695441770043, 50.87454347536641], [0.016431798124172236, 50.87458004999601], [0.016491245934723685, 50.87461360212863], [0.01654973164961714, 50.87464279002691], [0.01660684024716012, 50.8746657997665], [0.016662013873588552, 50.87468021089123], [0.016714523995223125, 50.874682839391895], [0.01676210326425642, 50.874671737560824], [0.016807167250483472, 50.87464955089632], [0.016850369927424533, 50.874619181677595], [0.016892213453357216, 50.874582858195396], [0.01693306973081321, 50.87454227023182], [0.01697321005094905, 50.87449867846332], [0.017012822161725026, 50.87445301422674], [0.01709089114980961, 50.874357970434424], [0.017167595596969797, 50.87426046571419], [0.017242465684323666, 50.874161963116265], [0.01731418897324519, 50.87406283676279], [0.017348166850559277, 50.87401296258325], [0.017380345402353812, 50.87396277147426], [0.01740994848420318, 50.87391308708676], [0.017494339815259646, 50.87376391909986], [0.017523957270196074, 50.87371497992851], [0.01755595526060731, 50.873666914813256], [0.01759153932563157, 50.87362009562127], [0.017633913755915585, 50.87357244422117], [0.01768044558929981, 50.873526190668365], [0.017730023609841612, 50.87348095459826], [0.01778179801125335, 50.87343644464329], [0.01788954553967684, 50.87334879132923], [0.01811270142930439, 50.87317611619348], [0.018283540335073272, 50.873049010840056], [0.018341561620967353, 50.873007761132406], [0.018400557578945508, 50.87296755273678], [0.018460966586857922, 50.872928850493516], [0.018523389617629466, 50.872892286472435], [0.018588627968504436, 50.87285870248931], [0.018657742549855014, 50.8728292096281], [0.018732562331538034, 50.87280442069002], [0.01881134727690931, 50.87278381358912], [0.018893010424447475, 50.87276624267254], [0.01897672622238656, 50.87275084118837], [0.019061880223112067, 50.87273696063117], [0.019234817593400663, 50.87271198684192], [0.020285661422885147, 50.87257629937121], [0.02107209423330819, 50.87247229730682], [0.021683987977284512, 50.87238970499931], [0.022473272040428236, 50.872279593221585], [0.02264842465622589, 50.87225612652977], [0.022822103136619868, 50.87223583040552], [0.022907783550111187, 50.872228048795506], [0.022992163203072062, 50.87222285614183], [0.023074658190555774, 50.87222135956903], [0.023154480690074582, 50.872225044312565], [0.023230579672724384, 50.87223587235488], [0.023298005421331716, 50.87225406931054], [0.023362006792036732, 50.872278724190025], [0.02342340484508682, 50.87230818452042], [0.02348277989210673, 50.87234118784601], [0.02354050473395866, 50.872376790867946], [0.023596759033661947, 50.872414310488416], [0.02365153470644296, 50.872453274491], [0.023704634122873346, 50.87249338582686], [0.023755648549540587, 50.87253449597049], [0.023803929402806977, 50.87257658904656], [0.023848546028012795, 50.87261977559385], [0.023888222817513214, 50.8726642902969], [0.023921272735125582, 50.872710499921766], [0.0239474792868828, 50.872761345421715], [0.023966493028214266, 50.87281397539332], [0.023980310015603537, 50.87286788190968], [0.023990435825486028, 50.87292268572705], [0.02399799065700887, 50.87297810510564], [0.024008373385061225, 50.87309001108708], [0.024015241005404572, 50.87320247743597], [0.024019566393495465, 50.87331474964383], [0.024019843074601477, 50.87342603126114], [0.02401719663778576, 50.873480940993424], [0.024011528268334126, 50.873535072351764], [0.02400154349396265, 50.873588114128815], [0.02398550317625723, 50.8736396485478], [0.02396111571292224, 50.8736891285882], [0.023927280667746683, 50.87373521928902], [0.02388536078499397, 50.873779329319085], [0.023837521004535775, 50.87382198586764], [0.023785416921422633, 50.873863591978804], [0.023730291804037535, 50.8739044520609], [0.023673069120429754, 50.87394479059354], [0.02355484633745276, 50.874024520328135], [0.023434146000947762, 50.87410360370506], [0.023190640575205014, 50.87426098609059], [0.023006762623066522, 50.87437802472021], [0.022883071794957344, 50.8744544245657], [0.022695826957130922, 50.87456664614188], [0.0221932689630131, 50.874863880775955], [0.022003997525901473, 50.87497422679277], [0.021876201396956986, 50.8750455880715], [0.02181126218504871, 50.875079860333884], [0.021745213553791855, 50.87511263552429], [0.02167761263371724, 50.87514331448734], [0.021607871926656575, 50.87517110534097], [0.02153522696624637, 50.875194975861035], [0.02145791256299027, 50.875214345602075], [0.021377606769866435, 50.87522968391898], [0.02129509201944658, 50.8752420547874], [0.02121096479307005, 50.87525226823373], [0.021125677841707553, 50.87526093928805], [0.021039573423386176, 50.8752685282307], [0.020865900332874745, 50.87528177940129], [0.0206044986700566, 50.87530026652675], [0.020431881998298356, 50.875314090769656], [0.020346929220189314, 50.87532229133038], [0.020263498188196793, 50.875331932811676], [0.020182260842116207, 50.87534363930986], [0.02010411549721159, 50.87535824465301], [0.020030257811186565, 50.87537685588716], [0.01996225624250653, 50.87540092243024], [0.019900027247807928, 50.875432404422355], [0.019843872661082385, 50.8754695537012], [0.01979211083609672, 50.8755108227701], [0.01974347514831024, 50.87555504165407], [0.01969702595992562, 50.875601335706556], [0.019608207731139537, 50.875697767425095], [0.019480738588971914, 50.875846985906435], [0.019399646769954395, 50.87594780557913], [0.01936119258757033, 50.87599855798704], [0.019324997668153134, 50.87604962550113], [0.019292043870263478, 50.87610113339118], [0.019263666988752037, 50.87615326077584], [0.01924164209461669, 50.876206247991206], [0.01922740649231337, 50.87626033650575], [0.01921954892853533, 50.876315293913834], [0.01921631140022936, 50.876370879308276], [0.019216389553676907, 50.87642690393159], [0.019218857225770308, 50.876483210202935], [0.019228744083791556, 50.87659611275877], [0.01924408820714643, 50.876708384160274], [0.01925428228897493, 50.87676376842862], [0.01926694134797229, 50.8768182406053], [0.019283064310677316, 50.87687135573429], [0.019304066922049213, 50.876922512417366], [0.019331885949763115, 50.87697090690185], [0.019369102253646735, 50.87701547356487], [0.01941519121762871, 50.87705348655649], [0.019469912991483845, 50.87708794156021], [0.01953100921057576, 50.87711972112897], [0.019596751516322394, 50.87714946804632], [0.019665847233033853, 50.877177623871496], [0.019737343248189727, 50.877204448212396], [0.019810561333748096, 50.87723003686434], [0.019885038857303635, 50.87725432521164], [0.01996049195127374, 50.87727708085915], [0.02003678047847789, 50.87729788946243], [0.020113893659084052, 50.8773161258197], [0.02019193390109491, 50.87733091646209], [0.020271119495071602, 50.877341090906825], [0.02035554496208434, 50.87734579892491], [0.020441124764267425, 50.877345543855284], [0.020527508558619352, 50.877341696838855], [0.02061443852867324, 50.877335295157955], [0.020701728723129764, 50.87732711138931], [0.020789247988012922, 50.87731771405401], [0.02096464404722387, 50.877296812500795], [0.02175525492204722, 50.87719733968418], [0.022611821003329254, 50.87709535052204], [0.02277177592113213, 50.87707345862644], [0.022849475701643026, 50.87706111545177], [0.02292474913256032, 50.877047276989664], [0.022996620643502923, 50.877031340136796], [0.023063802948663493, 50.87701250623414], [0.023124612605181328, 50.876989734019446], [0.02317687928336914, 50.87696168010942], [0.023219946314715204, 50.87692618885362], [0.02325404456627367, 50.876885151169795], [0.023281524929115123, 50.87684001925527], [0.023304209186653272, 50.87679191938538], [0.023323509490558815, 50.87674172333356], [0.023340526276975828, 50.87669011015445], [0.023401671005111077, 50.87647928545935], [0.023418717435932303, 50.87642763117765], [0.02343806175726219, 50.8763773740823], [0.023460804405311744, 50.876329190410374], [0.023488359328345716, 50.8762839457242], [0.023522550106371855, 50.876242759530925], [0.02356573122374926, 50.876207077837876], [0.023622822753314104, 50.87617672947333], [0.023689722987486114, 50.87615236517525], [0.023763771116362513, 50.876132333192736], [0.023842955812008713, 50.876115377989024], [0.023925775989641764, 50.87610056145318], [0.024011127619728706, 50.876087189779234], [0.024098210303355728, 50.876074757349926], [0.024275437129151426, 50.87605137702766], [0.02481265572017731, 50.87598436947042], [0.024988507225250055, 50.875964757442745], [0.02507441670913454, 50.87595682114167], [0.02515812262563902, 50.87595103485693], [0.02523866916725161, 50.87594840416038], [0.025314752878584253, 50.87595029229873], [0.025384626536315378, 50.8759585244905], [0.02544597697865262, 50.875975508659984], [0.02549501511167204, 50.87600187228697], [0.025536121120787836, 50.876036404591254], [0.02557137280915269, 50.87607696461226], [0.025602365584778613, 50.87612191077671], [0.025630315766535454, 50.87616999263255], [0.02565614772083644, 50.876220261288246], [0.02568056842183068, 50.87627199232245], [0.02577408394123935, 50.87648342276488], [0.025798572015882572, 50.876535227194964], [0.025824499191609243, 50.87658560145403], [0.025852576035790036, 50.87663382453896], [0.025883727813235596, 50.876678951551746], [0.025919170842748845, 50.87671973661145], [0.025960503227299803, 50.87675454159511], [0.026009799176819576, 50.87678123184128], [0.026071208009668227, 50.8767985677111], [0.0261411041252935, 50.876807247546985], [0.026217172565208596, 50.87680963389225], [0.02629764275006808, 50.876807503186384], [0.02638116900348629, 50.87680216083346], [0.026466719161265157, 50.87679453472995], [0.026553489231168913, 50.876785247818745], [0.026728126213999316, 50.87676296750009], [0.026814839690052647, 50.87675008405556], [0.026900335050575146, 50.87673578013465], [0.026983872083791913, 50.8767195966047], [0.027064523728331725, 50.87670082889506], [0.027141097919779464, 50.87667847994965], [0.027212054047446425, 50.87665120127538], [0.02727642103250356, 50.876617725998116], [0.027335116054854038, 50.876579288094824], [0.027389679725186564, 50.876537264952994], [0.02744128254838605, 50.87649269386494], [0.027490796788533896, 50.876446340613576], [0.02758596430973807, 50.87635036617811], [0.02772428689717046, 50.87620261627808], [0.028227489881670956, 50.87565321934141], [0.028319900473249636, 50.87555537439093], [0.028366435001625338, 50.875508152936554], [0.028413320771232622, 50.87546294033019], [0.028460704207532002, 50.87542073309088], [0.0285087901263615, 50.875382910361054], [0.028557852513936055, 50.87535134954398], [0.028608257882837874, 50.87532857538386], [0.028660486831780917, 50.87531792775024], [0.028714754058071286, 50.87532209123374], [0.028770804440233562, 50.87533832853252], [0.028828121446936538, 50.875363339459966], [0.02888628197168065, 50.8753946372528], [0.028944923993435737, 50.875430383054514], [0.029003711542253893, 50.87546924987271], [0.029062300563413586, 50.87551030920976], [0.029120300289744012, 50.87555294773561], [0.029177236410744246, 50.875596802666614], [0.029232500767046306, 50.87564171925153], [0.029285297451221496, 50.8756877241288], [0.029334581722645685, 50.87573501285534], [0.029378979158959873, 50.875783946504505], [0.029416433516407704, 50.875833469615564], [0.029449221125967658, 50.87588448856241], [0.02947861310373248, 50.875936568574964], [0.029505569748799598, 50.875989383718], [0.029554766883638655, 50.87609630847907], [0.029600023109344602, 50.87620394323933], [0.029641806448138356, 50.876311412802295], [0.029660800426500215, 50.87636482439592], [0.02967779924664206, 50.876417844813844], [0.029691918966253058, 50.876470294371636], [0.029701921706966627, 50.87652193386846], [0.029706118635972587, 50.876572446448556], [0.029702253185295548, 50.87662141152769], [0.02968735911788645, 50.87666827701878], [0.02965853218042923, 50.87671323565004], [0.029618396351845447, 50.87675605049259], [0.029570031056951933, 50.876797303117876], [0.029515776407054176, 50.87683743622242], [0.029457381422000883, 50.876876780836], [0.029396137879184915, 50.87691558239654], [0.029268605854920363, 50.87699222635174], [0.028742971937796555, 50.87729554508698], [0.028611084881036895, 50.87737068010661], [0.028477975217194335, 50.8774446139133], [0.0283419586050777, 50.87751603942757], [0.028272024760207657, 50.877550148896646], [0.028201473772731637, 50.877582326623546], [0.028129510633618387, 50.877613351420294], [0.028056491075751942, 50.87764352256901], [0.027908320257840097, 50.87770217059181], [0.02753401024527352, 50.87784512954994], [0.027387221934594697, 50.87790314078633], [0.027316012482012906, 50.87793294161772], [0.02724723566723775, 50.87796363516181], [0.027181960485415033, 50.87799561308489], [0.027121617952854577, 50.87802940081997], [0.02706811070124178, 50.878065693275275], [0.027023930657258638, 50.87810540244564], [0.02699126881185908, 50.87814896533404], [0.02696782907116195, 50.87819590410796], [0.02695115903442448, 50.87824532263004], [0.02693938391767103, 50.8782965344858], [0.026931090670967345, 50.87834902217259], [0.02692101696338322, 50.87845638362977], [0.026915479747974532, 50.87856540841659], [0.026896531583664538, 50.87911377458727], [0.02687333798133872, 50.87961193000875], [0.02685963508001425, 50.879832921233785], [0.026849197554738986, 50.879943148928525], [0.026842091880831427, 50.8799981240982], [0.026833080880213533, 50.88005295920628], [0.026821493511353448, 50.88010874645314], [0.026807937933719564, 50.880164389102546], [0.02677697659915884, 50.88027539817744], [0.02670762486257454, 50.88049683968225], [0.02667092059836967, 50.88060727154815], [0.026632231057412865, 50.880717237259], [0.02658949640272621, 50.88082619497724], [0.02656543862109262, 50.88087999927461], [0.026538612231771418, 50.880933110340735], [0.02650798686709167, 50.880985271428074], [0.026475286394116847, 50.881032816629656], [0.02643926125628439, 50.88107952975574], [0.02640081246381634, 50.88112563525181], [0.02636066495713697, 50.88117131335409], [0.026193881046532547, 50.88135240717977], [0.026113407268451492, 50.88144358662901], [0.02607581726537519, 50.88148978981623], [0.02604101922621115, 50.881536641909655], [0.026010028247212744, 50.88158438151745], [0.025981840011925154, 50.881636899506965], [0.025958003215877642, 50.88169043195289], [0.02593734106600571, 50.881744705102804], [0.025902193582204122, 50.88185469023313], [0.025871642777716888, 50.8819657468566], [0.025787165208405786, 50.882300671531404], [0.025743078589187347, 50.88246795188648], [0.025710723967595037, 50.88257908412726], [0.025674535336390882, 50.88268985337896], [0.02563581794762391, 50.88280029931698], [0.0255552947622025, 50.883020794814534], [0.025452949701889722, 50.88329618573607], [0.025390037987597144, 50.883461147922496], [0.0253459100458789, 50.883570716976955], [0.025322544865340826, 50.883625258840716], [0.02529784478828257, 50.88367955183993], [0.025246212320712332, 50.88378270541701], [0.025162128213496584, 50.883936189374026], [0.025073806753072095, 50.884088823283214], [0.024981309024874818, 50.88424043203109], [0.02491535202178861, 50.884340339801504], [0.024880159622198725, 50.884389675864576], [0.024806331580577913, 50.884484412996564], [0.024569816844380893, 50.88476361446779], [0.024495770512132014, 50.88485691871289], [0.02446207380750946, 50.88490396010843], [0.024431849091468595, 50.88495141743544], [0.024406391734623847, 50.88499945050993], [0.024387369908485293, 50.885048261651974], [0.02437588943914648, 50.885099530071194], [0.024371191250226867, 50.88515161962047], [0.02437148230438647, 50.885204314941305], [0.024375388179232828, 50.8852574494145], [0.0243818713206184, 50.885310897225715], [0.02439015917743954, 50.88536456486438], [0.024410021826694682, 50.885472301762526], [0.02454461191412049, 50.886120692919576], [0.024576502106713423, 50.88628277527264], [0.024606695381722558, 50.886447248013916], [0.02466355604426672, 50.88677874476756], [0.024699079922185525, 50.88699988221318], [0.024714202161690763, 50.8871105332809], [0.024720305315704082, 50.887165893851716], [0.024724898401763406, 50.88722128665871], [0.02472741637949419, 50.887276719635565], [0.024727420871079715, 50.88733130589694], [0.024725423017901697, 50.88738594083042], [0.024717535809685984, 50.88749536294692], [0.024706825196559742, 50.88760500525134], [0.024676719058135736, 50.887879982024195], [0.02465710434391288, 50.888044543763854], [0.024640719073121972, 50.88815249773997], [0.024630195309558605, 50.888205238401724], [0.024617079008105402, 50.88825660705071], [0.024600228410018098, 50.888306001868855], [0.024578110989381608, 50.888352612499354], [0.024548693858798088, 50.888395364512284], [0.024509316208297823, 50.888432850269105], [0.024457478026525595, 50.88846410754964], [0.024395567933763296, 50.888490035696684], [0.024326284469158473, 50.88851205596637], [0.024251683876400545, 50.88853124619962], [0.024173310359433254, 50.88854840429244], [0.024092306575331356, 50.88856410713226], [0.023925499308535755, 50.888592591537545], [0.023755379054978105, 50.88861827253878], [0.02366970133641133, 50.88863006070184], [0.0235837478351025, 50.88864094330098], [0.02349753202570779, 50.88865063359491], [0.023411008992472365, 50.88865872187205], [0.023323565186112213, 50.88866490495747], [0.02323585458008066, 50.88866949282786], [0.023147978684016426, 50.88867293429703], [0.022883968313593867, 50.88867934688738], [0.02174176312480729, 50.88869512675202], [0.021566449710562482, 50.88869595014277], [0.021391366265074797, 50.888694386663666], [0.021303962882883956, 50.88869207232913], [0.02121477903977922, 50.88868829198476], [0.021125697604643695, 50.88868334483892], [0.02094773236370062, 50.888671163411], [0.0207699108531931, 50.888657270595075], [0.01952566962452851, 50.88855290547149], [0.019260216559767472, 50.888527613747], [0.019172252628821083, 50.88851785429188], [0.01908473695719296, 50.888506945029725], [0.018997841123128814, 50.888494448478404], [0.018912488594744845, 50.888480148162664], [0.01882774602242332, 50.88846428265564], [0.018743446319504045, 50.888447275270345], [0.018492093211451326, 50.888392226200104], [0.01790822959927344, 50.888256174100654], [0.0169904029071973, 50.88803853400357], [0.016823672895518758, 50.88800099409374], [0.01674044937432228, 50.88798357342091], [0.016657386651572955, 50.88796766977636], [0.016574560185760326, 50.88795396715926], [0.016492071486456192, 50.88794339494703], [0.016410054402728424, 50.88793719589845], [0.01632868949585993, 50.887937007756506], [0.016248331600437725, 50.88794413108046], [0.01616862049199225, 50.88795723584019], [0.016089374710910098, 50.88797469222441], [0.016010457713198863, 50.88799526144012], [0.015931767989253273, 50.88801801864265], [0.01585322918228677, 50.88804227926586], [0.015618062817299569, 50.88811978385641], [0.015148995813602312, 50.88828042836622], [0.01491736701421827, 50.88836298684485], [0.01484146655922693, 50.888391610211386], [0.01476668810004371, 50.88842122016172], [0.014693449353252173, 50.88845220600735], [0.014624011378413234, 50.88848397159207], [0.01455604664064748, 50.8885170648991], [0.014489171559327628, 50.8885511385477], [0.014292475546405604, 50.88865688808361], [0.013904340461575734, 50.88887282581505], [0.013773695774868573, 50.88894323305434], [0.013707515989568776, 50.888977438427595], [0.01364042441424837, 50.889010586351944], [0.013572061722835205, 50.889042255220474], [0.013501950011539868, 50.88907189082442], [0.013429466747873844, 50.88909876895279], [0.013350861465588844, 50.88912323585058], [0.013269709459432403, 50.889144739577524], [0.013186702432236477, 50.889164086519784], [0.013102363203478379, 50.889181885291606], [0.013017082540295453, 50.88919859206977], [0.012844785668804008, 50.889229991638985], [0.012324726696300196, 50.889320613929875], [0.012153543735776316, 50.88935341537144], [0.012069224269954363, 50.88937131890574], [0.01198624059894961, 50.88939079608912], [0.01190511733890036, 50.88941246176143], [0.011826545294241143, 50.88943712456378], [0.011754098861522864, 50.88946422801759], [0.011684026676099817, 50.88949412912294], [0.011615706205483477, 50.88952610819962], [0.011548657749323857, 50.889559611604], [0.011417007847797915, 50.88962961036816], [0.011027784004852636, 50.88984712119755], [0.010896315563040486, 50.889917087796256], [0.01082946743116684, 50.889950269051994], [0.01076146855741135, 50.88998150831428], [0.010691893140349894, 50.89001000828619], [0.010620183326151476, 50.89003471497215], [0.01054562046263832, 50.89005424571146], [0.010465653334353469, 50.890067738044124], [0.010382751410051298, 50.89007581304189], [0.010297735749878797, 50.890079914573505], [0.010211282785250363, 50.890081110239635], [0.010123971031196714, 50.89008015370674], [0.010036341273570714, 50.890077534574516], [0.009948947772814482, 50.89007351010932], [0.009862420248027, 50.89006812281074], [0.009777530351981424, 50.89006120267828], [0.009695271621434411, 50.89005235247789], [0.009616946613476987, 50.890040915441595], [0.009544285483419136, 50.890025926533426], [0.009479570850351969, 50.8900060501152], [0.009425798595762213, 50.88997949381089], [0.009385749903763563, 50.88994518547323], [0.009356557351987685, 50.8899043343557], [0.009335417298393274, 50.889858717515494], [0.009320247448175195, 50.8898096881458], [0.009309553903060559, 50.88975826284241], [0.009302329651536139, 50.889705198103236], [0.009297974619041029, 50.88965105039409], [0.009296242667170463, 50.88959622714867], [0.009297207457786463, 50.889541025301114], [0.009301251673185825, 50.88948566245289], [0.009308718469826517, 50.88943030860561], [0.009318892788752337, 50.88937500966009], [0.009344377993340319, 50.88926467734322], [0.00937350137487316, 50.889154734072555], [0.009496026189716403, 50.88871761273816], [0.009629161006411117, 50.88822755801784], [0.009659877100931028, 50.888119078893766], [0.009693461516116294, 50.888011302781315], [0.009712264153329753, 50.88795789887007], [0.009733182323041063, 50.88790500095437], [0.00975704337361024, 50.88785280624521], [0.009784927978345613, 50.88780157145746], [0.009818091982022782, 50.88775096791129], [0.009855359489907742, 50.88770134242631], [0.009895618387660442, 50.887652430358685], [0.009938026055603703, 50.88760403053333], [0.01002692872601691, 50.88750820545186], [0.010118781463798052, 50.88741308514667], [0.010726617517651913, 50.88679738034266], [0.01091042180792838, 50.886607051062086], [0.010997888072216147, 50.886510705957015], [0.011039189914032396, 50.88646189068013], [0.011077987252840964, 50.886412416267184], [0.011113345840727094, 50.886362037896646], [0.011144843469555165, 50.886309972369226], [0.011172854736714487, 50.88625698360826], [0.011198357907644564, 50.88620332096462], [0.011222097685672339, 50.88614917201837], [0.011287636073844495, 50.88598502692015], [0.011433407491642417, 50.88559900033067], [0.011473280113843293, 50.88548895093204], [0.011508552463474783, 50.88537969865353], [0.011522709912330552, 50.88532565529411], [0.011533041436415032, 50.88527224377025], [0.011537901322112291, 50.88521973101184], [0.01153508240875383, 50.88516847689307], [0.011521674154810532, 50.885118956335106], [0.011496677633710125, 50.88507353996386], [0.01146184815351435, 50.88502972852167], [0.011419778252146509, 50.88498709639995], [0.01137245590128308, 50.88494531603281], [0.011321382185807409, 50.88490414202855], [0.01126767191498409, 50.884863394168825], [0.011212143454002104, 50.88482294380685], [0.01109777713853111, 50.884742621610314], [0.010980988965085509, 50.88466287620877], [0.010862582925800677, 50.88458388385922], [0.010741958946082247, 50.88450634278212], [0.010680260855734975, 50.884468523459276], [0.010617149715453442, 50.88443167265615], [0.010551161271302041, 50.884395393660014], [0.010483707674951477, 50.884360095655616], [0.01034591778846447, 50.884291332960345], [0.01013555929838729, 50.88419029614261], [0.00992380482635398, 50.88409061701304], [0.009782791784614595, 50.88402615321025], [0.009712527359712658, 50.88399536844712], [0.009642545005832748, 50.883966251581796], [0.00957297048706832, 50.88393959492145], [0.00950397717829261, 50.88391648151318], [0.009435792353304736, 50.88389837185537], [0.009368722337547989, 50.88388720421066], [0.009303165084736716, 50.88388552212111], [0.00923813154976671, 50.883895693434454], [0.00917465928671858, 50.88391569090894], [0.009112318900946643, 50.88394283271329], [0.009050785202301561, 50.88397508536951], [0.008989819238922094, 50.884010930003214], [0.008929246737637979, 50.88404924729499], [0.00886894552754386, 50.88408922623486], [0.008748889283091045, 50.88417203867252], [0.008570075134190822, 50.884299214568706], [0.008452491053416928, 50.884384847843435], [0.008337870514734076, 50.88447154472173], [0.008282496563986204, 50.8845156581914], [0.008229079143916542, 50.88456059735013], [0.008178817505483738, 50.88460585326924], [0.008130459397100288, 50.88465192807276], [0.008037499934861643, 50.884745654756316], [0.007812990284108265, 50.88498287484018], [0.00772165856917692, 50.8850767357391], [0.007674604814578944, 50.88512291662155], [0.007626064348218144, 50.885168309142124], [0.007575457756699853, 50.88521261180512], [0.007522033150120127, 50.8852554318732], [0.007467520683722016, 50.8852948453203], [0.007410389628284885, 50.88533288499477], [0.007351324500030228, 50.885369911902885], [0.007229429404185571, 50.88544200363643], [0.006979907062650675, 50.885583346929465], [0.006856170420489636, 50.88565477753695], [0.006735835698269829, 50.885728326998624], [0.006676354650059132, 50.885767252667456], [0.0065608483725048536, 50.88584722909968], [0.006448226585330505, 50.88592896108362], [0.006282401177162508, 50.88605335244493], [0.006120169928414627, 50.88617952578922], [0.006015651843423087, 50.88626529218558], [0.005965309356584727, 50.88630903446042], [0.005915111498512412, 50.88635498120277], [0.005818717776936849, 50.88644866365697], [0.005725452887518469, 50.88654373946127], [0.005633715134065691, 50.88663949285464], [0.0051343192097643015, 50.88716838620645], [0.004951528219113704, 50.8873601820787], [0.00481092031756526, 50.88750248633837], [0.004712672473280701, 50.88759537537644], [0.004662974078494524, 50.887639337980545], [0.0045601636908518825, 50.88772576528919], [0.004401346938504778, 50.88785339673984], [0.004024503676823331, 50.888148399438734], [0.003915654813858349, 50.88823198952516], [0.0038051988648192345, 50.88831457925747], [0.0036914982009975477, 50.88839515540481], [0.0036326010577001117, 50.88843417744875], [0.003569177303695314, 50.88847371627756], [0.003437926254180741, 50.88855006977975], [0.003303230165530688, 50.888624291857845], [0.003166848837425885, 50.88869746828716], [0.0025486866493700934, 50.88902399568511], [0.002343738712244184, 50.88913353352296], [0.0022088135532009638, 50.88920763623585], [0.0021423579851256487, 50.88924532307589], [0.0020769372762398626, 50.889283664963024], [0.002012939498756412, 50.88932290499941], [0.0019521433169616797, 50.88936226853799], [0.0018927116760913422, 50.88940249452207], [0.001776569391325437, 50.88948466680729], [0.0016059254199265178, 50.88961018598518], [0.0012105579987651386, 50.88990488062416], [0.0010959805792430707, 50.88998806805801], [0.0009790594551270118, 50.89006976671037], [0.0009191517071282485, 50.890109692317125], [0.0008578380957387517, 50.89014871575812], [0.0007994871281432699, 50.89018394421007], [0.0007400213512831942, 50.8902184529712], [0.0004990195302176358, 50.89035427720752], [0.00043993014747477805, 50.89038886630854], [0.0003822044072923597, 50.89042424531103], [0.000326432502897075, 50.890460758176886], [0.0002702698313309776, 50.89050075541449], [0.00021632959178400298, 50.89054204743769], [0.00011294877391774206, 50.89062725840895], [-3.573857525837793e-05, 50.89075870741908], [-0.00017943578305825358, 50.890892371118674], [-0.00027105136563913807, 50.89098269721454], [-0.0003145702495584971, 50.89102845178447], [-0.00035574902217236267, 50.89107479902985], [-0.0003937118260773796, 50.89112195824389], [-0.00042731151268019684, 50.89117021785063], [-0.0004567663725084893, 50.89122203768523], [-0.000481523941747658, 50.891275041198], [-0.0005028742010961171, 50.89132890199373], [-0.0005217936192989205, 50.891383373009845], [-0.0005550411662727217, 50.89149346061563], [-0.0005993442794582479, 50.891659948089824], [-0.0006411231266999495, 50.89182694551619], [-0.0006934697549293622, 50.89204943480513], [-0.0008171740577616439, 50.89260480852398], [-0.0008533213664994617, 50.892771374754204], [-0.0008754298039314405, 50.89288244331972], [-0.000893641349688109, 50.89299357224984], [-0.000900178390033028, 50.89304917854612], [-0.0009041103160285672, 50.893104828406486], [-0.0009048550193889824, 50.89316087767375], [-0.0009029667606567836, 50.89321697107055], [-0.0008991659887041843, 50.8932730966976], [-0.0008878759622167434, 50.89338540837774], [-0.000873870328603617, 50.89349776455044], [-0.000726068718265459, 50.89456533638615], [-0.0007041022146415176, 50.89473390140353], [-0.0006913874600907606, 50.89484629511885], [-0.0006821958981230325, 50.894958721426136], [-0.000679855786817539, 50.895014955442434], [-0.0006795395798392423, 50.89507140923384], [-0.0006834445563551081, 50.895184359106686], [-0.0006953104029487185, 50.89535383921262], [-0.0008048599518497713, 50.896596897523594], [-0.0008912778821914394, 50.897614102938746], [-0.0009019624441684955, 50.89772702738115], [-0.0009147903864201003, 50.89783975608237], [-0.0009320739725085126, 50.89795207827949], [-0.0009435822895905582, 50.89800797780446], [-0.0009569689839701956, 50.89806109710682], [-0.0009890541109665602, 50.89816685111403], [-0.0010253694046281334, 50.89827222018229], [-0.0011032713060859863, 50.89848247432428], [-0.001204316504198812, 50.89874483982583], [-0.001268272060851969, 50.89890166704284], [-0.0013156563954483716, 50.89900787465356], [-0.0013941386085644521, 50.89916962265534], [-0.0017493531331639139, 50.899867904833556], [-0.0018601064245422063, 50.90008237819437], [-0.0019178393512012245, 50.900188984224776], [-0.0019480362194988553, 50.90024193220943], [-0.001979616493293069, 50.90029451131491], [-0.0020131056870861157, 50.90034658217329], [-0.0020485810559615885, 50.9003975487853], [-0.002124655784123189, 50.900498117047924], [-0.0022456076489155053, 50.90064714846527], [-0.002992641249308089, 50.90153569227473], [-0.003202096034205216, 50.90178177623731], [-0.0032883594543127686, 50.90187931627826], [-0.003377386990555875, 50.90197585167192], [-0.003560090844621343, 50.90216725175981], [-0.004575587764281822, 50.903216217930215], [-0.004716624162212384, 50.90335809815488], [-0.0048139665047228376, 50.90345118953897], [-0.004864502129337109, 50.90349689560356], [-0.004916610704002309, 50.90354177113039], [-0.005024546878649656, 50.90362984690931], [-0.00524769378513962, 50.90380272643303], [-0.0060972512105672986, 50.904445786105164], [-0.006382444753711586, 50.904660024246354], [-0.0067850031887381375, 50.90495962969225], [-0.006898006759878787, 50.90504545667851], [-0.006952851602936307, 50.90508855308661], [-0.007005753390005255, 50.90513186415197], [-0.007055763500184206, 50.905175494673266], [-0.007101583867900727, 50.90521958796964], [-0.0071414564901016025, 50.90526433777652], [-0.007173034068971274, 50.905310004673346], [-0.007193224603300304, 50.905356928545636], [-0.007199522691750519, 50.90540415940282], [-0.007194915232671068, 50.90545259511366], [-0.007182295699545996, 50.905501915613996], [-0.007163878439587337, 50.90555187674888], [-0.007141334319229709, 50.90560229327811], [-0.007088520567042917, 50.90570397928614], [-0.007030323211351059, 50.9058062598708], [-0.006818681028721574, 50.90616511874369], [-0.006640096848578473, 50.90647239806192], [-0.00559011450344375, 50.90830404824268], [-0.005473105344445536, 50.90851378977095], [-0.0054190492222062426, 50.908619346140576], [-0.005394376992924687, 50.90867248732378], [-0.005372082604193396, 50.90872599606554], [-0.005352560416471679, 50.90878033231306], [-0.005335444815340487, 50.90883504008055], [-0.005320080030718979, 50.908890017974485], [-0.005292739805058046, 50.90900049638821], [-0.005255960980694125, 50.90916686463318], [-0.005056475698817853, 50.910110980742395], [-0.005019089613316032, 50.91027734558476], [-0.004977432038649199, 50.91044371719595], [-0.00494643656806527, 50.91055489541234], [-0.004897718235279179, 50.91072143482321], [-0.004631905844379061, 50.91160904211417], [-0.004401324480644092, 50.91238601679929], [-0.004349507858402058, 50.91255207615378], [-0.004311449833071356, 50.912662151100704], [-0.004290369966615867, 50.912716820322395], [-0.004267206008727725, 50.91277111452949], [-0.004241772008074153, 50.912824395968535], [-0.004185317384051425, 50.91292995445702], [-0.004124479879756889, 50.91303472599446], [-0.003933252810264077, 50.913347481637516], [-0.0033196316060027063, 50.914336787557126], [-0.003226127764689623, 50.914493346469214], [-0.0031695348001138904, 50.91459828722946], [-0.0031446865010345596, 50.914651098757226], [-0.003123398225419073, 50.914704261938816], [-0.0031069994799385265, 50.91475790873638], [-0.003096573632725388, 50.914812094085676], [-0.0030910301291036594, 50.91486676191464], [-0.0030890421573937176, 50.914921781391605], [-0.0030919562921778642, 50.91503250091839], [-0.003099972857775542, 50.91514372480986], [-0.003110241499796558, 50.91525517101499], [-0.0032420423182681173, 50.91659326695833], [-0.0032568285878589137, 50.91676038112085], [-0.003263388984361544, 50.91687153235552], [-0.003264602608306856, 50.91692694533377], [-0.0032636351227663127, 50.916982187777975], [-0.0032596232466957087, 50.917037191161825], [-0.0032514324079277717, 50.91709186713741], [-0.003237916356166175, 50.917146924193645], [-0.003220117137143979, 50.91720164591357], [-0.003199215137113782, 50.91725612404479], [-0.003176100586532534, 50.91731042881369], [-0.0031257140822363648, 50.91741871251947], [-0.0030452358125697865, 50.91758075278326], [-0.002744900266984118, 50.91817448160635], [-0.002257516614636435, 50.91914624418576], [-0.002152034637359384, 50.9193626300769], [-0.002102689280499248, 50.91947136771732], [-0.0020797750542039775, 50.91952601874682], [-0.002039037354398309, 50.91963422254442], [-0.0019843272586387616, 50.9197975547628], [-0.0016952556884248164, 50.92072656624882], [-0.0014878041465882516, 50.9213822490811], [-0.0014546760755618023, 50.921491528466085], [-0.0014246193444781576, 50.921600822884024], [-0.001411727621832599, 50.9216554804729], [-0.0014010816873973398, 50.92171015102208], [-0.001393561890161257, 50.92176483792918], [-0.0013903225652277676, 50.92181954968827], [-0.0013922808925669592, 50.9218740982946], [-0.0013984864545494963, 50.92192867175318], [-0.0014077831194109814, 50.92198326326867], [-0.001432312516554009, 50.922092485746894], [-0.0015051200720054214, 50.92236578998098], [-0.0015317353572420831, 50.9224753422642], [-0.001543060418049753, 50.92253022816576], [-0.001552349896401173, 50.92258522442534], [-0.0015592058386489306, 50.92264086616796], [-0.0015639767911335447, 50.922696620531674], [-0.001569356801350111, 50.92280834990325], [-0.0015721218158161556, 50.923032224612825], [-0.0015711201942524094, 50.92387233804847], [-0.001575146443376608, 50.92460080947542], [-0.0015745679283124317, 50.924768715934604], [-0.0015706135444227421, 50.92488019741178], [-0.0015663887676735473, 50.924935651248475], [-0.0015597879469346745, 50.92499080264608], [-0.0015498678512541773, 50.925045530430076], [-0.0015353861105795543, 50.925099677187184], [-0.001515907940282183, 50.925151758239174], [-0.001492064855988166, 50.92520328318611], [-0.001465017481114353, 50.92525439925188], [-0.0014046453041162165, 50.92535583112183], [-0.0013061360500762683, 50.9255069697639], [-0.001070064183281498, 50.925859077895474], [-0.0010047620520125733, 50.925960206646536], [-0.000939676414744202, 50.926065159485304], [-0.0008136418820744986, 50.9262760485532], [-0.00044153364022694685, 50.92691001798492], [-0.0003772591816709512, 50.927015025302524], [-0.0003097301267973807, 50.92711910322317], [-0.0002738819570931876, 50.927170547287275], [-0.00023723967665475548, 50.927220048046465], [-0.00019914032882425, 50.92726913258578], [-0.0001200266000486017, 50.92736647030888], [4.3847667323734265e-05, 50.927559532010854], [0.0005007928045880059, 50.92808865368435], [0.0006632701917071897, 50.92828211099491], [0.0007405208145693314, 50.92837997656185], [0.0007771451286991363, 50.92842947999746], [0.0008473951805474763, 50.92853303215227], [0.0009130755025611351, 50.92863788802867], [0.0010387758619439145, 50.9288492121609], [0.0014719210340749535, 50.929590781363], [0.0020620953110956682, 50.93059654882033], [0.002185213014056683, 50.93080852760624], [0.002245300425108254, 50.93091483397491], [0.002331086839790355, 50.93107492774611], [0.0024399473808509255, 50.93128937509561], [0.0030797832217435385, 50.93257908601032], [0.003135683585257221, 50.93268581973692], [0.003164975850044307, 50.93273879813132], [0.003195690147936702, 50.93279136487678], [0.0032283951124635816, 50.9328433557923], [0.003263839938637813, 50.932894552913915], [0.0033023040024899486, 50.93294437368123], [0.003343476486890775, 50.93299341085157], [0.003386627061566936, 50.93304187729754], [0.003476801746403394, 50.93313769813422], [0.0036644768772729173, 50.93332729205269], [0.004190335373204368, 50.93384653645266], [0.004283062171794814, 50.933941350179936], [0.00432757638906488, 50.93398899418041], [0.004370025379507946, 50.93403689968482], [0.004409484776677324, 50.934085182749186], [0.004444702329085904, 50.934134001322704], [0.004474004475341063, 50.93418356543778], [0.004495184054774294, 50.934234152495264], [0.004506474081261735, 50.9342861429302], [0.0045096038117159445, 50.93433916139513], [0.0045068001697081035, 50.934392929351944], [0.004499751089684433, 50.93444723506672], [0.004489721399524657, 50.9345019217208], [0.00447764265221899, 50.93455687212487], [0.004449864947004892, 50.93466725734025], [0.004358787455285406, 50.934999830676546], [0.0042994761886594466, 50.93522215782887], [0.004256631041196483, 50.93538944511682], [0.004173715642137746, 50.935725034056546], [0.004144525785319875, 50.93583555632826], [0.004128539366506871, 50.93588975732662], [0.004110900945898365, 50.935942713955875], [0.004090794853229924, 50.93599381878668], [0.004067098194329467, 50.93604223908167], [0.004038292816435904, 50.936086844334554], [0.004002346730348019, 50.93612612418536], [0.003956581159887871, 50.936158088220154], [0.0038996845647264558, 50.93618086604183], [0.0038331948606614022, 50.93619650526644], [0.0037596956024115013, 50.93620693688563], [0.00368115499881748, 50.93621363956912], [0.0035990525750986347, 50.93621773307405], [0.003514485174277859, 50.936220065426326], [0.0031646847958847024, 50.93622268932249], [0.002987767888887725, 50.936225198299184], [0.002899432953740133, 50.93622791616845], [0.0028102562971789244, 50.93623205779106], [0.0027212700834356217, 50.93623736672115], [0.002543738728790678, 50.93625035372714], [0.0023665693952093572, 50.9362651884941], [0.0014795234763106428, 50.93634436151732], [0.001215452020452137, 50.93636937761943], [0.0011292946015353676, 50.936378762475435], [0.0010450092717031506, 50.9363892042436], [0.0009635087192396566, 50.936401222039365], [0.0008860469922929754, 50.93641552971673], [0.000814325499998967, 50.93643309304426], [0.0007506169800476042, 50.93645520329697], [0.0006979182122226402, 50.93648356273617], [0.0006591801622225022, 50.93651892992621], [0.0006311545219761192, 50.9365603798424], [0.0006109648859775802, 50.93660628153385], [0.0005964157716539712, 50.936655392398734], [0.0005858569738038414, 50.93670677666539], [0.000578061393758775, 50.936759740855685], [0.000572128919627215, 50.93681377830685], [0.0005634377192426499, 50.93692371321344], [0.0005347751734876154, 50.937368596007666], [0.0004969156758153744, 50.93781221840186], [0.0004888452113252794, 50.93792222170857], [0.0004855268346472157, 50.93803060292763], [0.00048735849952899073, 50.93808364203126], [0.000492958597001143, 50.93813544984693], [0.000503888399052477, 50.93818552426496], [0.0005222194207564972, 50.93823319561785], [0.0005506717607574827, 50.938277586489185], [0.0005919646194026864, 50.938318425736405], [0.0006435818156223043, 50.93835591942156], [0.0007027295888765671, 50.93839097158005], [0.0007672870167850765, 50.93842426717195], [0.0008356676745068707, 50.938456320199506], [0.0009066974640358548, 50.93848750937101], [0.0010535360803855282, 50.93854831792094], [0.0017321836331403043, 50.938815713038714], [0.001956527993861004, 50.93890562633733], [0.002103135743189994, 50.93896708249234], [0.002174647029696488, 50.938998760406676], [0.0022442601760027116, 50.939031452132], [0.002311208020854099, 50.939065574293906], [0.0023744592983496187, 50.939101683335906], [0.00243265665400801, 50.93914051287925], [0.0024852045048873554, 50.93918310221953], [0.0025326211788459802, 50.939228456764404], [0.0025763170308936057, 50.939275818541184], [0.0026173574629544663, 50.939324614683755], [0.002656542873975841, 50.9393744172414], [0.0027315441153391864, 50.93947586190884], [0.003201009971047812, 50.94014537644554], [0.003269699649237838, 50.94024879326777], [0.0033020731354358, 50.94030079169591], [0.0033323292925418616, 50.9403531087547], [0.003359610229394364, 50.94040587803165], [0.003382783170453552, 50.94045927443578], [0.003400793493593753, 50.94051297644705], [0.003414760499631618, 50.940567300487395], [0.0034257972012042255, 50.940622080135604], [0.0034347507096412055, 50.94067719029283], [0.0034487940724991025, 50.94078804834891], [0.0035018476748441595, 50.94134583110918], [0.0035098507657187338, 50.94145692077996], [0.00351219536860975, 50.94151213353305], [0.003512650814471542, 50.941566979426845], [0.0035103475340803286, 50.941621295443284], [0.0035041132259906018, 50.941674863093326], [0.0034923830250254547, 50.94172738747397], [0.0034730979925039953, 50.94177848255123], [0.0034445252782586326, 50.94182793210385], [0.003408365393128201, 50.941875948400664], [0.0033666844622701913, 50.94192292031243], [0.0033210473508615114, 50.94196914444462], [0.003272626360448063, 50.942014841552876], [0.0032222874668647364, 50.94206017522255], [0.003118195183297308, 50.94215019488779], [0.0023729932477864987, 50.94277705490739], [0.001949847223113996, 50.943135637204094], [0.0017404669983759199, 50.943315809172155], [0.0016384632978601326, 50.94340700259039], [0.0015407688157541275, 50.94349995614049], [0.0014951900948568524, 50.94354663434739], [0.0014078181536977454, 50.9436415652732], [0.0012815536523043847, 50.9437861285614], [0.000821666532512732, 50.944321434908794], [0.0007404426611552479, 50.944418469225454], [0.0007019552411119364, 50.944466708682604], [0.0006659408830445747, 50.94451463112757], [0.0006335781766117098, 50.9445620877023], [0.0006064769028120151, 50.94460887634537], [0.0005868028997807246, 50.944654725377625], [0.0005774316747267236, 50.94469927256091], [0.0005821334569348351, 50.94474204189186], [0.0006047395610588997, 50.944783699558215], [0.0006420618661667678, 50.94482349957471], [0.0006900651399966596, 50.94486195021391], [0.0007456969072448881, 50.944899437490605], [0.0008066790403054678, 50.94493624780255], [0.0008713334862337136, 50.94497259340064], [0.000938444824490263, 50.94500862597351], [0.0010768150226354988, 50.94508016126229], [0.0016397371089109003, 50.94536495708173], [0.002126230530835098, 50.94561518499602], [0.0023315386923636497, 50.94572406616363], [0.002465654469355475, 50.945798481797944], [0.0025311021276874695, 50.94583646412482], [0.002659872928716028, 50.945913881573716], [0.00285018730985774, 50.9460319502505], [0.0035423104902048, 50.94646902989372], [0.004045591628119375, 50.94678865588494], [0.004611502409337975, 50.94715331407616], [0.004737402194743171, 50.94723282172626], [0.004800477402407449, 50.94727116793205], [0.00486369993379578, 50.94730785072064], [0.004927143450736721, 50.94734205057215], [0.004990907666208017, 50.94737264064755], [0.005055128225871596, 50.94739809057434], [0.005119986589407781, 50.94741635381849], [0.005185723505271863, 50.9474247278891], [0.005253007320037691, 50.947420958538764], [0.005321179568632953, 50.94740718173055], [0.00538999501098337, 50.9473861480648], [0.005459270390747637, 50.94735993860072], [0.005528867367372749, 50.94733010408644], [0.005598683532956421, 50.94729778381265], [0.005738702139642128, 50.94722875579166], [0.006439964779658549, 50.94686776288226], [0.007348853234681795, 50.94640274508367], [0.007488953588070082, 50.94633208966789], [0.007630207378298223, 50.94626364034509], [0.007701694410316515, 50.946231049355916], [0.007774123775023194, 50.94620024402157], [0.007847897917751588, 50.94617198559368], [0.007923557624220711, 50.94614729737618], [0.008001817953453689, 50.94612753207712], [0.008081865031813606, 50.94611397505353], [0.00816443907104189, 50.9461052000298], [0.008248855554917047, 50.946099912601724], [0.008334595257216795, 50.946097129089296], [0.008421267410770324, 50.946096110882856], [0.00859633558490739, 50.94609733680562], [0.00877257875544797, 50.94610078817993], [0.009479307643969063, 50.94611791883301], [0.010008590517802824, 50.94612932115343], [0.013006880373626399, 50.94618783483382], [0.013979498009834179, 50.94620528410345], [0.014868851700676162, 50.94621682789822], [0.01504550450299321, 50.94622018983833], [0.01513267881479088, 50.94622285165703], [0.015218501162090236, 50.94622666355322], [0.01530231038482749, 50.94623218584981], [0.015383203676153086, 50.946240184887024], [0.015459954835729088, 50.94625169924204], [0.015530930726332192, 50.94626811273958], [0.015593978086219772, 50.94629125066748], [0.01564753115188443, 50.94632271134861], [0.015693115262664255, 50.94636093548718], [0.015732909731451045, 50.946404081930645], [0.015768568356634358, 50.94645075325982], [0.01580132991504513, 50.94649990409947], [0.015832107993331474, 50.946550762446265], [0.015861565548117778, 50.9466027662779], [0.015918265412214784, 50.9467087184644], [0.016055663633233953, 50.94697674242547], [0.01613421681325405, 50.94713762193949], [0.016158381494408916, 50.94719133830985], [0.016180695646042884, 50.94724519214902], [0.016200390310340807, 50.94729926835202], [0.01621645398427087, 50.94735367671616], [0.016228177897022977, 50.947409163186975], [0.016236185479483075, 50.94746500218956], [0.016241509794146243, 50.94752109241458], [0.01624493417201509, 50.94757735915358], [0.01624825254869315, 50.94769021615926], [0.016249193983117974, 50.94785985997468], [0.01624804863111868, 50.9481426929952], [0.01624475091570725, 50.948312139337965], [0.01623849774301187, 50.94842479251328], [0.016232937171412002, 50.94848094609915], [0.016224879283314522, 50.94853692643494], [0.016213836293528874, 50.94859234527666], [0.016200315750181757, 50.94864759370028], [0.01616839501488758, 50.94875775417486], [0.01609544732222218, 50.94897743991136], [0.015658381003894165, 50.95023940094023], [0.015427787063733118, 50.95089794167089], [0.015392491357876988, 50.95100765935229], [0.015376672025724179, 50.95106249574185], [0.015362845156866834, 50.95111730660013], [0.01535185606600707, 50.95117208174068], [0.015344835732057126, 50.95122680644959], [0.015343277155059794, 50.95128146205161], [0.015348358026309662, 50.95133580010776], [0.015358862026903421, 50.95139006962408], [0.01537331502150432, 50.951444290973804], [0.01539059860759273, 50.951498478305204], [0.015409875555273636, 50.95155264350256], [0.015452116136556704, 50.95166094031887], [0.015542662723924855, 50.95187754960591], [0.015750861664079845, 50.9523662077891], [0.015963155125271574, 50.95285783578324], [0.01600534989250278, 50.95296503736931], [0.016023172467716156, 50.953017255857894], [0.016037314645254767, 50.95306792032706], [0.016046116338382176, 50.95311632793505], [0.01604732816569997, 50.9531615285451], [0.016037942567625838, 50.95320224946177], [0.016013992583844013, 50.95323681507353], [0.015973171340708248, 50.95326343546077], [0.015918234869480078, 50.95328408788185], [0.01585296238264883, 50.95330036930589], [0.015780235675536044, 50.95331349471788], [0.015702220586377342, 50.95332437974141], [0.015620528692765452, 50.95333370232203], [0.015536338584325456, 50.953341958751864], [0.015363620402961957, 50.95335660132007], [0.014398960941873918, 50.95342947285697], [0.014225081238830005, 50.9534435025331], [0.014052515771073103, 50.95345892883389], [0.01396708778416613, 50.95346764814354], [0.0138825536210046, 50.953477459628544], [0.01379927709921273, 50.95348882958534], [0.013717746902345023, 50.95350238615579], [0.013638618800549243, 50.953518963466045], [0.01356275158321715, 50.95353965708383], [0.013489500259999532, 50.95356588513324], [0.013419608635959783, 50.95359636019764], [0.013352161327788794, 50.95362992501762], [0.01328645944624494, 50.95366569849182], [0.013158298601278826, 50.95374137070748], [0.012906238519076999, 50.953898734703735], [0.012778726257748589, 50.9539765620101], [0.01271373135032038, 50.95401447767044], [0.01264742939414869, 50.95405132716727], [0.012579329909084964, 50.95408671268425], [0.012508442951694506, 50.9541205883879], [0.012435727922710773, 50.95415297238988], [0.01236167799720686, 50.9541842630772], [0.012210970336925111, 50.954244699116934], [0.011981590919039865, 50.95433259349404], [0.011212601594788438, 50.9546217781877], [0.010984398969900758, 50.95471079399129], [0.010835036087607261, 50.95477269044593], [0.010689361687896005, 50.95483787230727], [0.0104749032868326, 50.954939417912826], [0.009836972772650323, 50.955249974695924], [0.0092674094415002, 50.95552527685652], [0.009127386343228973, 50.95559499083913], [0.009058999397260676, 50.955630467983184], [0.008992448607759674, 50.95566664621077], [0.008928573001148117, 50.955703845235526], [0.008868510742948702, 50.955742498509245], [0.00881378717246605, 50.955783186607576], [0.008766417210923243, 50.95582667740565], [0.008728470576665873, 50.95587298391039], [0.008697736515870799, 50.95592204330246], [0.00867227915902605, 50.955973124476316], [0.008650632455635437, 50.95602567457633], [0.008631699562709531, 50.95607928051757], [0.008614674691418502, 50.95613363842815], [0.008584155327962998, 50.95624379134576], [0.008501292031202626, 50.95657798432031], [0.008471867714075574, 50.956688118077295], [0.008455644140062314, 50.95674214425045], [0.008437708377081164, 50.956794971315375], [0.008417265416167791, 50.956846030027215], [0.008393227397470346, 50.956894540646175], [0.008364118389024565, 50.956939445601535], [0.008327966588734689, 50.956979333668656], [0.008282173170497842, 50.957012344905685], [0.008224610025390095, 50.95703698208442], [0.008157407058996358, 50.95705474585559], [0.008083175673812119, 50.95706750523334], [0.008003898451664774, 50.957076681073545], [0.007921059409426067, 50.95708333887556], [0.007835755390051968, 50.957088268002366], [0.007660722250201666, 50.95709508593846], [0.0071250047439922, 50.95710937593093], [0.006590152315387527, 50.957125265578064], [0.0064134608855286835, 50.95712920333068], [0.006325832026199711, 50.95713005154034], [0.006238963141581773, 50.95712961130872], [0.006153167743762092, 50.95712728905899], [0.006068877922310887, 50.95712228128312], [0.00598667129406224, 50.95711351965446], [0.005907311426915287, 50.95709959972965], [0.005832968650624253, 50.95707986228757], [0.00576136393931959, 50.957055135161255], [0.005691765166066961, 50.957026733381795], [0.005623614477035359, 50.95699566076381], [0.00555648786742819, 50.95696267101733], [0.0054241318900836305, 50.95689302019862], [0.0052930524187813095, 50.95682064072722], [0.004769990378280705, 50.95652379215999], [0.004639034874477795, 50.95645070026333], [0.004508487205823835, 50.95638100227682], [0.0044436027911719305, 50.95634867528168], [0.004379184602146917, 50.9563191096619], [0.004315459014183952, 50.95629349146634], [0.004252732352860193, 50.95627341699472], [0.0041914142498851725, 50.95626100370581], [0.004132041897789801, 50.95625902545604], [0.004072942633578871, 50.9562703438049], [0.004015911291119483, 50.95629277225764], [0.003960357677318804, 50.956323250060706], [0.0039058532957947124, 50.95635946679328], [0.0038521070923206763, 50.95639970222993], [0.0037989501837093777, 50.95644269732464], [0.0036943251991965642, 50.956533617712054], [0.003593124592552597, 50.95662785157698], [0.0035448715870629046, 50.95667558946456], [0.0034992057296139648, 50.95672363795767], [0.0034572966266598133, 50.95677202761146], [0.0034207477709860853, 50.95682086763471], [0.003391720509209421, 50.95687034532348], [0.0033730795687736083, 50.956920733982756], [0.003367151586194107, 50.956972002487575], [0.0033715227883703265, 50.95702418082527], [0.003383367075400277, 50.95707700021348], [0.0034005455585614684, 50.95713026033907], [0.00342146282997575, 50.95718381577713], [0.0034449438931726797, 50.957237561278745], [0.0034964380202233782, 50.95734534803385], [0.0037972281133068836, 50.9579381851466], [0.004120217373729459, 50.95858316978135], [0.004199362543503374, 50.95874447084128], [0.004249392416618469, 50.9588522608909], [0.004272686630252525, 50.95890631962934], [0.004294155467251311, 50.95896055201404], [0.00431307039386859, 50.95901502764124], [0.004328468416149346, 50.95906983930568], [0.004339457507009111, 50.95912439628371], [0.00434700155876686, 50.9591792819422], [0.00435203571763438, 50.95923440801138], [0.0043552696526518555, 50.95928970602566], [0.004358324822913549, 50.95940062833645], [0.0043568947050011495, 50.96017952989787], [0.0043619809661335695, 50.96084786588609], [0.004360889513060151, 50.9609588755715], [0.004355383738683194, 50.96106907363118], [0.004349538401136764, 50.96112360506391], [0.004340430382465668, 50.96117753781514], [0.004326775990151067, 50.96123063651402], [0.00430688189986419, 50.961282590539305], [0.004279584793330577, 50.961332819950776], [0.00424611805743168, 50.96138191771089], [0.004208145372058591, 50.96143018935408], [0.004166931565124497, 50.96147786629412], [0.004123427952555759, 50.961525123364034], [0.004078337915179523, 50.96157208956655], [0.003985318265801957, 50.96166550186352], [0.0035570787934535043, 50.962084122709854], [0.002990568835937559, 50.96264315154015], [0.002847603755105485, 50.962782216877436], [0.0027502326665213065, 50.962874013135846], [0.0027003923379270915, 50.96291940171225], [0.0026494893023666474, 50.96296436308101], [0.002545352103044383, 50.96305325993215], [0.0023859146148362724, 50.96318518846823], [0.001902314666463052, 50.963578658953665], [0.0017443342456470148, 50.963710988260324], [0.0016435154230028143, 50.96380085510833], [0.0015956837273851752, 50.96384673103749], [0.0015504445696908375, 50.963893554016934], [0.0015085049240019805, 50.963941357989825], [0.0014691398499612628, 50.9639901022179], [0.0014316540514482327, 50.964039534932304], [0.0013955211157974745, 50.964089463204736], [0.0013258199345756306, 50.96419026384931], [0.0009552792529299228, 50.96474989193329], [0.0006133436248583352, 50.965258316768654], [0.0005475959291956902, 50.96536003818122], [0.0005165285934107181, 50.96541094887282], [0.0004874761788153614, 50.96546191721495], [0.0004613307124606217, 50.9655129686662], [0.00043929414022968736, 50.96556413830258], [0.000422965463322669, 50.96561547308072], [0.0004144440445228402, 50.96566703296917], [0.0004155633453729571, 50.965720204044196], [0.0004248339591187242, 50.96577361097406], [0.0004400163857294172, 50.96582718869737], [0.0004594128093576725, 50.96588088799375], [0.0004817610969813805, 50.965934672655294], [0.0005061314923382339, 50.96598851609171], [0.000585561428058714, 50.96615022762935], [0.0007780775799863801, 50.966527758854866], [0.0009407705627756266, 50.966851283970406], [0.0014761565906227106, 50.96792961422253], [0.001554142035377196, 50.96809143723767], [0.0016800660752705936, 50.96836078385619], [0.0022016162511562173, 50.96949362160574], [0.002254034744620139, 50.96960073899301], [0.0022816768042057743, 50.96965389538285], [0.002310837016652895, 50.9697066246105], [0.002342121744735446, 50.96975875753418], [0.0023763322856977316, 50.969810068443195], [0.0024141630372627836, 50.96986043515015], [0.0024549249915901184, 50.96990997871668], [0.002542225067548181, 50.97000744271666], [0.002633913413627135, 50.970103673868536], [0.0027748465052914568, 50.9702470647712], [0.0035791162640149287, 50.971058072994516], [0.004101231480174695, 50.97158257200407], [0.0042403841109585816, 50.971726366190836], [0.004327704848149813, 50.971823466046644], [0.004368068848829736, 50.97187276314947], [0.004405016556447902, 50.971922833471126], [0.004437258888636389, 50.9719739683289], [0.004463425016224299, 50.97202568633497], [0.00448499805778635, 50.972078447375836], [0.0045032284681486715, 50.97213197313932], [0.0045332286053818924, 50.972240531416325], [0.004570303873787966, 50.97240535949438], [0.004663319929877036, 50.972848927552896], [0.004737853148985975, 50.97318348868956], [0.004760509558780889, 50.973293555369125], [0.004769942767567863, 50.97334747342659], [0.004777140069646074, 50.97340009155274], [0.0047810109102056665, 50.973450783010186], [0.0047800640858982925, 50.97349868745], [0.00477228198057633, 50.973542644731815], [0.004754977733254748, 50.97358110555164], [0.004724615574957905, 50.97361203358464], [0.004678162793318255, 50.97363383710866], [0.0046185775405108275, 50.97364806488393], [0.004549424331618455, 50.97365677192053], [0.004473407095671233, 50.973661517150134], [0.004392554228514953, 50.97366346920475], [0.004308363221777931, 50.97366349126506], [0.0041340262762781755, 50.97366008322993], [0.003062284040018528, 50.97362364071277], [0.002707480045526023, 50.97361271123283], [0.0025305173244437188, 50.973608234116206], [0.00235398489637105, 50.97360556255286], [0.0022659742530423102, 50.97360546412981], [0.002178221426213927, 50.973606663307116], [0.002090824332202663, 50.973609668603615], [0.002003913226787897, 50.97361515087941], [0.0019162951472240215, 50.973623800225916], [0.0018291522764580818, 50.973634979154625], [0.0017423247143734128, 50.9736479789053], [0.0015691528837756363, 50.97367742602519], [0.001309512817232272, 50.97372563794386], [0.0008762436776018231, 50.97380844141415], [0.000704879257364155, 50.973842485444], [0.0006207825737223274, 50.97386020998254], [0.0005385741488126985, 50.973878786377796], [0.00045919721368760976, 50.97389865413565], [0.00038395163054701185, 50.97392041792989], [0.00031460797880326793, 50.97394490020645], [0.00025353870915755856, 50.97397320227223], [0.00020388343349870004, 50.97400678122127], [0.00016901352913361228, 50.97404562629485], [0.00014503120598956473, 50.97408951178788], [0.0001290313124534567, 50.974137095980446], [0.00011880219633819264, 50.974187357876296], [0.00011268197427980424, 50.974239531587635], [0.00010943905612474711, 50.97429305203223], [0.00010817512650858612, 50.9743475068535], [0.00011070478236842433, 50.974513941786356], [0.0001266139460309053, 50.9749630074574], [0.00012759580462504312, 50.97507324074022], [0.00012627078960640012, 50.975126999486], [0.0001229146836835656, 50.975179217957695], [0.00011660401884073645, 50.975229184032514], [0.00010607217043681514, 50.97527592313837], [8.961323778388264e-05, 50.975318120763674], [6.495089000386398e-05, 50.97535402799795], [2.9101821935715475e-05, 50.97538135010288], [-2.1029560784639433e-05, 50.97539838285691], [-8.25749375587749e-05, 50.97540665290074], [-0.00015244500203486457, 50.97540853191601], [-0.00022828976147280805, 50.975405821993604], [-0.0003083503145223653, 50.97539987328623], [-0.0003913267990170503, 50.97539168299476], [-0.00047626879732752726, 50.97538197794997], [-0.0006495304594349752, 50.97535995408605], [-0.0019631692387691896, 50.975181152413974], [-0.002223738163344765, 50.97514746062234], [-0.002309762631557614, 50.97513753210226], [-0.002394984005932107, 50.9751288819064], [-0.0024790214007655038, 50.975122122048425], [-0.002561351996580491, 50.97511809305725], [-0.0026412661242364885, 50.97511793185233], [-0.002717813366238018, 50.97512315771914], [-0.00278974416598905, 50.97513577129286], [-0.002855889815299107, 50.97515732805213], [-0.002917452260017915, 50.97518623799738], [-0.002975688243251568, 50.97522051009727], [-0.0030315553691060027, 50.975258628452934], [-0.0030857749847169936, 50.97529945783736], [-0.0031912677417926067, 50.97538611099384], [-0.003346493927941162, 50.97552170313582], [-0.003603386946360574, 50.975750349664], [-0.0037036802545694545, 50.97584190083527], [-0.0037521201096220205, 50.9758878700787], [-0.0037986151121254287, 50.97593411190607], [-0.0038422732349282828, 50.97598078525609], [-0.0038818925322143248, 50.976028102234885], [-0.003915869511197921, 50.976076342256654], [-0.003942097622552267, 50.97612587127393], [-0.003958957203810619, 50.97617733635005], [-0.003967972695980571, 50.97623011643027], [-0.003971278496232557, 50.97628385121215], [-0.003970496961957861, 50.976338267499564], [-0.003966839920407351, 50.97639316110288], [-0.003961202992020918, 50.976448381566755], [-0.0039464104342170825, 50.976559398092334], [-0.0038513031001518295, 50.97717209281886], [-0.003697676813533876, 50.97822854613192], [-0.003662511363423661, 50.97845068408949], [-0.003641597685297876, 50.9785615074868], [-0.003629491988512536, 50.97861733677345], [-0.0035885602526004646, 50.97878450693656], [-0.0035287171833261453, 50.97900717558], [-0.003404256499004396, 50.97945267764013], [-0.00337605928054576, 50.97956363381881], [-0.0033639320242302255, 50.97961882393037], [-0.0033540307931553812, 50.979673687639064], [-0.003347370683641543, 50.979728075634306], [-0.003345330609633235, 50.9797817843109], [-0.0033497619989483764, 50.979834541064704], [-0.003363110964049778, 50.97988598562885], [-0.003386732164460693, 50.97993476176458], [-0.003418942157286958, 50.97998227379575], [-0.0034574295772968047, 50.98002886220015], [-0.0035004346249098966, 50.98007478657758], [-0.003546634081668177, 50.980120240920655], [-0.003595046088944044, 50.9801653705822], [-0.0036958379621420357, 50.9802550500658], [-0.0042144389689232845, 50.98070148238112], [-0.0047790435997288935, 50.981193595574936], [-0.004936586540991766, 50.98132557156324], [-0.004990793580176679, 50.981368588836034], [-0.00504644421203056, 50.98141077696594], [-0.005104068442574254, 50.98145183225264], [-0.005165479970313978, 50.981492389815884], [-0.005228953131659135, 50.9815317664688], [-0.005360018229941324, 50.981608176591706], [-0.005494322653123539, 50.981682772300424], [-0.005630293451154851, 50.98175647375416], [-0.006178363690851452, 50.98204925600358], [-0.006312777708479481, 50.98212333070136], [-0.006378250519663633, 50.98216094288289], [-0.006441773986646174, 50.98219919749306], [-0.006502464167250123, 50.98223838408911], [-0.006559120912219809, 50.982278895721734], [-0.0066101299490045, 50.98232126060508], [-0.006653359575425236, 50.982366176614164], [-0.0066864651885909995, 50.98241318282447], [-0.0067120680724988184, 50.98246264909404], [-0.006732189436551345, 50.98251391316625], [-0.0067483680948097705, 50.98256647057307], [-0.0067617610773689826, 50.98261994239834], [-0.006773224478729657, 50.98267404756596], [-0.006801480087666233, 50.98283838335496], [-0.0068863196780409594, 50.98338947177402], [-0.006977078267824142, 50.98393903748206], [-0.007000990522394661, 50.98410373016174], [-0.007011948172222695, 50.98421344069435], [-0.007014548794953086, 50.98426825090461], [-0.007014249655986391, 50.98432301750517], [-0.007010390493522387, 50.984378014207174], [-0.007003603721551132, 50.98443296729912], [-0.006994683450773399, 50.984487887526036], [-0.00697269718417985, 50.984597666143685], [-0.0069345259711483, 50.984762254128825], [-0.006773563143568639, 50.98542048430514], [-0.006575769389393621, 50.986243372706745], [-0.006534322020480837, 50.98640770377787], [-0.00650424642479154, 50.986516954209634], [-0.0064878404927339985, 50.98657140996433], [-0.006450938599201158, 50.98668171973979], [-0.006390352623160475, 50.986846535013605], [-0.005987610033529058, 50.98788802116639], [-0.005650736412068223, 50.98876554406216], [-0.005606315619596327, 50.98887470921424], [-0.005558172208585914, 50.9889830230887], [-0.005531639568348859, 50.98903661588305], [-0.005502604221731639, 50.98908963467266], [-0.0054714281897978775, 50.98914051822311], [-0.005437869825728328, 50.989190856614506], [-0.005402575018202689, 50.989240799695345], [-0.005290623374229706, 50.98938927208308], [-0.004903063211208982, 50.98988141419366], [-0.004785047939094963, 50.99002816669627], [-0.004703212315014054, 50.99012431621542], [-0.004660301590529622, 50.990171340015465], [-0.004615291503194986, 50.990217259449224], [-0.004567363687854637, 50.99026164591137], [-0.0045154428610828, 50.99030393678728], [-0.004457259878444539, 50.99034459518282], [-0.004394916797714596, 50.99038307148935], [-0.004329550886051718, 50.99041996338756], [-0.004262021831211613, 50.99045572210586], [-0.004122875488640765, 50.99052510321406], [-0.003909234554502775, 50.99062663358414], [-0.0033336821553372037, 50.99089499456457], [-0.002462588519295219, 50.991298099408084], [-0.0023222986213525883, 50.9913659712464], [-0.0022556346441172754, 50.99140032187341], [-0.0021929088810905407, 50.99143513556413], [-0.002135916166206415, 50.99147061926575], [-0.002087100815367122, 50.991507053996216], [-0.0020497335944709527, 50.99154481576498], [-0.00202813719675119, 50.991584399886065], [-0.0020256623381477244, 50.99162510917941], [-0.0020382881594523707, 50.99166755543702], [-0.0020619893099048854, 50.991711268782424], [-0.002093707924285569, 50.99175588451065], [-0.002131154196892847, 50.99180112103596], [-0.002172651871443016, 50.99184675727445], [-0.0022170043919689008, 50.99189261568079], [-0.0022633915966205455, 50.9919385441547], [-0.00236044378326842, 50.99203005605676], [-0.002462390889933784, 50.99212009145598], [-0.0025156025957679892, 50.992164072385954], [-0.0025664948515633354, 50.9922039256857], [-0.002618663613367456, 50.99224310327116], [-0.0027254086219636424, 50.992320079844845], [-0.003004219634997127, 50.99251377199344], [-0.0031206610587631925, 50.99259324557122], [-0.0032383843784205813, 50.992671523720425], [-0.003359073036863456, 50.99274737666641], [-0.0034213882697832344, 50.99278375724541], [-0.0034856932711074006, 50.99281860325795], [-0.0035524587579479736, 50.99285161956069], [-0.0036211915552987837, 50.99288313070569], [-0.003691323029530262, 50.99291357319595], [-0.004049351077572171, 50.99306044445992], [-0.004190222185503521, 50.9931213976027], [-0.004260798325798229, 50.9931542497207], [-0.00433028391135001, 50.99318804831366], [-0.004466995819486705, 50.99325759326417], [-0.004668708024934157, 50.99336475930772], [-0.0049290469808195405, 50.993508301157014], [-0.005111434627906712, 50.99361211828769], [-0.005292363410940828, 50.993716831918015], [-0.005654411419893896, 50.993930856319594], [-0.005717097657081809, 50.99396649586012], [-0.005781268809371564, 50.99400075296731], [-0.0058477109027572395, 50.99403298082571], [-0.005911886546632518, 50.99406061195598], [-0.005978045670699144, 50.994086529907264], [-0.006250385220442645, 50.99418431237224], [-0.0063177714431442225, 50.99420979320129], [-0.006390545760936387, 50.99423930304491], [-0.0065329368183232725, 50.994301810048036], [-0.006743450716931596, 50.99439927204503], [-0.006883943634118211, 50.99446305493059], [-0.0070968928654911775, 50.99455478348937], [-0.007241177571459346, 50.99461366645921], [-0.007388087154713037, 50.9946697212582], [-0.007458793550720196, 50.99469477551457], [-0.0075302751928224745, 50.994718940395074], [-0.0076751518886113874, 50.99476494974996], [-0.007822405526620075, 50.99480780021767], [-0.007897048340208296, 50.99482776870644], [-0.008055574936692822, 50.994866087510026], [-0.008216048182420953, 50.99490151374563], [-0.008538581098651247, 50.994970055954546], [-0.008699115429815324, 50.99500541596027], [-0.008778849894451978, 50.995023856683545], [-0.009096197734869133, 50.995100638674636], [-0.00917585224943072, 50.99511841616046], [-0.00925608797398103, 50.99513459302773], [-0.009337174403082535, 50.995148495336615], [-0.00941756912945248, 50.995159433882186], [-0.00949867891474516, 50.995168375478386], [-0.009742567921148658, 50.99519153089699], [-0.009822716509113835, 50.99520072691092], [-0.009901478996590957, 50.995212169203555], [-0.009978213088155361, 50.99522698006496], [-0.010052217199573948, 50.99524602057482], [-0.010123940488495471, 50.99526871120757], [-0.010193737789440027, 50.99529425872207], [-0.010261791460418427, 50.995322096597675], [-0.010328118569408809, 50.99535185846094], [-0.010392569996093072, 50.995383356600605], [-0.010454812465514779, 50.995416572920796], [-0.01051431686991665, 50.995451651590606], [-0.010570327726206639, 50.99548890300121], [-0.010621907193181486, 50.99552831301275], [-0.010670188046447877, 50.99556965490152], [-0.010716084770950967, 50.995612386461396], [-0.010760322307115024, 50.99565608421814], [-0.010974047682880137, 50.99587936509709], [-0.011063358188442292, 50.995967181838154], [-0.01116393985585277, 50.99605722373359], [-0.011318615374747314, 50.996190243551005], [-0.011368708129925872, 50.99623502967395], [-0.01141685423589429, 50.996280507770805], [-0.01146211944473781, 50.99632703402439], [-0.011503277556118508, 50.99637431104573], [-0.011541482905139795, 50.99642267296721], [-0.011577504449717222, 50.99647183709995], [-0.011611938671190127, 50.99652158407761], [-0.011677786978161004, 50.99662217638543], [-0.011838200036750216, 50.99687481661506], [-0.011906312996537044, 50.996973896371166], [-0.011942810648209434, 50.99702227406332], [-0.011981843345624209, 50.997069452003046], [-0.012024356116461228, 50.99711498525306], [-0.012071575161058418, 50.997158297148175], [-0.012123542700212604, 50.997198295414776], [-0.012179908391056152, 50.99723624251436], [-0.01223930589593675, 50.99727280783971], [-0.012486480939622624, 50.99741579485572], [-0.012546185668377403, 50.99745313910455], [-0.012605891295395744, 50.99749371039072], [-0.012663363710663327, 50.99753568146817], [-0.012773705573637639, 50.99762248478154], [-0.012880307750095297, 50.99771158723549], [-0.013296733478148505, 50.99807411753305], [-0.013402763427755026, 50.99816375224525], [-0.013456996518089123, 50.99820791062104], [-0.013512499826218953, 50.99825137753244], [-0.013569754849188957, 50.99829388670211], [-0.01362768181195438, 50.998334223764246], [-0.013687300302421055, 50.99837363870883], [-0.013809981424125931, 50.99845060794052], [-0.013999137876875728, 50.99856324584492], [-0.014127793693575922, 50.998636710755584], [-0.014259278305069187, 50.99870796618614], [-0.014326691477250436, 50.99874217965375], [-0.014395752159675134, 50.998774944687305], [-0.014465825243395207, 50.99880549355444], [-0.014537517989582024, 50.998834515411815], [-0.014610426156375136, 50.99886227540778], [-0.01468425868958147, 50.99888890244246], [-0.014758813468254072, 50.998914389733685], [-0.014833968321554508, 50.998938588033326], [-0.014909671147184412, 50.998961188667344], [-0.014985935419866892, 50.99898169922642], [-0.015062837496388518, 50.998999407949924], [-0.015140521107218299, 50.999013333410524], [-0.015219202746323332, 50.99902217193756], [-0.015301403086392407, 50.99902486465205], [-0.01538462211600336, 50.99902225504253], [-0.015468586747305224, 50.999015797162855], [-0.015553093062690052, 50.99900659116341], [-0.015637982958735627, 50.99899545904763], [-0.015808447267048276, 50.99896964051128], [-0.01606440603758639, 50.998926475034224], [-0.01623383369004853, 50.99889570972092], [-0.016400276240855965, 50.9988622002173], [-0.016481402195829754, 50.99884357332571], [-0.01656032099016851, 50.99882295585584], [-0.01663616305468191, 50.99879954275697], [-0.016707786630592227, 50.99877227004921], [-0.01677356756391412, 50.99874062722061], [-0.01683509138109113, 50.99870512815984], [-0.01689334533063341, 50.998666737335526], [-0.016949031895071083, 50.998626166509695], [-0.01700260831696038, 50.998583917137985], [-0.01705432792111575, 50.998540319377824], [-0.017105871455473345, 50.998494217657274], [-0.017205314957428053, 50.998399688803964], [-0.017302088666375868, 50.99830347219196], [-0.0175890231445283, 50.998012936839544], [-0.01768670235525022, 50.99791825831775], [-0.017736857992525706, 50.997872346503435], [-0.017788459019064215, 50.99782803572788], [-0.017842133357303742, 50.997786053607776], [-0.01789873440672003, 50.997747392348444], [-0.017959404824387834, 50.997713387328965], [-0.01802565467826116, 50.99768580869039], [-0.018097295322183078, 50.9976663937849], [-0.018174344722395284, 50.99765318931518], [-0.018255366472839277, 50.99764450034693], [-0.018339257442279114, 50.99763904352254], [-0.018425174112673665, 50.997635870174186], [-0.01851246071387516, 50.99763429904722], [-0.018600591731448273, 50.99763386541846], [-0.018777625419434597, 50.99763543484935], [-0.01895271245821078, 50.99764015840632], [-0.019038120682181612, 50.99764424367492], [-0.019121033386248876, 50.997650124516326], [-0.019200314201651254, 50.997658572076226], [-0.01927445216207079, 50.99767065318098], [-0.019341444922677014, 50.99768780665958], [-0.019398667606284798, 50.99771193153728], [-0.019444639789277424, 50.99774515580171], [-0.019480566112429168, 50.99778555552993], [-0.019509177454216327, 50.99783115931191], [-0.019532536346574828, 50.997880477990016], [-0.019552183400126447, 50.99793240289458], [-0.019569251390544794, 50.99798611990903], [-0.01959871433521364, 50.99809673498327], [-0.019676692593458063, 50.998435445896746], [-0.019705067678341993, 50.9985473958121], [-0.01972096157065385, 50.998602709779966], [-0.019738714077293697, 50.99865733113494], [-0.019759126495505826, 50.99871098059953], [-0.0197832902783302, 50.99876327826658], [-0.019812667883074897, 50.99881370967889], [-0.01984920056903405, 50.99886159304], [-0.01989246253481701, 50.99890460706591], [-0.01994237023706021, 50.998945264145405], [-0.01999716387611639, 50.9989841912474], [-0.020055496877403243, 50.99902186891528], [-0.020116351449709382, 50.9990586617961], [-0.020242787529314996, 50.99913059498512], [-0.02043804084789854, 50.99923647545704], [-0.020702064693044205, 50.99937520679336], [-0.02083600889179031, 50.99944210518442], [-0.02090405447796162, 50.99947418623422], [-0.02097324721269282, 50.999504840923805], [-0.02104404703349814, 50.99953352597015], [-0.02111705311664148, 50.99955953188347], [-0.02119266700905874, 50.99958227354827], [-0.02127047638401545, 50.99960237113978], [-0.021349873980407174, 50.99962056694319], [-0.021430384589435976, 50.999637446645345], [-0.021838738056338108, 50.999716246020334], [-0.02199604204573974, 50.99975009749785], [-0.022071671209507624, 50.99976783249864], [-0.022222015052098233, 50.99980496342087], [-0.022595989993080857, 50.999901317120994], [-0.022840891400779734, 50.99996263835268], [-0.023087363063604992, 51.00002136069123], [-0.02324989075639503, 51.00005732740147], [-0.023490847661672285, 51.00010669007013], [-0.02365223090079351, 51.00013813862549], [-0.023814083060466163, 51.00016836435924], [-0.023976562244212865, 51.00019654981276], [-0.02405816071306005, 51.00020936518001], [-0.024140105033256285, 51.000220894993674], [-0.02422251198585784, 51.00023067964528], [-0.024308571488390916, 51.00023859137237], [-0.024395110691273987, 51.00024461434684], [-0.02456909639550868, 51.00025273637249], [-0.0247436210889018, 51.000257236924995], [-0.02491801732324345, 51.00025851116749], [-0.025004947293263868, 51.00025759364504], [-0.025091549378243868, 51.000255213626815], [-0.025177680746011455, 51.00025086740785], [-0.02526315454697029, 51.00024386811764], [-0.025348931978514812, 51.00023350287978], [-0.025434031181983945, 51.0002204483866], [-0.02551863451545544, 51.000205444646994], [-0.025602879421118344, 51.00018904850503], [-0.025770673936390633, 51.00015361556494], [-0.026021391935562212, 51.00009713943777], [-0.026354142289845648, 51.000018629592255], [-0.026519140349653622, 50.9999772718807], [-0.02668315924582547, 50.999932718893234], [-0.026846207063134807, 50.99988503111082], [-0.02717022130127884, 50.99978755802209], [-0.027332736417642795, 50.99974126306684], [-0.027414534312478932, 50.9997198946702], [-0.02749693407853696, 50.99970045234919], [-0.02758018634580716, 50.99968372191762], [-0.02766461989769392, 50.99967073737089], [-0.027749747847270242, 50.99966239193713], [-0.027836042708409527, 50.99965774264453], [-0.027923188274133474, 50.999655788290774], [-0.02801094379591986, 50.99965576850414], [-0.028099130509046378, 50.99965711625635], [-0.028187616361139586, 50.99965941263609], [-0.02836512615625434, 50.99966572570121], [-0.029076880220471907, 50.999696415880145], [-0.029343474145646715, 50.99970595359239], [-0.02952076924338843, 50.9997094773048], [-0.029609167958929972, 50.99970958810978], [-0.029697314247853712, 50.999708009138416], [-0.029785115583725427, 50.99970411569897], [-0.029870374687344693, 50.999697596293], [-0.029955307702517586, 50.99968885682769], [-0.030040008054042285, 50.99967848128986], [-0.03012454760708636, 50.99966691289882], [-0.030293350930465923, 50.99964144354625], [-0.030630758151169165, 50.9995859968327], [-0.03139185847057736, 50.99945570205268], [-0.03155991529393553, 50.999428482306755], [-0.03164306425493949, 50.99941614104011], [-0.03172519991631759, 50.99940524985544], [-0.03180584437431387, 50.999396483198986], [-0.03188434814699361, 50.999390763134265], [-0.03195983897020848, 50.99938932661659], [-0.03203115981389707, 50.999393818207466], [-0.032096792525164425, 50.999406390702184], [-0.03215590975571745, 50.999428973582965], [-0.03220925890380763, 50.999459742500015], [-0.032258376088605094, 50.99949651015891], [-0.03230442732330883, 50.99953761107209], [-0.03234828936368615, 50.99958179414573], [-0.03239061438662982, 50.999628129964066], [-0.0324724455191252, 50.99972471355603], [-0.032672235329884176, 50.99997319868938], [-0.03275405388595348, 51.00007117566003], [-0.032796364535843545, 51.00011900967071], [-0.03284020232169921, 51.00016560556794], [-0.032886214030564125, 51.00021045512771], [-0.03293527012989217, 51.000252878269066], [-0.032988528548142194, 51.000291966522184], [-0.033047511929694275, 51.0003265276268], [-0.033111811541102425, 51.00035496737996], [-0.033181595367323874, 51.00037907730319], [-0.03325542520560566, 51.000399990310946], [-0.03333219433145683, 51.000418578701066], [-0.033411067311710264, 51.000435502773406], [-0.03349141622399489, 51.00045125944834], [-0.03365480989268674, 51.000480643213265], [-0.03415137163231251, 51.00056416667677], [-0.03439902278309334, 51.00060737415991], [-0.03473789425773219, 51.000670968175385], [-0.03541276439469208, 51.00080193001024], [-0.035581990824537744, 51.00083275907117], [-0.03575218923154295, 51.000860577229936], [-0.03583791366245861, 51.000872569311476], [-0.03592445106874763, 51.00088287730956], [-0.03609878711591689, 51.00089963557457], [-0.0363619800194475, 51.0009196048338], [-0.03697775987536751, 51.000961385127304], [-0.03715322330822744, 51.00097512683665], [-0.037327951020864544, 51.00099160580224], [-0.03750027933338772, 51.001011953783454], [-0.037671884502114145, 51.00103499944145], [-0.03827088293022335, 51.001121607393394], [-0.038442300351056405, 51.001145201916984], [-0.03861429359196217, 51.001166443592155], [-0.03870065762337795, 51.00117556210469], [-0.03886893992387426, 51.00118962880587], [-0.039122687042191816, 51.00120529251331], [-0.039461987013212775, 51.001221869761686], [-0.03971670431199542, 51.00123224551971], [-0.03988659729178742, 51.00123744300815], [-0.03997158061263117, 51.00123913385944], [-0.04006101778061727, 51.00124005192777], [-0.04023996937174001, 51.00123993490799], [-0.041045701587738105, 51.00123049078777], [-0.04131432570545315, 51.001229563674194], [-0.041403861688153444, 51.00123024431124], [-0.04158139753438391, 51.00123357004827], [-0.042113687967766524, 51.001249482478556], [-0.04229059768825344, 51.00125303151283], [-0.04237876284181629, 51.00125348263246], [-0.04246661538165588, 51.00125250577185], [-0.04255402595039025, 51.001249520354534], [-0.04264082117314616, 51.0012437626423], [-0.042727795160624395, 51.00123449320454], [-0.04281412775100844, 51.001222377412994], [-0.04289997884438153, 51.00120817278521], [-0.042985456238628865, 51.00119243728394], [-0.04307062461240796, 51.001175564365944], [-0.04324008101094382, 51.00113931586547], [-0.0434080156634301, 51.0011001463556], [-0.04349109725081853, 51.001079242143156], [-0.04357329489592961, 51.00105712871197], [-0.04365428700193592, 51.00103340694762], [-0.04373098785584107, 51.001008691911196], [-0.04380656042575853, 51.00098248951485], [-0.04395544450599906, 51.00092710093555], [-0.04417578058393765, 51.00084002114534], [-0.044614279715169534, 51.00066278742965], [-0.0447616231846879, 51.000605701375875], [-0.04483596326602093, 51.00057838393873], [-0.04491099684677996, 51.000552388207005], [-0.044986989828238975, 51.00052825971825], [-0.04506429165506899, 51.000506726044755], [-0.04514335597647082, 51.00048874315004], [-0.045222272974182055, 51.00047541511262], [-0.0453028419736888, 51.00046550274978], [-0.045384607529162714, 51.00045815525327], [-0.04546720133132714, 51.00045274455084], [-0.04555031076649228, 51.0004488336489], [-0.04571699137083046, 51.00044457903039], [-0.04580002804243061, 51.00044414147062], [-0.0458824628427754, 51.00044501432887], [-0.045963927462655096, 51.00044753284145], [-0.046043962862885965, 51.000452220496825], [-0.046121983341927214, 51.00045981673618], [-0.046197242399790915, 51.0004713255707], [-0.046268787822287154, 51.0004880664594], [-0.04633874322672085, 51.00051221362465], [-0.04640487001142526, 51.00054180143203], [-0.04646842312284548, 51.0005751350384], [-0.046530452691521666, 51.000610839010534], [-0.04665355871635363, 51.00068487447874], [-0.046716357242945365, 51.00072122113451], [-0.0467812066233105, 51.00075581018533], [-0.04684917854758632, 51.00078755848483], [-0.04691588384732144, 51.00081378360401], [-0.04698532811037341, 51.00083743707723], [-0.04705661212311426, 51.000859344272136], [-0.04727382026722616, 51.00092168124279], [-0.04734489407417949, 51.00094360026959], [-0.04741397541783735, 51.000967324906476], [-0.047480103100872244, 51.00099374891528], [-0.04754576276161927, 51.00102524379057], [-0.0476080591299334, 51.0010598399638], [-0.04766793903015546, 51.001096682672184], [-0.04772617591168614, 51.00113508674944], [-0.04778341027338951, 51.00117449479222], [-0.04795448723272261, 51.00129431629249], [-0.04801304660947809, 51.00133345624221], [-0.04807335590437929, 51.00137149380161], [-0.04813351068907985, 51.0014067324753], [-0.04819542078180869, 51.00144083202138], [-0.048258651398037575, 51.00147407000977], [-0.04838778601675727, 51.001538794021315], [-0.04858504617168988, 51.00163351999021], [-0.04892048698024684, 51.00179105868746], [-0.04905789328610657, 51.00185408803613], [-0.04919713574840013, 51.00191512290391], [-0.04926796521360966, 51.0019443474565], [-0.049339997522999425, 51.00197229270746], [-0.049417308332967015, 51.00200005195673], [-0.04949580222417869, 51.002026558476956], [-0.049733573703481804, 51.00210368049899], [-0.04981210712056576, 51.00213017395808], [-0.049889473626086756, 51.00215791728437], [-0.04996000485062663, 51.00218522531197], [-0.05002936467201802, 51.00221378207372], [-0.0501655816084541, 51.00227354963009], [-0.050365799017264706, 51.00236736735875], [-0.050561790751029095, 51.00246477001838], [-0.050688879905857936, 51.0025321908118], [-0.05094511715412958, 51.002677503639724], [-0.05101005367104638, 51.00271242362558], [-0.05107645354360176, 51.002745715536484], [-0.051144952778973886, 51.002776704979965], [-0.05121563492045938, 51.00280490185068], [-0.051359020412866475, 51.002857851774074], [-0.051428435929811264, 51.002885416032676], [-0.05149386382520712, 51.00291569311414], [-0.05155359191011961, 51.002949923264254], [-0.051607597726688055, 51.00298773338172], [-0.0516559145125717, 51.00302854459956], [-0.05169808143199274, 51.003072021692496], [-0.051733102253370376, 51.00311805498672], [-0.051760779347276235, 51.00316792372487], [-0.05178170739842216, 51.003219826884184], [-0.0517977522077131, 51.00327317712338], [-0.05181030436718918, 51.003327538035386], [-0.05182038256635883, 51.003382588533725], [-0.051835751842565864, 51.00349389226215], [-0.05185141307122952, 51.003662013533955], [-0.05185691704897897, 51.0037741543401], [-0.051857368901552264, 51.003830153981355], [-0.05185557676257624, 51.00388608176433], [-0.05185153973368694, 51.003937595772705], [-0.051845742006819885, 51.003989044151474], [-0.051817683128947724, 51.004194315910475], [-0.05181245762893181, 51.00424551810928], [-0.05180930723721096, 51.00429667050734], [-0.05180911140447704, 51.004347765756144], [-0.05181286366741977, 51.004401737065436], [-0.05181999090089099, 51.00445565348034], [-0.05182961455252934, 51.004509531394], [-0.051841058190953866, 51.004563382677304], [-0.05186747135524357, 51.004671048313696], [-0.05198582888548507, 51.00510232732666], [-0.05201361108228469, 51.005210659855045], [-0.052038524060055, 51.00531942173053], [-0.05204928947043761, 51.0053740159593], [-0.05206712731703507, 51.0054864024725], [-0.05209490322562165, 51.00571126060126], [-0.052110594098689525, 51.0058215474975], [-0.052120714518656006, 51.00587515815418], [-0.05213351640979189, 51.00592704245744], [-0.052150257413433376, 51.00597642205648], [-0.05217262815895124, 51.00602224445497], [-0.05220287623118328, 51.006063104441466], [-0.05224396337565996, 51.00609715138798], [-0.05229428699785919, 51.006121412076084], [-0.05235423876331577, 51.006139649977854], [-0.05242134740661432, 51.006153443852426], [-0.05249369682127939, 51.0061640316079], [-0.052569818261823345, 51.006172385481484], [-0.05264859332569308, 51.00617927195724], [-0.05289336268105199, 51.00619684622968], [-0.05305875060970029, 51.0062105095139], [-0.0531413012927374, 51.00621862201636], [-0.05330584660164159, 51.00623693505845], [-0.0534692519484625, 51.00625778663951], [-0.05363091007206221, 51.006281628392195], [-0.053710783775548894, 51.00629509720502], [-0.053789776231716206, 51.006309992708005], [-0.05386763231908874, 51.006326744490664], [-0.053947542853489704, 51.00634658931975], [-0.05402625413699895, 51.00636839555968], [-0.05418127101569048, 51.00641590766833], [-0.0543344391615221, 51.00646638276543], [-0.05471530597736974, 51.00659599256056], [-0.05486841213946839, 51.006646944530296], [-0.05510881837749163, 51.00672349475571], [-0.05567279328926519, 51.00689810463054], [-0.05583274910539856, 51.006949330411494], [-0.05598720094374902, 51.00700146843777], [-0.05621034066369545, 51.00708137957154], [-0.05650535548783952, 51.00719080687086], [-0.05672538524026789, 51.00727412381173], [-0.0569432311882524, 51.007359433633695], [-0.05708576867099937, 51.00741873558775], [-0.057391552498781084, 51.00755644764227], [-0.05752297871979641, 51.00761316565373], [-0.0576643897151832, 51.00767070262084], [-0.05794870560429663, 51.00778409364153], [-0.05808791393063391, 51.00784295643223], [-0.0581556352249529, 51.00787383338091], [-0.05822143771780499, 51.007906189520625], [-0.05828651796522428, 51.007941257052664], [-0.05834956622340889, 51.00797789476972], [-0.05847156193059523, 51.008054342753006], [-0.05864906274250548, 51.00817327716286], [-0.05899997703183274, 51.00841429789617], [-0.05911917897847932, 51.008492805969276], [-0.0591800497204331, 51.00853101513911], [-0.05924223559597093, 51.00856813791752], [-0.05930623337345437, 51.00860376225927], [-0.059372692534818194, 51.00863734894523], [-0.059444655673897985, 51.008669531594286], [-0.059519231113837216, 51.008699561289994], [-0.05959570738893473, 51.008728039432505], [-0.05975235830311313, 51.00878205595018], [-0.059911785011522674, 51.00883402121985], [-0.060395429875650726, 51.008988082545194], [-0.0607996978046537, 51.00911809507656], [-0.06096070644628522, 51.00916861697229], [-0.061040647523420886, 51.00919255331559], [-0.06111991306747265, 51.00921489799875], [-0.06119815722702451, 51.009234848417954], [-0.06127489940342948, 51.00925129788454], [-0.06134948113158175, 51.009262741799205], [-0.0614210139776519, 51.009267162347534], [-0.06148831575875983, 51.00926189115024], [-0.06154915505968187, 51.009245237644656], [-0.06160590612774676, 51.00921923716055], [-0.06165966850086844, 51.009186408285615], [-0.061711255154386815, 51.0091486653942], [-0.06176123562016155, 51.00910744073454], [-0.06180997102095925, 51.009063790124024], [-0.061857638324874696, 51.009018473774326], [-0.06194956652117885, 51.008924807975035], [-0.06199324800017288, 51.008877037869766], [-0.062034645961711835, 51.008828826843335], [-0.06207283334445797, 51.00878019298134], [-0.062106520167612436, 51.008731070716735], [-0.06213396190291211, 51.00868131648161], [-0.062152846286794676, 51.00863070418461], [-0.06216112426214775, 51.008581344933084], [-0.062161475503412805, 51.00853120618488], [-0.062155943677920135, 51.008480510070825], [-0.062146094549143646, 51.008429428982886], [-0.06213310401181737, 51.00837809348697], [-0.06211783085533305, 51.0083266041926], [-0.06208266091367078, 51.008223468864166], [-0.06204315570241607, 51.00812053113668], [-0.06199941673124113, 51.00801828163136], [-0.061975397577149344, 51.007967608131196], [-0.061949360806976855, 51.0079173754563], [-0.06191977299644464, 51.00786576242989], [-0.061854833784569824, 51.00776382889374], [-0.061749770422206834, 51.0076127236397], [-0.06156994926189377, 51.00736228356585], [-0.061500559796064704, 51.00726182419876], [-0.06146754221781456, 51.00721136635921], [-0.06143632666000851, 51.007160663715425], [-0.06140765063949691, 51.007109619045174], [-0.061382494218279834, 51.007058103472], [-0.061362142885503644, 51.00700595024783], [-0.06134793423268, 51.00695435994739], [-0.06133831058104165, 51.00690215686511], [-0.061332052916760756, 51.00684949418015], [-0.06132823238187201, 51.00679649285347], [-0.06132615098533044, 51.006743245584246], [-0.06132534699316159, 51.00663630601278], [-0.06132736460930921, 51.00652917683652], [-0.061331932542516385, 51.00642238147553], [-0.06134078094805961, 51.00631671071847], [-0.06134804113220128, 51.00626469401692], [-0.061358281926412135, 51.006213546615214], [-0.06137268820863068, 51.006163612190136], [-0.061392830233949834, 51.00611534238324], [-0.06142075616118502, 51.006069324498746], [-0.06145860937061075, 51.0060255274544], [-0.061504411772018645, 51.0059840270007], [-0.06155605412105696, 51.00594421662442], [-0.06161192124691139, 51.005905629993556], [-0.06167079144072915, 51.005867914391104], [-0.06179412833261525, 51.005794101991754], [-0.062177997318129195, 51.0055763054952], [-0.06236825330879297, 51.005466048540065], [-0.06254932851722064, 51.0053563441499], [-0.062966949902944, 51.00509810139821], [-0.06308852430022485, 51.005026176895896], [-0.06315051973291129, 51.004991137119156], [-0.06321372250136348, 51.004957013049705], [-0.06328146086369407, 51.004922468960885], [-0.06335051256294771, 51.004888919153764], [-0.06342052725618987, 51.00485609625829], [-0.06356243591826874, 51.004791869224675], [-0.06435393073530253, 51.004446475693456], [-0.06456863886799227, 51.00435100873959], [-0.06471031217146496, 51.00428605745353], [-0.06484969836419406, 51.00421918752733], [-0.06491549277223906, 51.00418610243467], [-0.06523979177632966, 51.00401842341467], [-0.06530539394489576, 51.00398637546679], [-0.06537192946304615, 51.00395573956603], [-0.06543982682716291, 51.00392712734851], [-0.06550962682306548, 51.00390133134127], [-0.06558201756023037, 51.00387936735883], [-0.06566206104530178, 51.00386116305056], [-0.06574499351233866, 51.00384718477794], [-0.06583004959668047, 51.003836259020666], [-0.06591664808840544, 51.00382749602786], [-0.0660928310718071, 51.00381399145115], [-0.06627115024897325, 51.00380333532548], [-0.06653926951351961, 51.003790060246224], [-0.06671604358837806, 51.00378375904793], [-0.06680287204879322, 51.00378221582796], [-0.06688795148935966, 51.00378247472715], [-0.06697050756227933, 51.00378536218771], [-0.06704949462859756, 51.00379200425076], [-0.06712351580799429, 51.00380390739063], [-0.06719073584239962, 51.00382306026381], [-0.06724811393453856, 51.00385017455036], [-0.06729904841113073, 51.00388418863898], [-0.06734528290217577, 51.00392324839508], [-0.06738817296542704, 51.003965928170295], [-0.0674287750196377, 51.00401113809624], [-0.06746792359971134, 51.00405804551002], [-0.06762252994832937, 51.004251584089886], [-0.06766356139725264, 51.00429939909339], [-0.06770687995688604, 51.00434623668687], [-0.06775339112900362, 51.00439166048128], [-0.06780252807673723, 51.0044342787759], [-0.0678547749919889, 51.00447549006546], [-0.06790934584886495, 51.0045156363439], [-0.06796562799634494, 51.004554989510126], [-0.0680815178545265, 51.00463212541769], [-0.06837746692658532, 51.00482195513137], [-0.06849376012829685, 51.004898938537835], [-0.06855040968675646, 51.004938189630664], [-0.06860551773616343, 51.00497822302044], [-0.06865853899917973, 51.00501931455544], [-0.06871158361838721, 51.005063910705985], [-0.06876234651680059, 51.0051096859583], [-0.06881144304033142, 51.00515635089298], [-0.06890639316923801, 51.00525153921013], [-0.06904473551960655, 51.00539717532927], [-0.06936310833777862, 51.00574065120944], [-0.06945373667184936, 51.00583432626501], [-0.06949890486263968, 51.005878240497964], [-0.06954390776343079, 51.00591888016149], [-0.06958867440731865, 51.00595477786064], [-0.06963310867451365, 51.00598394390818], [-0.06967708839421083, 51.00600372048805], [-0.06972045636118457, 51.00601060585829], [-0.06976353866388126, 51.00600159965132], [-0.06980605682460082, 51.00597949421895], [-0.06984824260866097, 51.00594791509226], [-0.0698903116117318, 51.00590961844088], [-0.06993248392103539, 51.00586668213165], [-0.07006233000548971, 51.0057238438198], [-0.07010797071011997, 51.005674660661995], [-0.07015569370958881, 51.00562582112992], [-0.07020547564767161, 51.00557825620803], [-0.07025734347388153, 51.00553144133842], [-0.07036531378451862, 51.005439601641704], [-0.0704769330518322, 51.00534974018343], [-0.07053379101941834, 51.005305582952154], [-0.07064987850696135, 51.00521948815724], [-0.07070955628620298, 51.0051781249071], [-0.0707708492363593, 51.005138508855794], [-0.07083436731349277, 51.005101352242896], [-0.07090093786592992, 51.00506763298523], [-0.0709716595332877, 51.00503866137859], [-0.07104012014108455, 51.005017486482046], [-0.071112041957698, 51.005000524512404], [-0.07118652487116955, 51.00498698183902], [-0.07126284034781992, 51.004976345767176], [-0.07134038202480819, 51.004968358536836], [-0.07141862977764855, 51.00496301053986], [-0.07149710839747615, 51.004960538059095], [-0.07157534896380643, 51.00496143570417], [-0.07166135816066867, 51.00496692784454], [-0.071745868069342, 51.00497660239855], [-0.07182811512179342, 51.00498995684101], [-0.07190708152684502, 51.0050068962038], [-0.07198140723515792, 51.005027731945084], [-0.07204927675149798, 51.00505320116712], [-0.07210830235388035, 51.00508450448773], [-0.07215645923961388, 51.0051225542339], [-0.07219585575471978, 51.005166095500435], [-0.07222892184201327, 51.00521357379414], [-0.07225752150570483, 51.00526381900657], [-0.07228308127048534, 51.00531595610103], [-0.0723066934877252, 51.005369339541225], [-0.07239679540906359, 51.00558743829307], [-0.07242125473759962, 51.00564185754128], [-0.07244734540673145, 51.00569562950437], [-0.0725034029754038, 51.00580228635472], [-0.07261989290817972, 51.00601403978164], [-0.07267405592990683, 51.006120339790115], [-0.07269832122236992, 51.00617393314395], [-0.07271903996609227, 51.006225424827925], [-0.0727378192470811, 51.00627723356095], [-0.07277165339395963, 51.00638142966976], [-0.07283573471473972, 51.00658992801701], [-0.07287255396330641, 51.00669271935097], [-0.07289417102229281, 51.00674323597507], [-0.07291911005121231, 51.006792852108276], [-0.07294857658916966, 51.006841244998796], [-0.07298274760425966, 51.006887185244274], [-0.07302130868613152, 51.00693194182406], [-0.07306314951713966, 51.00697581432042], [-0.07310741400274992, 51.00701903392011], [-0.07315345355939154, 51.007061774719446], [-0.07324904688201983, 51.00714629868169], [-0.07334748606748624, 51.00723001023998], [-0.07350173398829571, 51.00735710372073], [-0.07393843918389058, 51.00770716137236], [-0.07404837860163195, 51.00779400557117], [-0.07416000864871063, 51.00787925339196], [-0.074217107364819, 51.00792067923519], [-0.07427561643590362, 51.00796079257484], [-0.07433613683488939, 51.007999031574904], [-0.07439947345230905, 51.008034646744875], [-0.07446668091028831, 51.00806664780809], [-0.07453603983338268, 51.00809332721371], [-0.07460906747608968, 51.00811653666192], [-0.07468482959052801, 51.00813710421835], [-0.07476261740592106, 51.008155630724694], [-0.07484191169604654, 51.008172524278464], [-0.07492234325333078, 51.00818802905996], [-0.07500366504107193, 51.00820224059428], [-0.07508573512542857, 51.008215117055656], [-0.07516849870917773, 51.008226484920286], [-0.07525553018883688, 51.00823657480213], [-0.07534309616610238, 51.008245241438566], [-0.07551916596180319, 51.00825989157186], [-0.07604903453717773, 51.008297752188525], [-0.07622515733347393, 51.00831177659911], [-0.07631298382216435, 51.008319640034316], [-0.07640170593122772, 51.00832836939541], [-0.07657869111017071, 51.00834755092279], [-0.0771967670599384, 51.00841940979617], [-0.0773738546468506, 51.00843768240359], [-0.07746267197730619, 51.00844561477495], [-0.07755087755503837, 51.00845240312924], [-0.07772785644580177, 51.00846357367218], [-0.07843858283733987, 51.008498611956405], [-0.0786154647100501, 51.008510105231345], [-0.07870329928358105, 51.00851751136642], [-0.07878985914773076, 51.008526456040684], [-0.0788756266978072, 51.008537007645415], [-0.07896038723643736, 51.008549222701824], [-0.07904380659036776, 51.008563336906974], [-0.07912541044906403, 51.00857978265513], [-0.07920454483907284, 51.008599225776955], [-0.07928033569961837, 51.00862260284328], [-0.07935031446024325, 51.008649920630795], [-0.07941711318477654, 51.008680912347614], [-0.07948157269630136, 51.00871460184813], [-0.0795443388834974, 51.00875023794709], [-0.07966665259428958, 51.00882520999693], [-0.07996671595032129, 51.00901955503679], [-0.08008880687889987, 51.00909549147727], [-0.08015130357153344, 51.00913208871741], [-0.08021530584056893, 51.009167259887676], [-0.0802813688448794, 51.009200474818726], [-0.08035021213500651, 51.0092310479081], [-0.08042225522416137, 51.00925837381553], [-0.08049708488731246, 51.00928306467451], [-0.08057400043859064, 51.00930579705139], [-0.08065246558369513, 51.00932709264194], [-0.08081248607851947, 51.009366869593386], [-0.08129922923207, 51.00947930069308], [-0.08137861065878062, 51.00949881861104], [-0.0814563382870682, 51.00951916568704], [-0.08153161800619854, 51.00954073022049], [-0.08160337992266187, 51.009564030508734], [-0.08167018673203572, 51.009589756672085], [-0.08173013759912832, 51.00961881700048], [-0.08178074419068009, 51.0096523961689], [-0.08181973646389207, 51.00969114189824], [-0.08184941859751949, 51.00973433748993], [-0.08187213519441985, 51.00978080616647], [-0.08188962808793183, 51.00982963849782], [-0.08190313515655585, 51.00988013587975], [-0.08191346847726784, 51.009931764751386], [-0.0819210673262485, 51.009984111377754], [-0.08192603500976406, 51.01003685302387], [-0.08192814874563438, 51.01008972517243], [-0.08192685427331699, 51.010142499480324], [-0.08192123710783324, 51.01019496343127], [-0.08190998570892105, 51.010246898857794], [-0.08189250718842922, 51.01029696623145], [-0.0818697591504971, 51.01034646156658], [-0.08184314566188797, 51.01039551655693], [-0.0818137455992491, 51.0104442363313], [-0.08174969571950076, 51.01054100031293], [-0.08157977848518709, 51.010781592192735], [-0.0814809278713167, 51.01092782757743], [-0.0814177430692066, 51.011027433474716], [-0.08123272156169634, 51.011327691118005], [-0.08116872647917088, 51.011427425584834], [-0.08113542054168568, 51.01147701240441], [-0.08110083630156419, 51.01152629849118], [-0.08106457490682849, 51.01157516402635], [-0.08102655640737007, 51.01162325181343], [-0.08094640063286136, 51.01171827708591], [-0.08082368537516675, 51.011859109188016], [-0.08074751183232443, 51.01195200606521], [-0.0807139417901593, 51.011997976290154], [-0.08068533583825468, 51.012043434980384], [-0.08066374483041747, 51.01208815323914], [-0.08065185203437765, 51.01213181230693], [-0.0806531384218545, 51.012173980954614], [-0.08067021270045242, 51.012213834589616], [-0.08070059372335492, 51.012251739453774], [-0.08074127123605514, 51.012287591559094], [-0.0807900722138743, 51.01232109023557], [-0.08084553869108985, 51.012351715525], [-0.0809068325395432, 51.012378690879444], [-0.08097367258657628, 51.01240094416448], [-0.08104859567455902, 51.01241811706487], [-0.08112794745686541, 51.012430392703415], [-0.08121040471510435, 51.01243908511957], [-0.08129498648897872, 51.01244519524278], [-0.08138097861786281, 51.01244947362848], [-0.08155530388526698, 51.01245461447295], [-0.08173087511597868, 51.0124573747942], [-0.08243117116875158, 51.012464685349386], [-0.08260504638020998, 51.01246765591561], [-0.08277823258382787, 51.01247231014137], [-0.0828644537831386, 51.012475737369364], [-0.0829503210461928, 51.01248029042782], [-0.08303571938866208, 51.01248638980729], [-0.0831204934020488, 51.01249458824921], [-0.08320210804054363, 51.01250499144033], [-0.08328313338420919, 51.01251739026417], [-0.08336371765510003, 51.01253127323539], [-0.08352397979674361, 51.012562031202144], [-0.08376294783198043, 51.01261242048671], [-0.08400037525652855, 51.01266601877333], [-0.0841571842741961, 51.01270407134334], [-0.0842348265625261, 51.012724238983665], [-0.08439055221196079, 51.012768065874056], [-0.08454456836741907, 51.01281441339017], [-0.0846976889025713, 51.012862064145175], [-0.08530824415677242, 51.01305523706443], [-0.0855387033496355, 51.01312517724549], [-0.0856942268781567, 51.01316874604054], [-0.085773012721825, 51.013188869960906], [-0.08585575923759602, 51.013208213376664], [-0.0859393016607288, 51.01322626707338], [-0.08610796035530885, 51.013259823849204], [-0.0864482341000834, 51.01332215263471], [-0.08747239347405472, 51.01350369426813], [-0.08781462374954094, 51.01356200611353], [-0.08798542582439554, 51.01358868348848], [-0.08824104503173073, 51.01362532126591], [-0.08926817962592215, 51.01376409321891], [-0.0894393500100534, 51.01378877885347], [-0.08960913070044159, 51.013815516004954], [-0.08977749025602148, 51.01384431823357], [-0.08994540873882664, 51.01387442709204], [-0.09019519069348941, 51.013921847868694], [-0.09035750189227888, 51.01395633269589], [-0.09043589696880985, 51.01397528300682], [-0.0905113024520671, 51.01399603842342], [-0.09058246339560556, 51.01401932799602], [-0.09064770713639655, 51.0140461209651], [-0.09070483190362064, 51.01407768836167], [-0.09075334452220474, 51.01411633205698], [-0.0907928991407998, 51.01416002990665], [-0.090825446001871, 51.01420742269865], [-0.09085225711984159, 51.014257488622555], [-0.09087399904465787, 51.01430947601522], [-0.0908907858623847, 51.0143628462793], [-0.090902194466489, 51.014417225844184], [-0.09090761490090833, 51.01447121708604], [-0.09090782241173785, 51.014525614608694], [-0.09090321854591343, 51.01458015279], [-0.09089377545562492, 51.01463460500438], [-0.09087995756993862, 51.01468725489425], [-0.09086283208737282, 51.01473965888474], [-0.09080530577321282, 51.01489563169951], [-0.09078836264862437, 51.0149472340775], [-0.09077489690250015, 51.0149986176868], [-0.09076668180924402, 51.01504973844693], [-0.09076589398672281, 51.01510052741107], [-0.09077401565521426, 51.01514989328826], [-0.09078952866185684, 51.01519893754656], [-0.09081062559632393, 51.01524771783154], [-0.09083594191765766, 51.01529626127079], [-0.0908644795975828, 51.01534455712743], [-0.09089556130642136, 51.015392553974415], [-0.09092878100561846, 51.015440155173785], [-0.09096398328667643, 51.015487204748155], [-0.0910012472012729, 51.015533473818124], [-0.09104089434633564, 51.01557864364796], [-0.09108350593185338, 51.01562227795455], [-0.09112994703539742, 51.01566379747651], [-0.09118141690792646, 51.01570243871979], [-0.09123705496335427, 51.015736535669625], [-0.0912974522931711, 51.01576778487424], [-0.09136149229148484, 51.015796756561286], [-0.0914283413216555, 51.015823829940764], [-0.09149740020741923, 51.01584920846468], [-0.09156827189345906, 51.015872930564925], [-0.09164072730931493, 51.015894865132836], [-0.09171468650497867, 51.01591470925907], [-0.09179020068441819, 51.01593196732377], [-0.09187195366346602, 51.015946955239635], [-0.09195502626768343, 51.01595900219525], [-0.09203889477922911, 51.0159685919472], [-0.09212309926072271, 51.015975944899026], [-0.09220719863928907, 51.01598102883923], [-0.09229073297754782, 51.01598354876889], [-0.09237317945602168, 51.01598292316625], [-0.09245390386409302, 51.015978247817756], [-0.09253211388765516, 51.01596824382493], [-0.09260623298343557, 51.015952035227066], [-0.09267717294142142, 51.01593044711334], [-0.0927449220835171, 51.015904560013055], [-0.09280917408421241, 51.0158750741208], [-0.09286929742788123, 51.015842347160266], [-0.09292428600137431, 51.01580642207494], [-0.09297271058507625, 51.01576703945988], [-0.09301558807190144, 51.015721326152224], [-0.09305147037759537, 51.01567237230318], [-0.09308229876151912, 51.01562113242028], [-0.09310953118936174, 51.01556831461433], [-0.09313425552094166, 51.015514434286835], [-0.09315726676525668, 51.015459861035325], [-0.09322096540373996, 51.0152942115017], [-0.09356007403357908, 51.01437167792598], [-0.09360134982424613, 51.014265204109606], [-0.09364650813360186, 51.0141608510777], [-0.09367187655723395, 51.01411023345701], [-0.09370023457410627, 51.01406130729536], [-0.09373280479136864, 51.0140147813054], [-0.09377121315966738, 51.01397160326409], [-0.09381758868618997, 51.01393301935499], [-0.09387083991792994, 51.01390149142098], [-0.09393146811476744, 51.013874351925864], [-0.09399763712026868, 51.01385067345084], [-0.09406794286767042, 51.01382980945856], [-0.09414133253144104, 51.01381136547137], [-0.09421704434020853, 51.01379517363956], [-0.09429454469473048, 51.01378128030869], [-0.09437349223514295, 51.01376994262868], [-0.09445370280687457, 51.01376163364081], [-0.09453727756933611, 51.013756643839095], [-0.09462171561277492, 51.0137545154446], [-0.09470669534033016, 51.01375438489255], [-0.09479196252878999, 51.01375554968839], [-0.09504736614048857, 51.01376109334742], [-0.09513164967369327, 51.01376181392696], [-0.09521506363770765, 51.01376094527537], [-0.0952972343333725, 51.013757690516286], [-0.09537768385696538, 51.013751051575674], [-0.09545578877766721, 51.013739764752756], [-0.09553402754733652, 51.01372201192155], [-0.09560963515154075, 51.01369917545892], [-0.09568315956260934, 51.01367253205718], [-0.09575494573359432, 51.013643012531496], [-0.09582514727639933, 51.0136112617264], [-0.0958937354449841, 51.013577678642235], [-0.09596049194868708, 51.01354245034399], [-0.0960249936810422, 51.01350556835047], [-0.09608658846512323, 51.01346683767612], [-0.09614435462947496, 51.01342587117865], [-0.09619523161388623, 51.01338435247877], [-0.09624266355922893, 51.013340930264135], [-0.09628757123859435, 51.01329612843839], [-0.09637256623750022, 51.013203943538464], [-0.09653654560776631, 51.01301697058333], [-0.09657862898389073, 51.012971164702606], [-0.09662207600260904, 51.012926380605144], [-0.09666753165430393, 51.01288309360277], [-0.09671582238903839, 51.01284192199748], [-0.09676800732052362, 51.01280367229557], [-0.09682545278631154, 51.01276939063849], [-0.0968924931576306, 51.01273859324713], [-0.09696524322093455, 51.012712106976885], [-0.09704216056880681, 51.012688765317], [-0.09712206391669771, 51.01266770468672], [-0.09720404776279969, 51.01264831413608], [-0.09728741321780421, 51.01263019748003], [-0.09737160781779626, 51.01261314673584], [-0.0974561725236925, 51.01259713195052], [-0.09754069231383389, 51.012582304026765], [-0.09762475216656145, 51.01256901054833], [-0.09770788944946981, 51.01255782799512], [-0.09778955259700797, 51.01254961204394], [-0.09786904092323988, 51.01254556256345], [-0.09794545611286797, 51.01254731291117], [-0.09801762945773526, 51.01255703222858], [-0.09807283722015343, 51.012572307778946], [-0.09812493501505354, 51.01259326841664], [-0.09817449596761721, 51.01261867866279], [-0.0982219467775321, 51.01264756471534], [-0.09826758478723781, 51.01267917432161], [-0.09831813119165064, 51.01271812663647], [-0.09836709386621399, 51.01275911297501], [-0.09841490310393747, 51.012801522946], [-0.09846187331520535, 51.012844910059854], [-0.09855412310837035, 51.012933438455164], [-0.09873427754363984, 51.013113497478265], [-0.09895912675756269, 51.01334805474062], [-0.09905018089309099, 51.01344139624549], [-0.09909677021865614, 51.01348714288472], [-0.0991446037109013, 51.01353187218501], [-0.09919425000342257, 51.01357514784373], [-0.09924646457931201, 51.01361638322654], [-0.09930224277192033, 51.01365479898089], [-0.09936288713843895, 51.01368937273698], [-0.0994280796752286, 51.01371872777137], [-0.0994979802824394, 51.013744366856095], [-0.09957135916641145, 51.013767253595745], [-0.09964727668938093, 51.013788121572276], [-0.09972502318227419, 51.013807517297984], [-0.09988404654715377, 51.01384333824712], [-0.1000457980955182, 51.013876493878655], [-0.10020914684845521, 51.013907300122014], [-0.10037397692330596, 51.01393481316752], [-0.10046118177783835, 51.013947367027576], [-0.10063668563490105, 51.01396947148856], [-0.10081295216163282, 51.01398918419183], [-0.1010778904917571, 51.01401604725783], [-0.10125471577058343, 51.014031843402485], [-0.10143181144233618, 51.01404443510181], [-0.10152054253453713, 51.014048724077966], [-0.10160926554186406, 51.01405122263671], [-0.10169812599148044, 51.01405229021811], [-0.10187610201218861, 51.01405177536017], [-0.10223241158311652, 51.0140480611489], [-0.10241050258818653, 51.014048666997105], [-0.10249876206484458, 51.014050434242826], [-0.10258698650721587, 51.014053068439125], [-0.10276336352672392, 51.01406005377764], [-0.10320414797203839, 51.01408076337852], [-0.10338049175388722, 51.01408782839993], [-0.10355692446894868, 51.01409224227158], [-0.10364523155631956, 51.01409288824539], [-0.10382193107101896, 51.01409167824553], [-0.10399870155262238, 51.0140884721131], [-0.10479444360433299, 51.014068792796266], [-0.10497126259497974, 51.01406618629356], [-0.10514802139848757, 51.01406625580784], [-0.10523619194193297, 51.01406783542084], [-0.1054124800282284, 51.01407342595058], [-0.10567685421634208, 51.014085040483046], [-0.10602899650266825, 51.01410334533297], [-0.10620440154505024, 51.014114191245596], [-0.10629169712942278, 51.01412052664544], [-0.10637855164098713, 51.01412784089453], [-0.10646478362006295, 51.01413654203496], [-0.10655014692824548, 51.01414717657162], [-0.10663431817204636, 51.01416046507642], [-0.10671685358373285, 51.01417695179178], [-0.10679820052425926, 51.01419608794863], [-0.1068786778956288, 51.014217161448556], [-0.1069585264462968, 51.01423963200113], [-0.10711701890682505, 51.014287254164294], [-0.10727463101836442, 51.014336832839824], [-0.10774644866347413, 51.01448799530913], [-0.10798379074803117, 51.01456086250551], [-0.10806360336608191, 51.01458379405424], [-0.10814401516042998, 51.01460555290513], [-0.10822525609979908, 51.01462568637469], [-0.10830762711974992, 51.01464359710186], [-0.10838781343695986, 51.01465821187036], [-0.10846905527462598, 51.0146707728815], [-0.10855108762973782, 51.01468182437575], [-0.10863371017800945, 51.01469178512962], [-0.10888380294973449, 51.014717908008876], [-0.1091357651155861, 51.014741564565476], [-0.1093889076676903, 51.01476387605729], [-0.10955826614990939, 51.01477714686579], [-0.10973210902200556, 51.014787619058055], [-0.10990969966545892, 51.01479402218364], [-0.10999781271672342, 51.014795357062816], [-0.1100850005032442, 51.014795020799845], [-0.11017074020554395, 51.01479243637872], [-0.11025431317137797, 51.01478676794526], [-0.11033473933877964, 51.01477685355395], [-0.11041070177750395, 51.01476113000199], [-0.11047635874329298, 51.01474001323283], [-0.11053699592330153, 51.0147134857195], [-0.11059257468992091, 51.01468257715452], [-0.11064262432597215, 51.01464796401326], [-0.11068620968524347, 51.01461000854866], [-0.11072187549697031, 51.0145687825266], [-0.11075010325816366, 51.014520875251186], [-0.11076988146575821, 51.0144700913037], [-0.1107835502311264, 51.01441728348973], [-0.1107928765403921, 51.01436308420873], [-0.11079917732380033, 51.014307952925876], [-0.11080632252358016, 51.014196116206406], [-0.1108145807359971, 51.0139141362806], [-0.11082245357112575, 51.01374825968241], [-0.11083042162771357, 51.013641844341855], [-0.11084020517946858, 51.01353561356547], [-0.11085197670293352, 51.01342956113771], [-0.1108668007017691, 51.01332376109647], [-0.11088701099903427, 51.0132184135127], [-0.11090055130531752, 51.01316447563356], [-0.11093275590822778, 51.013057067081746], [-0.11096936764596498, 51.01295017597723], [-0.1110093175232829, 51.01284405891141], [-0.11105362063646843, 51.012739601515584], [-0.11107840515515381, 51.01268853755206], [-0.11110589629779383, 51.01263872143678], [-0.1111371567713547, 51.012590667482755], [-0.11117361759211282, 51.01254506294854], [-0.11121716432380888, 51.012502810427094], [-0.11126865485760454, 51.01246508097273], [-0.11132709924996471, 51.012430673596214], [-0.11139068559904419, 51.012398757494566], [-0.1114580376857895, 51.01236872058592], [-0.11152813592236173, 51.012340138425344], [-0.1116002472834626, 51.01231274425149], [-0.11167386871258439, 51.012286414292475], [-0.11174869029092839, 51.012261156462465], [-0.11182456199981256, 51.012237111492915], [-0.11190147485613272, 51.012214557453916], [-0.11197955462398242, 51.01219392670993], [-0.11205905732326789, 51.01217582570136], [-0.11214378372590832, 51.01216015382926], [-0.1122299294667295, 51.012147153558274], [-0.11231707503241997, 51.01213608563494], [-0.1124932023203017, 51.01211765227775], [-0.11311420587957663, 51.01206436590246], [-0.11329016069091562, 51.01204697527631], [-0.11337732871450025, 51.012036862485765], [-0.1134636613048843, 51.01202526722168], [-0.11354884315338651, 51.01201161638867], [-0.11363245474676233, 51.01199515377153], [-0.11371084353508024, 51.011976143872474], [-0.11378777525603954, 51.011954517736136], [-0.11386362720198756, 51.011930953012936], [-0.1139386895288203, 51.01190597079868], [-0.11408727536839118, 51.01185324371207], [-0.11452895453571466, 51.01168774293825], [-0.11467684507923201, 51.0116338287122], [-0.1148263858279508, 51.0115830059964], [-0.1149022413671873, 51.01155963098731], [-0.11497919195271879, 51.01153831550989], [-0.11505762475849449, 51.01151979035467], [-0.11513881179893772, 51.011504479415976], [-0.11522150890736838, 51.011492009107634], [-0.11530531543514762, 51.011481622644936], [-0.11538992415850167, 51.011472741276464], [-0.11556068491085646, 51.01145788021227], [-0.11573257394723242, 51.011445205858294], [-0.115991210595618, 51.011428326495874], [-0.11625007721272723, 51.011414379328144], [-0.11642266244342027, 51.011408644919825], [-0.11650896089781457, 51.011407754181775], [-0.1165974826825585, 51.011408672048894], [-0.11668601524706754, 51.01141110857909], [-0.11677456218463017, 51.01141464892333], [-0.11695171445023334, 51.01142387619853], [-0.11730645196940737, 51.01144634527862], [-0.11827949450874221, 51.01151268820484], [-0.11853241787195477, 51.01152780245554], [-0.11869754888239976, 51.01153484073688], [-0.11877763638492898, 51.011536457173285], [-0.11885497504270674, 51.0115360513686], [-0.11892837548624245, 51.011532809452675], [-0.11899624051103046, 51.01152565248164], [-0.11905646716093207, 51.011513165788564], [-0.11910630838782332, 51.01149352155095], [-0.11914497187766439, 51.011463713522446], [-0.11917176502932636, 51.01142628672922], [-0.1191891159890303, 51.0113834742162], [-0.11919855638436078, 51.01133704840423], [-0.11920080307086811, 51.01128844373622], [-0.11919580304802381, 51.01123886123649], [-0.11918273974716599, 51.011189360636635], [-0.11916000069237147, 51.01114094684885], [-0.1191271286411844, 51.01109546240554], [-0.11908571810321936, 51.01105156724164], [-0.11903810469819633, 51.011008912071816], [-0.11898605541230609, 51.01096721543259], [-0.11893089436230372, 51.01092625294422], [-0.11887359891516441, 51.01088584770237], [-0.1187552503680605, 51.01080618163589], [-0.11839301101795903, 51.010570682329785], [-0.11827399861583332, 51.01049177478596], [-0.11815783477150377, 51.01041159257902], [-0.11810151040319349, 51.01037065729477], [-0.11804692068167832, 51.01032887247542], [-0.11799429198246035, 51.01028593460474], [-0.1178938908763997, 51.01019769167039], [-0.11779785019275017, 51.01010748165493], [-0.11770554200910724, 51.010016103748235], [-0.11761870726047904, 51.00992381850403], [-0.11757872234887436, 51.00987729401521], [-0.11754229296914796, 51.00983043770241], [-0.11751081959487504, 51.00978315178354], [-0.11748617880662522, 51.00973530230254], [-0.11747083558156736, 51.00968671178179], [-0.117466791366168, 51.009636964789046], [-0.11747216059661945, 51.00958650105502], [-0.11748447560082838, 51.00953554101004], [-0.11750188584937421, 51.00948427625947], [-0.1175230483608293, 51.009432891061834], [-0.11754704415869646, 51.009381575893805], [-0.11757330730433756, 51.00933055175441], [-0.1176015898627538, 51.00928008768699], [-0.11763193315641153, 51.00923053243146], [-0.11766467315525862, 51.00918234212021], [-0.11770045844289936, 51.0091361226699], [-0.11774028884430342, 51.00909267443416], [-0.1177855774093381, 51.00905304703031], [-0.11783822407489818, 51.00901860716582], [-0.11789792610866148, 51.00899116355172], [-0.11796457211958816, 51.00896863902117], [-0.11803631876470087, 51.008949740925374], [-0.11811172784124664, 51.008933454135004], [-0.11818967825171434, 51.008918973780304], [-0.11826928785048764, 51.00890565325171], [-0.11851141346395537, 51.008867497521145], [-0.11859132579501733, 51.008853797149776], [-0.1186698744834519, 51.00883873289752], [-0.11874636064001748, 51.008821643454866], [-0.11881993805168146, 51.00880170642323], [-0.1188895520962847, 51.008777891966034], [-0.11895809804403917, 51.00874754297087], [-0.11902222967049012, 51.00871287905166], [-0.11908312646359309, 51.008675059469866], [-0.11914168763697608, 51.00863496822642], [-0.11919859052035053, 51.008593267757306], [-0.11930930608248407, 51.00850687610407], [-0.119417874671088, 51.00841841782533], [-0.11957938097937815, 51.008284458612415], [-0.11995404133494621, 51.00797111595488], [-0.12005846958839463, 51.007880671559306], [-0.12015897759397652, 51.00778864489966], [-0.1202522263137138, 51.00769556954768], [-0.12038539167310974, 51.007553185664904], [-0.12060091547609739, 51.007313146233905], [-0.12102788023903112, 51.00683076366394], [-0.12111501951654204, 51.00673535418476], [-0.12115967207436512, 51.00668835225571], [-0.12120552388311336, 51.0066421359727], [-0.1212531058470712, 51.00659705635682], [-0.12130313033030374, 51.00655358765472], [-0.1213565468520429, 51.00651236238437], [-0.12141460496885127, 51.00647421146802], [-0.12147907975176017, 51.006439428843194], [-0.12154828685954497, 51.00640777541663], [-0.12162094170142325, 51.00637838975317], [-0.12169606870694699, 51.0063506206882], [-0.12185102539849961, 51.00629813825751], [-0.12208925412029202, 51.00622337126636], [-0.12233022719525037, 51.00615202167549], [-0.12241099292582154, 51.00612955229153], [-0.12249206767682745, 51.00610825353714], [-0.12257356553436641, 51.00608863527298], [-0.12265565178837068, 51.00607139276369], [-0.12273854472953526, 51.00605745359439], [-0.12282252912377327, 51.00604803815229], [-0.12290752771596763, 51.00604413620083], [-0.12299360428647885, 51.0060447246307], [-0.12308045969634021, 51.00604858136182], [-0.12316783163753278, 51.006054752243955], [-0.12325547307325438, 51.00606248435752], [-0.12351711099304269, 51.006089219745554], [-0.12368601852095205, 51.006104561865136], [-0.12376659291037481, 51.00610948974697], [-0.1238429371330989, 51.00611128951467], [-0.12391327432153235, 51.00610860625549], [-0.12397524100814507, 51.00609965885391], [-0.1240257290220465, 51.00608211959042], [-0.12406267762799515, 51.006053613256434], [-0.12408784123575575, 51.00601628214754], [-0.12410444120388625, 51.005972531404055], [-0.12411491196682074, 51.00592417943621], [-0.1241210663248354, 51.00587258341059], [-0.1241242337845344, 51.005818740430186], [-0.12412517881221424, 51.005706991768605], [-0.12412250632424934, 51.00559251885005], [-0.1241060626629805, 51.00513038655488], [-0.12410476639400211, 51.0050167261979], [-0.12410590635611887, 51.004961054148495], [-0.124109091782093, 51.00490669967279], [-0.124115294649151, 51.00485428626703], [-0.12412586512509673, 51.00480467936566], [-0.12414263936639747, 51.0047590553048], [-0.12416808774007117, 51.004718998549784], [-0.12420547472390349, 51.00468660287896], [-0.12425584685514605, 51.00466409038984], [-0.12431759435280021, 51.004648876675745], [-0.1243876728264363, 51.00463900816518], [-0.12446375923269348, 51.0046329948055], [-0.12454410365339258, 51.00462971396862], [-0.12462740802296116, 51.00462833244451], [-0.12471271922884533, 51.00462823973999], [-0.1248868109342708, 51.00463027867503], [-0.1256796478343683, 51.0046454364334], [-0.12620769732132062, 51.00465296019674], [-0.12743665820699082, 51.00466698514408], [-0.1287529748641725, 51.00467979927643], [-0.12901566650775595, 51.00468496924565], [-0.1291899333846822, 51.004692000651595], [-0.12927656331743892, 51.00469757309232], [-0.12936268480370494, 51.004705214423545], [-0.12945014388144918, 51.00471563518947], [-0.12953708642792913, 51.004728214721155], [-0.12962367054656707, 51.00474237304953], [-0.12971002110325974, 51.004757673219295], [-0.12988238355177267, 51.00479049448862], [-0.13005471276262634, 51.004825038110425], [-0.13092039764234456, 51.00500473970972], [-0.13108961419075563, 51.00503752519245], [-0.13117141567881332, 51.00505176991219], [-0.13125003084259984, 51.00506359076521], [-0.1313239927332216, 51.00507188152715], [-0.13139130619239164, 51.00507513576528], [-0.13144929513892353, 51.00507133095774], [-0.13149441751566196, 51.00505779113133], [-0.13152372235684168, 51.00503245022732], [-0.131540235188387, 51.00499743419655], [-0.13154746213486945, 51.00495539638399], [-0.1315480568195813, 51.004908344603635], [-0.13154399823112833, 51.004857778498675], [-0.13153674253857217, 51.00480479976813], [-0.13152734705902996, 51.004750209391574], [-0.13150492780446876, 51.00463831175057], [-0.13143106293193368, 51.004297745096565], [-0.13138452481030297, 51.004071951928715], [-0.13135394256478397, 51.00390327986344], [-0.1313381385039818, 51.00379089686345], [-0.1313282615274286, 51.00368087477956], [-0.13131984970310806, 51.003515718497546], [-0.13129820838960002, 51.00268979485818], [-0.13129041550451293, 51.002469421290876], [-0.1312797551970241, 51.002303149881406], [-0.13126359360677728, 51.00213486709643], [-0.1312046093268947, 51.00157016981171], [-0.13119102949473915, 51.00145849005897], [-0.13118271379014132, 51.00140385786884], [-0.13117259247184435, 51.001350650199804], [-0.1311597744110608, 51.00129956634802], [-0.13114303520404683, 51.00125157017907], [-0.13112071296757233, 51.00120796644581], [-0.1310905870661787, 51.00117050028464], [-0.13104972629717065, 51.00114147536585], [-0.13099599356845318, 51.00112281264385], [-0.1309315978373223, 51.00111253466076], [-0.1308594379671781, 51.00110836433502], [-0.13078171213551804, 51.001108572370775], [-0.130700067852619, 51.00111186476302], [-0.13061572053902035, 51.00111728726009], [-0.13052955593359353, 51.00112414452463], [-0.13035412933164786, 51.001140319298266], [-0.12902761050779712, 51.00127283894053], [-0.12885175540946936, 51.001289694298436], [-0.12867644019859703, 51.00130507079348], [-0.12858916707211865, 51.00131162841481], [-0.1285023152555123, 51.0013169259546], [-0.1284160733949684, 51.001320398666614], [-0.12833069481543527, 51.00132127998808], [-0.1282465253682619, 51.00131854444308], [-0.12816402049927664, 51.00131083980437], [-0.12808492922842862, 51.00129735597694], [-0.12800745133180083, 51.001279051160445], [-0.12793114932987357, 51.00125721765433], [-0.12785569533757296, 51.001232839098435], [-0.1277808530979958, 51.001206648134925], [-0.1277064600160674, 51.00117918011289], [-0.12755869793160152, 51.00112180016566], [-0.12733995905823553, 51.00103191394925], [-0.12719794619159336, 51.00096918253595], [-0.12712913164757345, 51.000936391351395], [-0.12706256558672183, 51.0009021518012], [-0.12699907805232308, 51.000865922873274], [-0.12694102622372774, 51.00082841234103], [-0.12688591907261781, 51.00078900400427], [-0.1268330038107923, 51.00074819364295], [-0.12678171360134954, 51.00070635719079], [-0.12673163432089407, 51.00066377391316], [-0.12663405841640493, 51.00057709952927], [-0.1265391693729343, 51.00048905973042], [-0.12644724836317367, 51.00039979244778], [-0.1263599491855461, 51.000308796796865], [-0.1263163117240099, 51.00025948239578], [-0.12627429122994893, 51.000209580003734], [-0.12615397716899576, 51.00005780171115], [-0.12591990495204, 50.99975228080679], [-0.12583859484242785, 50.999652156030464], [-0.1257959536125059, 50.99960308232865], [-0.12575120583325713, 50.99955505444196], [-0.1257035115798955, 50.999508491286335], [-0.12565176322963295, 50.99946394350205], [-0.12559659589141756, 50.99942292788916], [-0.12553755771260908, 50.99938383607726], [-0.12547568714575255, 50.99934614965794], [-0.12541177830148173, 50.99930947346444], [-0.1252800753993604, 50.99923803918031], [-0.1251455769400718, 50.99916797347016], [-0.12480574067485042, 50.99899452962808], [-0.1245326537267885, 50.99885664968935], [-0.12439482431442919, 50.99878882668389], [-0.12425473653743352, 50.99872295118833], [-0.1241832486071182, 50.99869126140251], [-0.1241093765480396, 50.9986602420936], [-0.12395853683545133, 50.99860079552122], [-0.12372757278935263, 50.99851518974532], [-0.12318214090166466, 50.99831990800928], [-0.1230313380199907, 50.998263200683624], [-0.12295934613480372, 50.998234169988635], [-0.1228911801744215, 50.99820438509857], [-0.12282856490417106, 50.9981735101938], [-0.12277383235051736, 50.99814109186097], [-0.12273010415914098, 50.9981065229096], [-0.12270149102069285, 50.99806900279688], [-0.12269133107485408, 50.9980280549239], [-0.12269617838412526, 50.997984176791896], [-0.1227119572920753, 50.99793815875637], [-0.12273557130594268, 50.997890602347475], [-0.12276470007735808, 50.99784195758257], [-0.12279762602747102, 50.99779255575634], [-0.12283309690476096, 50.99774263827317], [-0.12290832811488145, 50.99764189405188], [-0.1231026426939647, 50.99738825731156], [-0.12333306146265846, 50.997084295628106], [-0.12341127957109461, 50.99698424028799], [-0.12345167411447579, 50.99693490821922], [-0.1234935374033446, 50.99688633086174], [-0.12353752610617935, 50.996838828780746], [-0.1235845169786804, 50.99679283448551], [-0.12363565806780505, 50.99674891956724], [-0.12369258700229524, 50.996707064809335], [-0.12375376586642022, 50.99666733523485], [-0.1238180286469141, 50.996629148518885], [-0.12388449858804301, 50.99659207950727], [-0.12402167312855156, 50.99652023284209], [-0.12416217952046127, 50.99645076062542], [-0.12430496583653756, 50.99638431643825], [-0.12437733411584176, 50.99635296767105], [-0.12445061867671862, 50.99632358468432], [-0.12452516806550867, 50.996296978792444], [-0.12460147096573294, 50.99627425021707], [-0.12468019033408276, 50.99625685819353], [-0.12476015746236763, 50.99624615566754], [-0.12484246110870294, 50.9962406082189], [-0.12492647424901465, 50.9962388346408], [-0.12501172257286883, 50.996239784469054], [-0.12509785394060294, 50.99624266504918], [-0.12527180461055087, 50.996252012940374], [-0.12571100173272737, 50.99628192346587], [-0.12588736437921527, 50.99629227036382], [-0.12597558163504305, 50.996296185573755], [-0.12606376475491454, 50.996298767633334], [-0.12615183828030674, 50.99629949413793], [-0.12623969082014633, 50.996297677593766], [-0.1263237659442245, 50.996293001956886], [-0.12640748982703762, 50.996285914436726], [-0.12649079509490319, 50.99627698662485], [-0.1265735227460351, 50.99626662671988], [-0.12665539520103028, 50.9962550959236], [-0.1267359866584312, 50.99624252370572], [-0.12681467368741878, 50.99622890950002], [-0.12689057683736812, 50.996214121008016], [-0.126962485179225, 50.99619788232585], [-0.12702875838932298, 50.99617975189439], [-0.12708720817159916, 50.99615909423002], [-0.1271349554255562, 50.99613503921687], [-0.1271682604647444, 50.996106434614305], [-0.12718438612240743, 50.996071104847154], [-0.12718521436909794, 50.996030984618315], [-0.12717482625112958, 50.99598736693275], [-0.1271563362276394, 50.99594123384139], [-0.12713209159644293, 50.9958933254168], [-0.12710383688580337, 50.995844188374676], [-0.1270728566866035, 50.99579422130365], [-0.1270062097773798, 50.99569285658729], [-0.12686784766404166, 50.99548805266505], [-0.12680084502193392, 50.99538523933051], [-0.12676885511636324, 50.99533365532966], [-0.1267383986349712, 50.99528186434031], [-0.1267100208551627, 50.995229766853846], [-0.12668443773415758, 50.99517723283019], [-0.12666172832380074, 50.99512288441845], [-0.1266418926239918, 50.99506807006319], [-0.12660790306858213, 50.99495753201201], [-0.1265784419205408, 50.994846353109615], [-0.12653992036450776, 50.99467952008452], [-0.12651989422188092, 50.994569146768285], [-0.1265131478741124, 50.99451458053277], [-0.1265098905829038, 50.994460693273176], [-0.12651157941561356, 50.994407771647836], [-0.12652017808953042, 50.99435619843374], [-0.12653828632902087, 50.99430647683918], [-0.12656705397766968, 50.99426029345256], [-0.12660489101744776, 50.994215875759814], [-0.12664937828527162, 50.994172755615566], [-0.12669867153983339, 50.99413057512546], [-0.1267513801891264, 50.99408906572697], [-0.1268064711705887, 50.99404802557391], [-0.12692097582657924, 50.99396680796182], [-0.12739292821898693, 50.993644816268024], [-0.12762598893291086, 50.993482726650576], [-0.12773942279709463, 50.99340034500381], [-0.12779462966121577, 50.99335846969796], [-0.12784833723708106, 50.99331590851246], [-0.1279000271968657, 50.99327242058087], [-0.12794905724507805, 50.99322802003574], [-0.12799608584682384, 50.99318269104295], [-0.12808607547872494, 50.993090111653586], [-0.12821544455772035, 50.99294845755914], [-0.12851060131570594, 50.99261458502094], [-0.128597002178036, 50.992521497317234], [-0.1286415783790725, 50.992476424334924], [-0.1286876583598834, 50.992432968411045], [-0.12873588351759643, 50.99239182501766], [-0.12878711443823074, 50.992353928236945], [-0.12884249018560615, 50.992320514088696], [-0.1289035010647739, 50.99229319912416], [-0.12897138405583708, 50.992273277605726], [-0.12904490397532015, 50.99225946094513], [-0.12912256512825576, 50.99225013034315], [-0.12920322395930564, 50.99224404752695], [-0.12928601628916203, 50.992240281246694], [-0.12937029892406968, 50.992238139425595], [-0.12945559665523076, 50.99223711770678], [-0.12962795820541317, 50.992237108094585], [-0.12980137437775474, 50.99223857140851], [-0.12997501153564892, 50.99224095862306], [-0.13014849508163948, 50.99224449647253], [-0.1304164975651965, 50.992252960282926], [-0.13121808136119847, 50.99228325900392], [-0.13148523583512886, 50.992290933478046], [-0.13181691719423302, 50.99229548060199], [-0.132321636534934, 50.99229889688155], [-0.13250021802015258, 50.992299444775426], [-0.13267780776527546, 50.992298490908574], [-0.1327658229001897, 50.99229684213811], [-0.13285296307603112, 50.992293873107215], [-0.1329388321357128, 50.99228898446818], [-0.13302289647999244, 50.99228136314344], [-0.13310443835495572, 50.99226992069359], [-0.13318251363125336, 50.992253220377265], [-0.13325328560428198, 50.992231205081126], [-0.13332084610018727, 50.99220431243509], [-0.13338604492518996, 50.99217382820369], [-0.13344953874776827, 50.99214074130618], [-0.13351183331948835, 50.99210580657848], [-0.13357331491583507, 50.992069595095415], [-0.13393889599880576, 50.99184402230171], [-0.13406545065602826, 50.991769876038525], [-0.13419620673384222, 50.991697035233116], [-0.1343286094235691, 50.99162540376854], [-0.13466280786207357, 50.99144901353679], [-0.13486564655491468, 50.99134583446517], [-0.13500352717124187, 50.991280272962285], [-0.1350740161749849, 50.99124937026762], [-0.13514608801021347, 50.991220383246585], [-0.13522032209035573, 50.99119401134626], [-0.135297587086238, 50.99117070578888], [-0.13537703229334258, 50.99115003684769], [-0.13545807201006171, 50.99113129603471], [-0.13562325691946603, 50.99109757284326], [-0.1358749513873492, 50.99105173739969], [-0.13663508242455588, 50.99092043196455], [-0.1370566294480617, 50.99084635094774], [-0.13730860868189146, 50.99080011153174], [-0.1375583142797342, 50.99075054897412], [-0.13788891766048803, 50.99068059145244], [-0.13962149655231776, 50.990306736311666], [-0.1398680796062498, 50.99025198299046], [-0.14003110047411294, 50.99021351788416], [-0.1401118257804813, 50.99019315951289], [-0.14019176146773443, 50.99017167080247], [-0.14027140160924245, 50.99014860674348], [-0.14035024494509163, 50.99012439594365], [-0.14050637573475075, 50.990073701200856], [-0.14073867827059117, 50.98999471581565], [-0.14143624524154874, 50.98975383291361], [-0.14206413618410318, 50.98954101063277], [-0.14221762413016814, 50.98948763159772], [-0.14229161656349115, 50.989460705130895], [-0.14236242357080653, 50.98943349083091], [-0.1424285350841603, 50.98940584280933], [-0.14248788497836154, 50.989377559762396], [-0.1425376893743385, 50.989348368572905], [-0.14257424182323378, 50.98931790451846], [-0.1425926824393836, 50.989285685260384], [-0.14258924189186714, 50.989251706836804], [-0.14256809734668718, 50.98921599016576], [-0.14253405838393718, 50.98917898308769], [-0.14249085211374107, 50.98914101356644], [-0.14244137290788, 50.98910230948044], [-0.14227606672593426, 50.988982803689304], [-0.14222076284375992, 50.988941795775766], [-0.14216785027692588, 50.98889998826078], [-0.14211898551871277, 50.988857117636066], [-0.14207612869315422, 50.98881281408492], [-0.14204168369188275, 50.98876657377394], [-0.1420170806328777, 50.98871675232341], [-0.1420014041328634, 50.98866492680714], [-0.14199228174113873, 50.98861165194141], [-0.1419879015558249, 50.988557347298155], [-0.14198689723933663, 50.98850232331584], [-0.1419882545937175, 50.988446809572224], [-0.1419912298139376, 50.98839097174816], [-0.14200002791384342, 50.98827875926661], [-0.142084912419973, 50.98738008946005], [-0.14209688426779085, 50.987268116561545], [-0.14211155285806182, 50.98715634866382], [-0.14212063482558374, 50.98710059015178], [-0.14214272529674055, 50.986991652676735], [-0.14218228350859063, 50.98682868706592], [-0.14228404376565965, 50.98644892090074], [-0.14243512422677013, 50.98590591077367], [-0.1424769587695318, 50.98574342542071], [-0.1424886763941043, 50.98568954833471], [-0.14249831172383823, 50.98563593810369], [-0.14250495117211892, 50.985582712918834], [-0.14250736314865892, 50.985530030557186], [-0.14250390732975832, 50.98547810082294], [-0.1424924358435906, 50.98542719968545], [-0.1424710361768683, 50.98537721743987], [-0.14244152202823154, 50.985328277369696], [-0.14240607630372684, 50.98528010068295], [-0.14236635639513257, 50.98523247475108], [-0.14232360916401984, 50.985185241233296], [-0.14223246429865136, 50.985091511478295], [-0.14213739020224536, 50.98499830350067], [-0.14184816052854224, 50.984719095228776], [-0.14175408985029406, 50.98462543013242], [-0.14170832966971647, 50.98457826555547], [-0.14166389270756344, 50.984530749744756], [-0.14162129190184428, 50.98448274188554], [-0.1415812162603994, 50.984434054224266], [-0.14154457038670593, 50.98438443793079], [-0.14151227505392205, 50.98433400836799], [-0.14148335289503916, 50.984282660912136], [-0.14145689122170613, 50.98423063929924], [-0.14143219024635084, 50.984178130149154], [-0.1413860922992313, 50.98407216837976], [-0.1411024267903831, 50.98337606869934], [-0.1410604027030671, 50.983269286774544], [-0.14102349991120378, 50.98316343603735], [-0.14100879808327357, 50.9831111756461], [-0.14099814316566725, 50.98305962776951], [-0.14099321141476895, 50.98300908252946], [-0.14099622616086135, 50.98295992845234], [-0.14101010872527206, 50.98291267395964], [-0.14103723066030494, 50.98286771210525], [-0.14107524287155032, 50.98282465267512], [-0.1411212366141066, 50.982782989518036], [-0.1411730002357198, 50.98274233637517], [-0.1412288736497538, 50.98270240369323], [-0.1412876270626157, 50.98266297826572], [-0.14134836215897448, 50.982623902308326], [-0.14147337530717774, 50.98254638370059], [-0.14191887860264502, 50.98227649838056], [-0.14204215081584015, 50.98219853128107], [-0.1421014620824661, 50.98215904208456], [-0.14215826884608437, 50.98211900370933], [-0.14221151378961128, 50.982078183148836], [-0.14225976859172848, 50.982036263694695], [-0.14230112972235318, 50.981992825142065], [-0.14233309627173268, 50.98194731494633], [-0.14235402162795407, 50.98189808056824], [-0.14236516972063346, 50.98184668969851], [-0.14236921842761835, 50.98179373389526], [-0.14236819524652441, 50.98173965993809], [-0.14236361024530564, 50.98168480262949], [-0.14235657464000506, 50.98162940685064], [-0.1423277162615161, 50.98146152754551], [-0.14222842637146502, 50.98095540261338], [-0.14218584083709648, 50.98073084811182], [-0.14216639410783086, 50.98061873305352], [-0.14215042475702944, 50.98050684960633], [-0.14214484442249342, 50.980451058787835], [-0.14214179913366634, 50.98039542456438], [-0.14214229590202795, 50.98034000688662], [-0.14214766962406494, 50.98028488606609], [-0.14215888509035984, 50.98023058129617], [-0.1421749020518741, 50.980176567731114], [-0.14219440986660914, 50.98012276619207], [-0.14221641409947786, 50.98006911503252], [-0.14226512973733943, 50.97996209361692], [-0.14231716644680356, 50.97985526538072], [-0.14269099496239263, 50.9791079019999], [-0.14277520393543827, 50.978949030693244], [-0.14280531815870284, 50.978896644522784], [-0.14283719577490317, 50.97884474809057], [-0.14287150063896065, 50.97879352464824], [-0.14290911848981364, 50.978742677830446], [-0.14294921389419465, 50.97869251588368], [-0.14303434004714344, 50.97859354867539], [-0.14316861572425194, 50.97844687596748], [-0.1435812316971815, 50.97800943700969], [-0.14366891086214786, 50.97791163913175], [-0.14371042380808213, 50.97786239877723], [-0.14374940889478405, 50.977812791297154], [-0.1437847962287439, 50.97776266115054], [-0.14381515030220018, 50.977711801326315], [-0.14383857207662215, 50.977659937505834], [-0.14385330804054208, 50.977607857002305], [-0.14386133628423536, 50.97755480530243], [-0.14386446601468958, 50.977501044276806], [-0.14386407524751876, 50.97744677358073], [-0.14386119704535189, 50.9773921419662], [-0.14385083497856613, 50.97728221056486], [-0.14383731174026101, 50.977171816803], [-0.1437126067141955, 50.976231158298106], [-0.14364226323758245, 50.97573034412049], [-0.14362871843971367, 50.97561993875055], [-0.14362371482358086, 50.97556549956197], [-0.14362077733260553, 50.97551195230249], [-0.14362090040180792, 50.975459726851746], [-0.1436254458771544, 50.97540941146711], [-0.14363625530496135, 50.97536180199369], [-0.14365578108597155, 50.97531795786261], [-0.14368724817206494, 50.97527927222949], [-0.14373361381711944, 50.97524667556805], [-0.14379205641288556, 50.97521929682095], [-0.14385929710852408, 50.97519571852778], [-0.14393284577411433, 50.97517486656206], [-0.1440108393037094, 50.97515593603476], [-0.14409190147832268, 50.975138332470095], [-0.14417502977806002, 50.97512162372739], [-0.1443448266381293, 50.97508974417614], [-0.14563389379949018, 50.974858526980796], [-0.14597470563512616, 50.97479552657764], [-0.14614098648915594, 50.97476131412141], [-0.14622164082862027, 50.97474255820702], [-0.1462996163919067, 50.97472202053148], [-0.14637380016641155, 50.97469895841184], [-0.14644270454194117, 50.97467238028334], [-0.1465043711912567, 50.974640981215224], [-0.14655628123826345, 50.974604460844176], [-0.14660117634123623, 50.97456326884036], [-0.14664091062288412, 50.97451863998039], [-0.14667689623484428, 50.97447151830592], [-0.14671020307062652, 50.97442261538422], [-0.14677175922716576, 50.974321454004304], [-0.14694476936098588, 50.974010072708154], [-0.1470059239705892, 50.97390824749252], [-0.14703883554764854, 50.97385869348407], [-0.14707421928838688, 50.97381057446969], [-0.14711305345810968, 50.97376445723283], [-0.14715663702075352, 50.97372109239467], [-0.14720667048712363, 50.97368146419176], [-0.14726571585244214, 50.973645725359], [-0.14733141144580644, 50.97361383517854], [-0.1474019534501114, 50.97358474890296], [-0.1474759728328806, 50.973557671233245], [-0.14755244281976507, 50.97353200541158], [-0.14770990131940082, 50.97348326327677], [-0.14803206682468495, 50.973389833449495], [-0.14851729631699298, 50.97325098879469], [-0.1486791125440484, 50.97320553281796], [-0.1488416797627107, 50.973161915175744], [-0.14892354772612038, 50.97314139263949], [-0.1490060499001476, 50.97312221465743], [-0.14908943960964033, 50.97310489258412], [-0.1491727960814738, 50.973090028279444], [-0.1492570275124136, 50.97307698368581], [-0.14934189944215054, 50.97306526951198], [-0.14951288746827102, 50.973044438650255], [-0.14977093122857224, 50.97301647880648], [-0.15097823822434178, 50.97289294144988], [-0.15132260649018656, 50.972856345037286], [-0.15149414159033944, 50.97283645816674], [-0.15157956059407537, 50.97282565916882], [-0.15166462296663022, 50.972813985093445], [-0.151749198452325, 50.97280111747363], [-0.15183556697532632, 50.97278637016329], [-0.1520069161241799, 50.97275346572997], [-0.15226210144525043, 50.97269959336705], [-0.15421149951071567, 50.97226916317271], [-0.15446536341002257, 50.972212396863256], [-0.15463400952817655, 50.9721735740143], [-0.1548015695831731, 50.972133164435334], [-0.15496804357501226, 50.97209117095045], [-0.1552996881031687, 50.972005038283754], [-0.1565415496946555, 50.97167899561535], [-0.15778443806052478, 50.97135422286584], [-0.15803062226244544, 50.97128654181536], [-0.15811161796174025, 50.971262765800866], [-0.15819169378614042, 50.97123794213759], [-0.15827050298603337, 50.97121167315164], [-0.15834647979781127, 50.971184118927816], [-0.1584212241210382, 50.97115515953978], [-0.15849507012896766, 50.971125175687355], [-0.15871344159138748, 50.97103161044393], [-0.1591454225468801, 50.970839005839544], [-0.16022332453103696, 50.970354304872515], [-0.160440478776223, 50.97025966326429], [-0.16051369057356832, 50.970229397685515], [-0.16058764976923207, 50.97020029571366], [-0.16066266718031, 50.97017284667412], [-0.16073915693009713, 50.970147700549695], [-0.1608176651943624, 50.970125716630314], [-0.1608979036138707, 50.97010773271077], [-0.16098013449664103, 50.97009285387025], [-0.16106382783671944, 50.970080233835624], [-0.16114858208717, 50.97006922602187], [-0.16132014862832117, 50.97005021817618], [-0.16158011837659939, 50.970025087824766], [-0.16210227132200392, 50.96997670009359], [-0.16236173442048596, 50.96995499950606], [-0.16244728547656187, 50.96994939460825], [-0.16253197774324601, 50.969945348197456], [-0.16261544470785577, 50.96994356116927], [-0.16269718780543554, 50.969944977667716], [-0.16277654587595497, 50.969950851270795], [-0.16285265204514832, 50.969962827015095], [-0.1629255422456328, 50.96998247299913], [-0.16299512125594928, 50.970008338775145], [-0.1630622793065882, 50.97003873969866], [-0.16312769552388845, 50.97007239842667], [-0.16319187835430723, 50.97010835553798], [-0.16331795690443476, 50.97018451632221], [-0.16369116827741786, 50.97042322953325], [-0.16381701236726967, 50.97050181999464], [-0.16388084844797546, 50.97054032519353], [-0.16394563225135259, 50.97057802934836], [-0.16401172130677877, 50.97061464509256], [-0.1640795899248218, 50.97064979455068], [-0.1641505397642757, 50.97068359765127], [-0.1642233015056418, 50.97071591523882], [-0.16437239938492487, 50.970777605960805], [-0.16460065770536597, 50.9708663158931], [-0.16582929250262327, 50.9713297737299], [-0.16598340028625222, 50.971386981780306], [-0.16613854652232568, 50.971442910766804], [-0.1662957822397813, 50.971496275479595], [-0.16637481152689637, 50.971521218927926], [-0.16653476464807174, 50.97156878425636], [-0.1667772235364959, 50.97163703339758], [-0.16913333205020534, 50.97228176903662], [-0.16937736119378938, 50.97234796659456], [-0.16954059316573702, 50.97239121731936], [-0.16970478004686612, 50.97243292996359], [-0.1697869812852322, 50.972452792117686], [-0.17003516693361942, 50.97250982852023], [-0.17028448445924932, 50.97256504172305], [-0.1714496919092468, 50.97282003255673], [-0.1724477992416281, 50.97304016511513], [-0.1726143334205727, 50.97307633091864], [-0.1727812799262518, 50.973111337665465], [-0.1729491058825893, 50.97314386907845], [-0.17303359243503796, 50.97315851785125], [-0.17311865929917836, 50.973171535270566], [-0.1732048796001586, 50.973182617015496], [-0.17329168470438255, 50.97319205383393], [-0.17346645014626444, 50.97320767664863], [-0.17373009849565685, 50.97322692303953], [-0.17540432013167803, 50.973338132800755], [-0.17558032794361242, 50.97334780037393], [-0.17566824067059092, 50.97335151727837], [-0.17575605817614376, 50.97335405083703], [-0.1758437427310261, 50.973354932123954], [-0.17593124492789766, 50.97335354457787], [-0.17601865819155657, 50.97334937797958], [-0.17610588819890766, 50.973342935193855], [-0.17619298615391876, 50.97333483617537], [-0.1762799897858012, 50.973325550415346], [-0.17645381558991924, 50.97330473494296], [-0.17671433870040948, 50.97327083306367], [-0.17758250293035016, 50.97315491406235], [-0.17897161636318468, 50.97297120078226], [-0.17923254102061084, 50.972939168158526], [-0.17940706481570692, 50.97292072205444], [-0.17949464875928106, 50.97291313375161], [-0.17958290194772608, 50.97290698335064], [-0.17976005690828725, 50.97289797411198], [-0.1800266553250476, 50.97288884438628], [-0.18136220670907988, 50.97285543036699], [-0.18225344416706854, 50.972834879978], [-0.1825202968070742, 50.97282751170257], [-0.18269710052633686, 50.97282008912264], [-0.1827848093357409, 50.972814793420575], [-0.1828717824249221, 50.9728078194065], [-0.18295772784142383, 50.972798497338864], [-0.18304225841133034, 50.97278594478723], [-0.1831240832556127, 50.97276966340263], [-0.18320452289773748, 50.97275021657854], [-0.1832839501385334, 50.97272846072081], [-0.18336265243887162, 50.97270504577026], [-0.18344084090290355, 50.97268045988978], [-0.1835962710066266, 50.97262912330303], [-0.1837510525267119, 50.972576305190266], [-0.18606995821122738, 50.971777289137954], [-0.18622539370483293, 50.971726087879965], [-0.18630358935537494, 50.9717016728801], [-0.1863823015372147, 50.971678539682834], [-0.18646174584598876, 50.97165722341697], [-0.18654220884430472, 50.971638436833864], [-0.18662406872287385, 50.97162311725813], [-0.1867069014768995, 50.9716121024563], [-0.1867911104499786, 50.97160450262613], [-0.18687632733276757, 50.97159940081169], [-0.18696227095260834, 50.97159609784046], [-0.18704872930715277, 50.971594066504586], [-0.18730982913604624, 50.9715921901633], [-0.18809664552709654, 50.97159375029272], [-0.18897070719688203, 50.971592291984685], [-0.18914455456053025, 50.971594030301425], [-0.1892309778807545, 50.971596101234546], [-0.1893168640084478, 50.97159946982393], [-0.1894019928563546, 50.971604671762684], [-0.1894860706753573, 50.971612422062044], [-0.1895687138848621, 50.97162365464824], [-0.1896496233458688, 50.971639127521364], [-0.18972909819737757, 50.97165808550321], [-0.18980752202001572, 50.97167959296621], [-0.1898851894611644, 50.971702937724615], [-0.1899623197097487, 50.97172758464953], [-0.19019191921492298, 50.97180586687547], [-0.19148652179506506, 50.9722644104472], [-0.19179169207346236, 50.97237120750043], [-0.19194503539079472, 50.97242350656687], [-0.1920996857568371, 50.972473928137426], [-0.19217785805118792, 50.972497925837544], [-0.19225688015179293, 50.97252070621873], [-0.192337565932289, 50.97254216802925], [-0.19250128838438524, 50.972581726496514], [-0.19266685956934138, 50.972618637067804], [-0.19291674842352544, 50.972671812064554], [-0.19450294504319773, 50.973003533747764], [-0.19483777679398928, 50.97307140292227], [-0.1950919236625818, 50.97311867931007], [-0.19534804143493953, 50.9731632110915], [-0.19646031386017535, 50.973351977719716], [-0.19671726616740318, 50.97339397628672], [-0.19688901057497965, 50.973419370671756], [-0.1969751518242153, 50.973430498175325], [-0.19706157065285398, 50.973440003952895], [-0.19714837216382294, 50.97344728049564], [-0.1972353650159403, 50.9734518266373], [-0.1973227387537269, 50.97345415599028], [-0.19741038917265302, 50.97345486984247], [-0.1974982390175346, 50.97345442524042], [-0.1977624721701373, 50.9734491443176], [-0.19873323748026359, 50.97342020444272], [-0.19961628679444232, 50.9733967508109], [-0.1998807535090237, 50.9733887671949], [-0.20005617831434183, 50.97338122761464], [-0.2001433373547889, 50.97337606433921], [-0.20022991159195871, 50.97336943036665], [-0.2003156719555251, 50.97336074533662], [-0.2004003148148354, 50.973349246748114], [-0.20048376021991499, 50.97333428353242], [-0.20056608542581397, 50.9733164971369], [-0.20064759496141504, 50.97329665345307], [-0.20080903209942869, 50.9732529821593], [-0.20096930322424333, 50.973206362067515], [-0.2019273843225201, 50.972917000024594], [-0.20280837739300941, 50.97265507867659], [-0.20304761043125666, 50.97258288270994], [-0.20320475541887212, 50.97253283798901], [-0.20328185602308568, 50.9725066110289], [-0.2033574025418205, 50.972479111311365], [-0.203430781425826, 50.972449835959026], [-0.20350118329295044, 50.97241812257594], [-0.2035679712376852, 50.972383424159425], [-0.20363178036894475, 50.97234628543822], [-0.20369342096711113, 50.972307370497724], [-0.20381249714959732, 50.9722260956102], [-0.2039284579746829, 50.972142269985845], [-0.20404304617400354, 50.97205731852981], [-0.20552707739641587, 50.97094839812567], [-0.20569938235274787, 50.970821308997785], [-0.20581652446245002, 50.970738409126355], [-0.20587652024533093, 50.970698103516085], [-0.20593802070631675, 50.970659006175204], [-0.2060016205300859, 50.97062159398006], [-0.20606810035271633, 50.970586495978104], [-0.2061380620453296, 50.97055423600055], [-0.20621090283847374, 50.97052428796421], [-0.2062858420961041, 50.97049602565747], [-0.20643979087791342, 50.97044277236733], [-0.20667582052387787, 50.97036699780657], [-0.20762875786884133, 50.9700711301436], [-0.20802428519011937, 50.96994645130122], [-0.20818093340937324, 50.96989500307898], [-0.20825846969647896, 50.9698684787707], [-0.20833520019478835, 50.969841133623056], [-0.20841082576530118, 50.969812663290234], [-0.2084849745054858, 50.96978287486778], [-0.20855802370775647, 50.96975196521554], [-0.20870194100281192, 50.96968792492153], [-0.20891498276065257, 50.96958897529232], [-0.2100436377617213, 50.96905312665715], [-0.2107480139625108, 50.96871576209443], [-0.21088927853250403, 50.96864899987223], [-0.21103162826739114, 50.96858427863876], [-0.21110359769468395, 50.96855341401152], [-0.21117642770802952, 50.96852417125883], [-0.21125047853183046, 50.96849722810661], [-0.2113262298665037, 50.968473489698354], [-0.2114043123293114, 50.968454149126416], [-0.21148503494072174, 50.96844019922201], [-0.21156808239212044, 50.9684306301927], [-0.21165283215095207, 50.96842426026727], [-0.2117388117034435, 50.96842019109508], [-0.21182566621500787, 50.9684177511756], [-0.21191313786917818, 50.9684164432475], [-0.21208923371599472, 50.96841588262604], [-0.21253242115467816, 50.96841883338432], [-0.21342460004709163, 50.96842741298447], [-0.21360090520136518, 50.96842761041821], [-0.21368726563952595, 50.9684266158952], [-0.21377153659633802, 50.96842435643844], [-0.21385271016205815, 50.968420227300726], [-0.21392940652437775, 50.96841339914643], [-0.21399975898416182, 50.96840274959972], [-0.21406127830975333, 50.96838678234649], [-0.21411069193859295, 50.96836352756682], [-0.21414541901085296, 50.968331302816665], [-0.21416798828406275, 50.96829176052914], [-0.21418169477864227, 50.96824688408209], [-0.21418904030274155, 50.96819817996063], [-0.21419189964026933, 50.96814677675632], [-0.21419165889178055, 50.968093508892615], [-0.2141893268653156, 50.9680389833779], [-0.21418107224615374, 50.96792777903072], [-0.21408591640304514, 50.96691627351218], [-0.21407639515937602, 50.96680454317461], [-0.21407019498727603, 50.96669414713443], [-0.21406966318462767, 50.966639974126906], [-0.21407200060100862, 50.96658694384123], [-0.2140784882339797, 50.966535565443536], [-0.21409085893374202, 50.96648652913762], [-0.21411142765881577, 50.96644075481922], [-0.21414324239291915, 50.96639945430758], [-0.2141882309206567, 50.966363956532895], [-0.21424426513313785, 50.96633285282023], [-0.21430837699665262, 50.966304962482056], [-0.21437830724826765, 50.96627938599929], [-0.21445235537714405, 50.96625544675166], [-0.21452926104692072, 50.96623264236507], [-0.21468820446172523, 50.96618906909089], [-0.21550232694244673, 50.965978570904284], [-0.2163906026549719, 50.9657437752674], [-0.21655250152702687, 50.96570281132066], [-0.21671558348035944, 50.965664679464254], [-0.2167979086862584, 50.965647459838415], [-0.21688102710452767, 50.96563209868436], [-0.21696593586521234, 50.96561888227188], [-0.21705165310961796, 50.96560755601678], [-0.21713795964885282, 50.96559760735328], [-0.21722468929458727, 50.96558864591676], [-0.2173989507815975, 50.9655725967943], [-0.21853687370145394, 50.96547998157235], [-0.2194996484970983, 50.96539877903428], [-0.21976206166294826, 50.96537763300582], [-0.21993673817165094, 50.96536584277684], [-0.2200239106868211, 50.96536139484992], [-0.220110908928821, 50.965358472184946], [-0.22019766462570461, 50.9653576761745], [-0.22028408794592885, 50.96535979660593], [-0.22037140688649257, 50.9653655847948], [-0.22045838446722582, 50.96537436636592], [-0.22054511501129073, 50.965385318151576], [-0.2207180990939617, 50.965411405998374], [-0.2208907319353676, 50.96544056641406], [-0.22106321385982786, 50.965471063675786], [-0.22339125990237665, 50.965888229084065], [-0.22356389184545203, 50.965917265302686], [-0.22365030169095315, 50.96593068303478], [-0.2237368121477625, 50.9659428979934], [-0.22382346453837987, 50.96595339478779], [-0.22391031635501968, 50.96596148434433], [-0.2239974403611465, 50.9659662541214], [-0.22408366515371225, 50.96596697996927], [-0.2241701630340955, 50.965964468071604], [-0.22425686842530831, 50.9659596021181], [-0.22434373551329873, 50.96595305307907], [-0.22443072926371307, 50.96594532559652], [-0.224605021293458, 50.96592773211846], [-0.22513009556019023, 50.96587016658269], [-0.22574632906531106, 50.965804873469686], [-0.22592031027796022, 50.96578537846976], [-0.22600561609396183, 50.96577477131717], [-0.22608895190456216, 50.96576314072911], [-0.2261693619022827, 50.96574997923128], [-0.22624553724171906, 50.965734594349804], [-0.22631570824182282, 50.96571605033904], [-0.22637751233339434, 50.96569309859369], [-0.22642783954884865, 50.96566409504825], [-0.22646356914096943, 50.96562850562641], [-0.22648820184437868, 50.96558706635025], [-0.22650467694667928, 50.96554133131364], [-0.22651523664285986, 50.96549248744417], [-0.22652157246055488, 50.96544142861572], [-0.22652494024453984, 50.96538882070834], [-0.2265262616663369, 50.965335152525164], [-0.22652524657005005, 50.96522594955792], [-0.2265133187397235, 50.96483945296043], [-0.22651334029928713, 50.96473001234115], [-0.22651528784682776, 50.964675801966045], [-0.2265192961296099, 50.964622112591805], [-0.22652621136066606, 50.96456914619642], [-0.22653717619703762, 50.96451717321592], [-0.2265537060965611, 50.96446655800357], [-0.22657779082767435, 50.9644177763694], [-0.2266111362909984, 50.964371087438145], [-0.22665205275555986, 50.96432622926806], [-0.22669851631699806, 50.9642827096505], [-0.22674898097470833, 50.96424015235626], [-0.2268022807154916, 50.96419827111129], [-0.22685754597005722, 50.964156854321445], [-0.22697159967180497, 50.96407483193907], [-0.2270879108398586, 50.963993297668566], [-0.22738074994436586, 50.96379006136451], [-0.22749854512925777, 50.96370951386321], [-0.22761803004518993, 50.96363056226274], [-0.22767904272098521, 50.96359221654103], [-0.22774142892084245, 50.96355506513252], [-0.22780574470193174, 50.96351957649974], [-0.22787271769960185, 50.96348636507585], [-0.22794436014015126, 50.963455343736726], [-0.22801876310354774, 50.963426670903296], [-0.22809517380162378, 50.96339969537413], [-0.22817302000752823, 50.96337392096807], [-0.2283314271280989, 50.963324578069425], [-0.2290561420852385, 50.96311052174136], [-0.22929775925224904, 50.96304176331793], [-0.22937820158933184, 50.96302050079779], [-0.2294585810443177, 50.96300083319842], [-0.22953888234588948, 50.962983490942634], [-0.22961908393445005, 50.962969459620375], [-0.22969915526729814, 50.96296005523747], [-0.2297790568185616, 50.962957009647255], [-0.22985813102143143, 50.962961662050716], [-0.22993704083263264, 50.96297259347131], [-0.23001582937125892, 50.96298810996245], [-0.23009452897667262, 50.9630069249386], [-0.2301731665983198, 50.96302807091464], [-0.23033031877244534, 50.96307469103915], [-0.23048738021669726, 50.963124298421185], [-0.23166444542844777, 50.96350605453484], [-0.2318214296176161, 50.96355628380557], [-0.231978703064283, 50.96360502447728], [-0.2320575598748553, 50.96362826579759], [-0.23213666012890782, 50.963650253923696], [-0.23221611072589496, 50.963670436099434], [-0.23229605539628567, 50.963688065510205], [-0.2323766854812284, 50.96370214357433], [-0.23245825071241627, 50.96371135940556], [-0.2325392940223905, 50.96371464087247], [-0.23262124732575779, 50.96371323210481], [-0.23270387885716695, 50.96370838458592], [-0.2327870107501928, 50.96370105672961], [-0.2328705109524953, 50.963691973852356], [-0.23303824887391716, 50.96367056735823], [-0.2332065751918378, 50.96364697358379], [-0.23354381173265926, 50.96359799024011], [-0.2337957855766065, 50.963560305879], [-0.23396169722306256, 50.9635333242039], [-0.2340433352177486, 50.96351855584611], [-0.23412357184062935, 50.963502392288156], [-0.23420184564458543, 50.96348424965092], [-0.23427741372291735, 50.96346335508584], [-0.23434930140354107, 50.96343870320972], [-0.23441800635308174, 50.96340886939811], [-0.2344829087340423, 50.96337514417205], [-0.23454503442247462, 50.96333857760102], [-0.2346051622576955, 50.96329997025017], [-0.23466387794131263, 50.96325992127081], [-0.23472161446122666, 50.963218875359374], [-0.234835333091357, 50.96313500122957], [-0.23545341802429573, 50.96266640805193], [-0.2362412890375052, 50.962071984249825], [-0.23641116674591311, 50.96194543323174], [-0.2365264349699366, 50.96186256844025], [-0.236585320435105, 50.96182206898202], [-0.2366455228305184, 50.96178255000898], [-0.23670755419582212, 50.961744394000355], [-0.23677208916583647, 50.961708103950876], [-0.23684040424657024, 50.96167373814192], [-0.2369112678477361, 50.961641271116854], [-0.23698398557167782, 50.961610183479145], [-0.2371330124840569, 50.96155067360872], [-0.2373610156829556, 50.96146468887148], [-0.238050217541975, 50.96120968661851], [-0.238737713500273, 50.96095217871853], [-0.23889125444693335, 50.960897750060994], [-0.23896851854451856, 50.96087217116702], [-0.2390463216312957, 50.96084837341323], [-0.23912489457425196, 50.96082710706017], [-0.2392045428006005, 50.960809375850374], [-0.2392856687555743, 50.960796503773196], [-0.23936862817209084, 50.9607895607713], [-0.23945306621552967, 50.960787479171906], [-0.2395385822373188, 50.96078893555593], [-0.23962486991191456, 50.96079292618382], [-0.23971170016895724, 50.96079869853335], [-0.2398863596096483, 50.96081352433622], [-0.24111505728896906, 50.96093662250696], [-0.2416415490972211, 50.9609874475176], [-0.24243179166276776, 50.96106190548062], [-0.24260682749757606, 50.96107936953542], [-0.24278067216629973, 50.96109882407505], [-0.24286675861827903, 50.9611099505698], [-0.24295196202634492, 50.961122556067565], [-0.24303593114923228, 50.96113722843489], [-0.24311820515112992, 50.96115473942288], [-0.24319772042684148, 50.961175520168624], [-0.24327556483608495, 50.96119909822415], [-0.24335219112983106, 50.961224718241624], [-0.24342794066784332, 50.96125180649633], [-0.24357777696230723, 50.96130877348114], [-0.24380053040666838, 50.961397590327806], [-0.2449859131196108, 50.96187806889413], [-0.2457287210448902, 50.962182983655275], [-0.2458770643393448, 50.96224248026846], [-0.24595102353500856, 50.962270902623004], [-0.24602473389730956, 50.96229777753166], [-0.2460980759503673, 50.962322357026636], [-0.24617088620077676, 50.96234362099789], [-0.24624294096802718, 50.96236018836487], [-0.2463139465030345, 50.96237021919489], [-0.24638351293695837, 50.962371296452375], [-0.2464526895020419, 50.96236116095206], [-0.24652037755870165, 50.96234175955919], [-0.24658698673871407, 50.96231563943604], [-0.24665282516418344, 50.96228472934114], [-0.2467181254988248, 50.96225046466889], [-0.24678305572756207, 50.96221390117318], [-0.246847740716225, 50.96217580492662], [-0.24697669477356138, 50.96209703460139], [-0.24742720887170502, 50.961816191522125], [-0.2478137898710896, 50.961578120388104], [-0.24949013242952464, 50.960555687203204], [-0.2503904464651527, 50.96000304111462], [-0.25052065007905167, 50.95992582310047], [-0.2505867103884041, 50.95988825967458], [-0.2506538181334056, 50.95985184030067], [-0.2507224242682655, 50.95981705554528], [-0.2507931297659757, 50.959784562326774], [-0.2508667323304583, 50.959755230878585], [-0.25094199857486554, 50.959730333732864], [-0.251020045105056, 50.95970846992914], [-0.25110012362444767, 50.95968882356046], [-0.2511816637027834, 50.95967077222838], [-0.25126423684368127, 50.959653848001814], [-0.251515393220703, 50.95960681705417], [-0.2523595239235317, 50.95945737805213], [-0.2533702220429644, 50.959274706594336], [-0.25362329901804714, 50.95923137915171], [-0.25379277158629754, 50.95920591476862], [-0.2538779444516287, 50.959195151643485], [-0.25396355659317404, 50.95918637060182], [-0.25404940678825005, 50.95918002204178], [-0.2541356944628458, 50.959175643684986], [-0.25430914207621913, 50.95917080983826], [-0.25448326073112426, 50.95916899523597], [-0.25465769738963523, 50.959168607079704], [-0.25649064414986633, 50.95917047147465], [-0.25666511943591913, 50.959171313988776], [-0.25683952555169537, 50.95917329381201], [-0.25692668638877, 50.959175005999725], [-0.2571048690220106, 50.959180389262436], [-0.25755000221157365, 50.95919932856471], [-0.2602202416986944, 50.95932384613694], [-0.260576164994037, 50.95934109243715], [-0.26075392901236366, 50.95935085515295], [-0.2609313696371684, 50.95936244943625], [-0.2610198222516024, 50.95936930155387], [-0.26119644001963266, 50.95938469363576], [-0.261372852971758, 50.959401426712255], [-0.2617255746714119, 50.959436645198615], [-0.2621670508194914, 50.95948209314951], [-0.26305320560960266, 50.959576413829694], [-0.2632283169029005, 50.959592716813724], [-0.2633143916767842, 50.95959911114878], [-0.2633987937876057, 50.959603523980725], [-0.26348076326065417, 50.959605053392686], [-0.26355926433840937, 50.95960247495008], [-0.2636329145136049, 50.9595941506024], [-0.26369988751127493, 50.959577916649], [-0.2637584423964449, 50.95955215936062], [-0.2638103722063878, 50.95951855524982], [-0.26385748255483615, 50.959479241973995], [-0.26390114067763903, 50.95943584116523], [-0.26394237245088176, 50.95938956480452], [-0.2639819315610289, 50.95934130801591], [-0.2640203686754348, 50.95929172262241], [-0.26409533847576644, 50.95919029516579], [-0.2643537577318544, 50.958830587924375], [-0.2646144955397177, 50.95847362332478], [-0.26607664380180274, 50.95649605041209], [-0.2662626363881086, 50.95624088621475], [-0.2665210116267723, 50.95588140964878], [-0.2665959850203924, 50.955779986065345], [-0.2666344374061154, 50.95573034933859], [-0.2666740252623697, 50.95568197783958], [-0.2667153064429528, 50.95563549289591], [-0.2667590463124248, 50.9555917461461], [-0.26680627973007554, 50.95555189253774], [-0.26685839459298727, 50.95551747577398], [-0.2669172162777617, 50.955490531302466], [-0.2669840760877309, 50.95547273750803], [-0.26705762116006615, 50.95546239113067], [-0.2671360359995333, 50.95545747031947], [-0.2672179434888152, 50.95545644156654], [-0.2673023150569355, 50.95545815785234], [-0.26738838893248873, 50.955461772068226], [-0.2675635945488818, 50.955472411000734], [-0.2678297060787486, 50.95549206537678], [-0.26880846998816393, 50.95556782685523], [-0.2689856159655541, 50.95558068057554], [-0.26916096082079716, 50.955591362486885], [-0.269247266461735, 50.95559504968952], [-0.26933205305151436, 50.95559689668592], [-0.26941464326042375, 50.955596084663895], [-0.2694941208068571, 50.95559150225656], [-0.2695692594904764, 50.95558166405615], [-0.269638445038731, 50.95556461215141], [-0.2696995116134187, 50.95553919555539], [-0.26975477237643225, 50.95550674461495], [-0.26980578320984444, 50.95546914536194], [-0.2698537307881209, 50.955427834530525], [-0.26989950534175217, 50.95538389292541], [-0.2699437680307349, 50.955338122380056], [-0.2699870039453687, 50.95529110856734], [-0.2700716863305847, 50.95519492085856], [-0.2707384006630969, 50.954413542052656], [-0.2708223877522595, 50.95431663951294], [-0.2709081804551546, 50.954221487055754], [-0.27095244583909533, 50.95417523209864], [-0.2709982248842786, 50.95413043595179], [-0.2710461805474291, 50.95408773580862], [-0.27109720485556443, 50.95404799182441], [-0.2711524862798112, 50.95401234766702], [-0.27121358339723356, 50.953982303516625], [-0.27128350376738053, 50.95395857976081], [-0.2713594850707439, 50.95394069200808], [-0.2714398672206878, 50.95392704049614], [-0.27152339527073355, 50.9539164164888], [-0.2716091322780753, 50.953907917394396], [-0.27169639013320307, 50.95390087999138], [-0.27187361695899875, 50.953889403182195], [-0.2720525999911532, 50.953879593481865], [-0.2734920280630494, 50.95380590041146], [-0.2736703625115996, 50.95379546594989], [-0.27375807940581076, 50.95378929264541], [-0.2738440841111209, 50.953781994348645], [-0.27392753490608307, 50.95377301874924], [-0.27400726757405874, 50.95376160245886], [-0.2740817010801899, 50.95374670819654], [-0.2741487136037323, 50.95372694556289], [-0.2742055041977029, 50.95370047653432], [-0.2742496321393877, 50.95366597634505], [-0.27428361360995684, 50.95362481953125], [-0.2743102181154284, 50.95357882429131], [-0.2743315468152132, 50.953529367431386], [-0.2743491654728855, 50.95347747830308], [-0.27436423201680393, 50.95342391519811], [-0.2743775845751938, 50.95336922929354], [-0.2744013710656039, 50.953257949651075], [-0.27459990592991784, 50.952247932798535], [-0.2746227869185204, 50.95213628772217], [-0.27464809874830204, 50.95202565366323], [-0.27466265055758365, 50.95197111834398], [-0.27467933137408623, 50.95191745899532], [-0.27469910329350117, 50.95186507006262], [-0.2747232733645386, 50.951814487471715], [-0.27475358791208915, 50.951766428243594], [-0.274792356504824, 50.9517218391639], [-0.27484028432016433, 50.951682322352696], [-0.2748963553635598, 50.95164614894612], [-0.274958390322152, 50.951612425934286], [-0.27502473000756844, 50.951580470825526], [-0.2750941221683221, 50.95154977203337], [-0.27516563884471107, 50.951519949262966], [-0.2753125169869331, 50.95146189333223], [-0.2759873359199251, 50.951206520398], [-0.27628495496008804, 50.95109157348406], [-0.27643166242239475, 50.95103248081035], [-0.2765039956674122, 50.951002104799386], [-0.2765753111211848, 50.95097089176502], [-0.2766452539491924, 50.9509385428968], [-0.2767146820425633, 50.95090423533578], [-0.2768497132027973, 50.950832425479994], [-0.27704717637697385, 50.95072034972741], [-0.2775022575100276, 50.95045220417114], [-0.27815549441832, 50.95006182119484], [-0.27828531804488016, 50.94998570438666], [-0.27834935894149093, 50.949949417038006], [-0.27841237036876126, 50.94991520778608], [-0.2784738492701834, 50.94988409079729], [-0.2785331021463315, 50.94985745715563], [-0.27858919115603553, 50.94983719088018], [-0.27864086584443604, 50.94982581040905], [-0.27868647510803457, 50.949826632718796], [-0.27872459781208975, 50.94984228942546], [-0.2787566802441281, 50.94987009853051], [-0.27878436182961946, 50.94990676229005], [-0.27880888583687996, 50.9499497775404], [-0.2788311856154938, 50.94999726874822], [-0.278851949274971, 50.95004784822339], [-0.2788716807701832, 50.950100506326216], [-0.2789093821643328, 50.950209365103554], [-0.27903758792505373, 50.950597905304875], [-0.2791304252164205, 50.950872856985164], [-0.2794114415934615, 50.951690666792935], [-0.27959527193488715, 50.952236189603525], [-0.2796526958411114, 50.95239902536727], [-0.2796956919055535, 50.95250590544485], [-0.2797201431492824, 50.952558295352894], [-0.279747710648709, 50.95260957659334], [-0.2797796224008656, 50.9526593134231], [-0.27981749537326095, 50.95270693032268], [-0.2798625773257966, 50.95275190666721], [-0.27991360882044203, 50.952794767622436], [-0.2799689773813073, 50.95283608645354], [-0.2800274577062848, 50.95287629834342], [-0.2800881317172076, 50.952915730386025], [-0.28021352934436866, 50.95299315415366], [-0.281051469756532, 50.95348828689238], [-0.2822052542293716, 50.9541762337174], [-0.28246277067861003, 50.95432824863358], [-0.28265874624269327, 50.95444027267891], [-0.28292478141574007, 50.95458632234298], [-0.28426656171797954, 50.95530864269584], [-0.28446428630191156, 50.955419113891], [-0.284528631727405, 50.955456866535435], [-0.28459164045975077, 50.95549541193339], [-0.28465281573058726, 50.955535046032765], [-0.2847122590495532, 50.955576369783905], [-0.28476984914410713, 50.955618795810565], [-0.2848814109192398, 50.955705815020906], [-0.28504428266678483, 50.9558390953375], [-0.28552874050625277, 50.956242362546455], [-0.28568785639756655, 50.95637728288259], [-0.2857888908158808, 50.95646833467711], [-0.2858361952004356, 50.95651457603468], [-0.2858800868852172, 50.95656158068768], [-0.2859192031259621, 50.95660965532809], [-0.28595174369882026, 50.95665920453962], [-0.2859762695027082, 50.95671060234805], [-0.2859942088589109, 50.956763478112315], [-0.2860073610929814, 50.95681742837348], [-0.28601708984751345, 50.95687214643506], [-0.28602441291371866, 50.956927404821684], [-0.28603464202986734, 50.957038914467056], [-0.28604187346790183, 50.957151099469776], [-0.28608439701850397, 50.95793876060637], [-0.2861094240823056, 50.958446818630854], [-0.28611843598125397, 50.9585582527693], [-0.2861252407195339, 50.958612980663524], [-0.2861346361990761, 50.95866659267337], [-0.2861477992129451, 50.95871858181816], [-0.28616632606734954, 50.95876826061941], [-0.2861923538543845, 50.95881470791369], [-0.28622870328406924, 50.95885670830931], [-0.2862778168755782, 50.95889337290132], [-0.2863373006187469, 50.9589255696831], [-0.2864043131423228, 50.958954524247694], [-0.2864767011845296, 50.95898116455869], [-0.2865528603543183, 50.9590061831929], [-0.2866316066721478, 50.95903009109492], [-0.2867120822468564, 50.95905325775139], [-0.28687594393783616, 50.95909835356746], [-0.28737265120452493, 50.95923163829941], [-0.288113199866871, 50.9594329911185], [-0.28827820241826446, 50.959475972090225], [-0.2884446225111443, 50.95951607129453], [-0.2885287784835946, 50.95953425735219], [-0.28861274221656597, 50.95955057506234], [-0.2886973940590473, 50.95956555064014], [-0.28886806048830693, 50.95959283903091], [-0.28921197061336534, 50.95964236073123], [-0.2904194635604007, 50.959808216341926], [-0.29067777681529794, 50.95984454465348], [-0.29084922028728016, 50.95987012750811], [-0.29093446771280385, 50.959883762563], [-0.2910192174716354, 50.95989828368267], [-0.2911032728327774, 50.95991403771181], [-0.2911863777763571, 50.95993148239447], [-0.2912685260141278, 50.95995103813001], [-0.29134971934275056, 50.95997229300188], [-0.29143021647705625, 50.95999478982894], [-0.29158985788283887, 50.96004220683544], [-0.2917484922771751, 50.96009145816342], [-0.29198568613974457, 50.960166813810666], [-0.29293354620671314, 50.960472062313954], [-0.2930918688856567, 50.96052106932262], [-0.2931712125831225, 50.960544364805905], [-0.29325075750320484, 50.96056630969273], [-0.29333059257914973, 50.96058630026753], [-0.2934108381851681, 50.96060351837459], [-0.29349165511970715, 50.960616871441964], [-0.2935732553851484, 50.960624920058045], [-0.29365497602486745, 50.96062651167519], [-0.2937374665207991, 50.960622889939735], [-0.2938205193620469, 50.96061545748808], [-0.2939039773435191, 50.960605283695614], [-0.2939877218875654, 50.960593170310574], [-0.2941557436766367, 50.96056534725248], [-0.2943241310800268, 50.96053505385632], [-0.2951667481215796, 50.96037924850855], [-0.29634559379421055, 50.96016586494167], [-0.2966812187573724, 50.96010287289879], [-0.29685041464451684, 50.96006915319427], [-0.2971034422122927, 50.96001702071195], [-0.2991247926370391, 50.95959375905472], [-0.29946080657074425, 50.95952192414932], [-0.2996274458525826, 50.95948398016474], [-0.2997100369598225, 50.95946392970433], [-0.2997918905501786, 50.95944278776436], [-0.29987209034211165, 50.95942052888124], [-0.30003050914081136, 50.95937307842258], [-0.3001873675658192, 50.95932331822351], [-0.30049920873356245, 50.95922101720228], [-0.302288606067106, 50.95862714627196], [-0.3025227231998501, 50.958550855069], [-0.30267995891727223, 50.95850190935568], [-0.3027592675804513, 50.95847857889833], [-0.3028392868110011, 50.95845642423265], [-0.30292027981533787, 50.958435879355385], [-0.303003660541693, 50.95841703876301], [-0.30308804019465385, 50.95839984813741], [-0.3031731429914115, 50.958383855944184], [-0.3032587650143914, 50.958368720419955], [-0.3034309846307658, 50.95834006368571], [-0.3050763703461922, 50.958081872757646], [-0.30568348145962176, 50.95798425755292], [-0.30629216192984726, 50.9578838095425], [-0.30646531669243343, 50.95785640471635], [-0.3065512495325091, 50.95784381304436], [-0.3066364197029157, 50.957832535819385], [-0.30672045170783313, 50.95782322262888], [-0.3068028254227754, 50.95781676863595], [-0.30688283836511215, 50.957814387572945], [-0.3069595455072303, 50.9578177068019], [-0.307031703580747, 50.95782887255965], [-0.3070981753185034, 50.95784957727266], [-0.30716011236071195, 50.957878102468406], [-0.307218754382467, 50.95791231264944], [-0.30727503832660796, 50.957950587236546], [-0.307329667573962, 50.9579917181516], [-0.3073831577575632, 50.95803481249271], [-0.3074358852714619, 50.95807922293482], [-0.30754005031856085, 50.958170270262876], [-0.3080576155678221, 50.958631210643674], [-0.3088381006327629, 50.959314854633206], [-0.3090426533111659, 50.959498526871364], [-0.3091927492187243, 50.95963794563972], [-0.3096393700184142, 50.960057993633], [-0.310088057841592, 50.96047762988032], [-0.31023406461796266, 50.96061833292363], [-0.31028070963911464, 50.96066570798984], [-0.31032550143578774, 50.96071351754732], [-0.3103676521855611, 50.96076194548165], [-0.31040610906286975, 50.96081123961374], [-0.31043947967904595, 50.960861726410194], [-0.31046648483312295, 50.96091334362869], [-0.31048845942158737, 50.960966140490356], [-0.3105067715786523, 50.96101979618092], [-0.3105224633500507, 50.961074066836645], [-0.3105363117784717, 50.96112877083299], [-0.3105606291731997, 50.961238974713496], [-0.31071093708317304, 50.962015144937915], [-0.3107409381187033, 50.96218142886766], [-0.31075751203571805, 50.96229239972223], [-0.310763840666903, 50.962347958319526], [-0.31077151946592524, 50.962458897092354], [-0.31077492587748545, 50.96256999854607], [-0.31077636048701685, 50.962736787996484], [-0.31077460877221014, 50.96546182103767], [-0.3107732352481147, 50.96601813269901], [-0.31076864755197137, 50.96657495817477], [-0.31076961054595986, 50.96668601866984], [-0.3107745413985611, 50.96679643679289], [-0.3107797839665552, 50.96685119628195], [-0.3107879568390145, 50.96690548218943], [-0.310800212554415, 50.96695910782579], [-0.3108180701639485, 50.96701182710085], [-0.31084301458278407, 50.96706390760767], [-0.3108736489306014, 50.96711506761547], [-0.3109084164270307, 50.96716555944201], [-0.310946139380744, 50.967215573739686], [-0.3110271593345605, 50.96731470097153], [-0.311155296823302, 50.967462328143476], [-0.3115888103046762, 50.9679535248872], [-0.31210282181868665, 50.968544528950495], [-0.31223453729723405, 50.96869063441524], [-0.312280138475992, 50.96873850812535], [-0.3123272407395999, 50.96878565032523], [-0.3123764441626519, 50.96883176798042], [-0.312428541059255, 50.96887647584733], [-0.3124844773553525, 50.96891968681118], [-0.3125433340744472, 50.968961475549385], [-0.31260430722437016, 50.96900223240273], [-0.31273033367219927, 50.96908175868141], [-0.31292441738429533, 50.96919859071161], [-0.313708453489529, 50.96966218002639], [-0.31468526895307325, 50.97024333856725], [-0.3148818877108782, 50.970358630698115], [-0.31501466948964685, 50.970434247445496], [-0.3150820242713502, 50.97047135149166], [-0.31521678953027676, 50.970542548343396], [-0.3154224516280618, 50.97064677605182], [-0.31660057415686255, 50.9712281310085], [-0.3168765500868899, 50.9713657920923], [-0.3170128083457924, 50.97143585112965], [-0.3170800265835702, 50.971471527176], [-0.317212416696871, 50.97154549882635], [-0.3173420346092292, 50.971622605323304], [-0.3175963063436516, 50.971780342635], [-0.3196767479478019, 50.97309404896177], [-0.31986767318333653, 50.973212079137504], [-0.3199976441336208, 50.97328866642591], [-0.3200641958214188, 50.973325735949544], [-0.3201323357306853, 50.97336156496731], [-0.3202015455334281, 50.97339546395209], [-0.3202723112182437, 50.9734281473264], [-0.32041692740257427, 50.973491104332446], [-0.3207119970239412, 50.97361245442795], [-0.32182622867481325, 50.97406149657452], [-0.3220478520385592, 50.97415241529257], [-0.32226711193480845, 50.97424534695213], [-0.32262680725602993, 50.97440498439088], [-0.32305594594197296, 50.9745991070849], [-0.3236986752564165, 50.9748918077662], [-0.32391452604614757, 50.97498673858951], [-0.3239873318049714, 50.97501696317086], [-0.32406091191155995, 50.97504590431323], [-0.3241355879628409, 50.975073026931426], [-0.3242117893534264, 50.975097617201556], [-0.3242900811236912, 50.975118738442504], [-0.32437144064067713, 50.97513572717366], [-0.32445491299516943, 50.975149209552974], [-0.3245399232654594, 50.97516013867133], [-0.32462603666691836, 50.975169238537674], [-0.3247129262127694, 50.97517705102722], [-0.32488813362579005, 50.97519030544551], [-0.3257704319483953, 50.97524628075855], [-0.32682807422794663, 50.97531474339395], [-0.32709266041847535, 50.975329603592755], [-0.32744461495687466, 50.975344223960334], [-0.32938231695733106, 50.97540876552022], [-0.32964658155099896, 50.975416808179936], [-0.32991092519637794, 50.97542292317961], [-0.33017505144949283, 50.97542552845994], [-0.3304392603476073, 50.97542619307225], [-0.3322010075367247, 50.9754246556967], [-0.3324648598036581, 50.975427164254654], [-0.3326402531679445, 50.97543219833897], [-0.3327276655332729, 50.9754365949607], [-0.33281599418024094, 50.97544276142985], [-0.3329920711624518, 50.975458933842596], [-0.33325541498292804, 50.97548829666708], [-0.3346577632948661, 50.97565919707762], [-0.3360603945761232, 50.975828748415026], [-0.3363230215410157, 50.97586152453571], [-0.3364976378625794, 50.975884656215115], [-0.3365846810203342, 50.9758969449151], [-0.3367571270121772, 50.975923194282345], [-0.3370148168362554, 50.97596524142993], [-0.338643563057679, 50.976241134096234], [-0.33984595716715593, 50.976441766698365], [-0.34001616455729866, 50.97647221318488], [-0.3401003483775256, 50.976488485918516], [-0.3401835314745193, 50.976505898924906], [-0.3402652916401107, 50.97652493297491], [-0.3403450647322557, 50.976546231169344], [-0.3404221069459913, 50.976570639663116], [-0.34049565561154804, 50.97659878006011], [-0.3405664832801301, 50.976630022826576], [-0.3406353301635122, 50.97666352858737], [-0.3407027577087471, 50.97669866158973], [-0.3407691854290457, 50.976734946150664], [-0.34090019842502955, 50.97680967242647], [-0.3410946432598587, 50.97692435776122], [-0.34200099756743657, 50.97746801705456], [-0.34213100445030464, 50.97754241862648], [-0.34219611524042515, 50.97757739994834], [-0.34226132664185394, 50.97760989203434], [-0.3423266718922502, 50.977638773303916], [-0.3423921932124442, 50.97766252625827], [-0.3424579471962864, 50.97767912040116], [-0.3425240021157563, 50.97768588101812], [-0.34258969770912057, 50.977680755550914], [-0.3426557023229196, 50.97766598264131], [-0.34272195936333644, 50.97764416573919], [-0.3427884194229973, 50.97761728839667], [-0.3428550366878503, 50.97758683587372], [-0.3429217626488185, 50.97755390599597], [-0.34298853532220264, 50.97751929399452], [-0.34312184531036466, 50.97744708522794], [-0.34325374135029535, 50.977372748547694], [-0.34338171983725063, 50.97729689819025], [-0.3434428492940018, 50.97725818535986], [-0.3435008912411625, 50.9772186410569], [-0.34355457007095414, 50.97717789820082], [-0.3436021843742742, 50.97713545339853], [-0.343641500939305, 50.97709064036008], [-0.3436709719688479, 50.977042401957625], [-0.34369199703804704, 50.97699173591376], [-0.34370687134252, 50.97693931472972], [-0.3437173367156054, 50.97688564462025], [-0.3437246984093523, 50.976831105105624], [-0.3437337004267992, 50.97672045178674], [-0.34373881363741127, 50.97660876596032], [-0.34375153647676915, 50.976216813665665], [-0.3437624186681411, 50.97593755993345], [-0.3438336119510083, 50.97432114233613], [-0.3438401022789374, 50.97420983594149], [-0.34384958399676774, 50.97409882171783], [-0.3438563465142508, 50.97404351191635], [-0.343865194919794, 50.973988405681254], [-0.343876908052781, 50.97393357880967], [-0.34389204736026435, 50.97387931695406], [-0.3439100307339249, 50.97382533276772], [-0.3439300883175835, 50.97377155102048], [-0.34395163530799633, 50.97371791458259], [-0.3439975544903601, 50.97361091755798], [-0.34443574370282676, 50.97265034239471], [-0.3448940228382807, 50.97163564693145], [-0.3449711405104724, 50.97147667595557], [-0.34499893528366465, 50.97142423044413], [-0.3450285141110258, 50.97137225042557], [-0.3450605372542892, 50.97132090730166], [-0.3450951762916336, 50.9712708465133], [-0.34513221832238045, 50.971221412442986], [-0.345171019254444, 50.97117243652028], [-0.3452520472930676, 50.97107537886084], [-0.3453356346319552, 50.9709789868059], [-0.34626926628313054, 50.96992218414351], [-0.3463992480131799, 50.96977923574381], [-0.34648955025880424, 50.969685461875045], [-0.3465367342691147, 50.96963942369948], [-0.34658638235822997, 50.9695935517937], [-0.3466898314480088, 50.96950354341261], [-0.3468505598152793, 50.96937084988924], [-0.34886935363475313, 50.96774952238495], [-0.34903056439733166, 50.967616998658926], [-0.349134988159228, 50.967527337762114], [-0.3491854896478525, 50.96748177265589], [-0.3492343184734484, 50.96743568760383], [-0.34932857240800447, 50.96734205496096], [-0.34946539121566245, 50.96719964454783], [-0.3510779129647423, 50.96547814741522], [-0.35134491742002405, 50.96518484145345], [-0.3533363755053891, 50.96297229417414], [-0.3535121317890361, 50.96277520005492], [-0.3536404848734477, 50.96262622952787], [-0.3537619523712407, 50.96247646642387], [-0.3539193282258434, 50.96227526145137], [-0.3564161784900688, 50.959048822799915], [-0.3565372767802546, 50.958899044203484], [-0.3566226580547793, 50.958800871109624], [-0.35671423950133696, 50.9587047913836], [-0.3568099046891997, 50.95861018658374], [-0.356956893324198, 50.95846954139843], [-0.3577986937971893, 50.95767572439273], [-0.3586871455794788, 50.95683390208168], [-0.358839023744545, 50.956695612835404], [-0.35889134342332824, 50.95665041283332], [-0.3589451174745455, 50.95660598235237], [-0.3590008938705598, 50.956562612245406], [-0.3590594361793037, 50.956520313266715], [-0.3591199987991197, 50.95647908372157], [-0.3591820274694989, 50.95643862993221], [-0.35937321591141647, 50.95631996920352], [-0.36080366083050486, 50.95546469875101], [-0.3615219501384064, 50.95503813957639], [-0.36171612547867305, 50.95492112989658], [-0.3618416686328637, 50.95484159578587], [-0.36190195816486226, 50.954800858763434], [-0.36195960934485216, 50.95475909010751], [-0.36201356126249473, 50.95471587559136], [-0.3620624125459513, 50.95467066743897], [-0.36210444561640487, 50.954623729344874], [-0.3621415038168328, 50.95457484626894], [-0.36217493551844493, 50.954524546173005], [-0.3622057665973266, 50.954473229131395], [-0.3622624979024554, 50.95436866804351], [-0.36234169068294214, 50.95420951743914], [-0.3626773318158185, 50.953516921153515], [-0.3632780379412432, 50.95229434643072], [-0.36335815329154914, 50.952135284361745], [-0.3634136871424136, 50.95202971691462], [-0.36344264523391384, 50.95197719908022], [-0.36350387170875165, 50.951872314332654], [-0.363567715874298, 50.95176801450506], [-0.36366572925830687, 50.95161206544487], [-0.3647213467352005, 50.94995082169553], [-0.3652463518316562, 50.94911927288705], [-0.3653463747469721, 50.94896389786764], [-0.3654158729089165, 50.94886127748145], [-0.36545231755999347, 50.94881054786979], [-0.36549051392587717, 50.94876041698018], [-0.3655311177767154, 50.948711110629795], [-0.36557437525091285, 50.9486631144093], [-0.3656200132605851, 50.94861593367898], [-0.36566738771374685, 50.94856934658703], [-0.36576550530231894, 50.948477325114894], [-0.36591689478389766, 50.948340731511585], [-0.3670376329323799, 50.94734254749339], [-0.36719412933632417, 50.94720838592931], [-0.3673029126223012, 50.947121250630865], [-0.36736048564884355, 50.94707816880795], [-0.3674793013199048, 50.946993903884334], [-0.36766238875459756, 50.94687002395342], [-0.3688994677155042, 50.94605260192303], [-0.369824284198829, 50.94543721742476], [-0.36994896946195843, 50.945356363600524], [-0.37007625534781824, 50.94527776852031], [-0.370141670666788, 50.94524001100304], [-0.3702089266338106, 50.94520385182651], [-0.3702787203415001, 50.9451698971761], [-0.37035134104738865, 50.945138750974785], [-0.3704264824259325, 50.94510979515975], [-0.3705034554693916, 50.94508243034434], [-0.37066093552859103, 50.94503077007046], [-0.3708210153122238, 50.94498136750624], [-0.37203208535070115, 50.944619945660335], [-0.37501413725945787, 50.9437238603203], [-0.37614474160466127, 50.943386745388956], [-0.37638531762426924, 50.94331304247354], [-0.376542711445214, 50.9432613287257], [-0.37661960004701256, 50.94323391244648], [-0.37669461386480196, 50.94320487959836], [-0.3767670477211276, 50.94317362114054], [-0.3768365288150939, 50.94313953821869], [-0.3769034155745093, 50.94310321779046], [-0.3769684212617361, 50.94306527511601], [-0.3770320848658992, 50.94302617432958], [-0.37715688421509336, 50.9429457940354], [-0.37727989861175465, 50.94286387458298], [-0.3778909389562218, 50.9424507946433], [-0.37844219462192596, 50.9420801579097], [-0.380036476079142, 50.94101085953428], [-0.3809578843542791, 50.94039475959871], [-0.38107974980571957, 50.94031213034676], [-0.38119975933779005, 50.94022859752246], [-0.38131592857200214, 50.940143193729256], [-0.38137154866112133, 50.94009929144852], [-0.3814248106726598, 50.9400544392807], [-0.38147627246031485, 50.94000871024449], [-0.38157564948695105, 50.93991552385632], [-0.3816723324660252, 50.93982102571793], [-0.38290705784090323, 50.93858140961272], [-0.3831436498322173, 50.9383420867154], [-0.38347325877795096, 50.938005515826646], [-0.3835683122131238, 50.93791017090692], [-0.3836657677433351, 50.93781706579192], [-0.3837162791134611, 50.937772175193075], [-0.38376873533616984, 50.93772909829218], [-0.3838239655564487, 50.93768860780306], [-0.3838830791937467, 50.9376517362761], [-0.38394753960356853, 50.93761985025591], [-0.3840188236163094, 50.937593967579424], [-0.3840954912325553, 50.93757310382886], [-0.38417606382531705, 50.93755588001904], [-0.3842594229921086, 50.93754125398445], [-0.3843447359946537, 50.937528447921416], [-0.3844313919785261, 50.93751689121355], [-0.3846070826851852, 50.937495991198624], [-0.3857619783740008, 50.93737139079844], [-0.3863858664236557, 50.93730500527261], [-0.38656250395462216, 50.93728494920559], [-0.3866495165696756, 50.93727406721894], [-0.3867349840824214, 50.93726217758561], [-0.38681814292489347, 50.937248783275734], [-0.38689793667833855, 50.93723319761767], [-0.3869729325298193, 50.93721448768838], [-0.3870412044914258, 50.937191400720046], [-0.38710020943254153, 50.937162282581255], [-0.38714733145908553, 50.93712629883817], [-0.38718537511136264, 50.9370844050423], [-0.38721679099348816, 50.9370381907723], [-0.38724343232987396, 50.93698886123272], [-0.3872666879159328, 50.93693731707259], [-0.3872875791361979, 50.936884220617884], [-0.38732502630713567, 50.936775155710755], [-0.3874433101755151, 50.936384720708844], [-0.3874789714956899, 50.93627471093449], [-0.38749826730797643, 50.93622093269904], [-0.38751920793558187, 50.936168545888805], [-0.3875425470649708, 50.93611819700173], [-0.38756932314862114, 50.936070777662486], [-0.3876009438466516, 50.93602749538687], [-0.38763929562106647, 50.93598996529168], [-0.38768686321200413, 50.93596031765563], [-0.38774571094792776, 50.935940263839164], [-0.3878137753987047, 50.935928095905524], [-0.3878885529595909, 50.93592167000798], [-0.3879681436937586, 50.9359193602851], [-0.38805112466980535, 50.9359199484719], [-0.3881364448588605, 50.93592253558795], [-0.38822333799796666, 50.93592646607926], [-0.38839980754397585, 50.93593661130821], [-0.38893427818854726, 50.93597123674671], [-0.38928949989969025, 50.935993161535684], [-0.3903502377736726, 50.936054285838566], [-0.39052615755072484, 50.93606600198589], [-0.39061380347803193, 50.936072736957776], [-0.39070112331692614, 50.93608040090964], [-0.3907879886082556, 50.936089364074604], [-0.3908742331637575, 50.9361001121713], [-0.3909602738016515, 50.93611313035143], [-0.3910456874155049, 50.9361279561045], [-0.3911306455834964, 50.9361440969167], [-0.39129967707893865, 50.93617893165967], [-0.39146805460086065, 50.936215672452064], [-0.3917201344459986, 50.93627225800477], [-0.39272788609128484, 50.93650152683784], [-0.3929802569905824, 50.936555988032495], [-0.39306458094798996, 50.936572625166335], [-0.3931490863650777, 50.936587881575306], [-0.39323384959863245, 50.93660117417751], [-0.39331897215832623, 50.93661172232257], [-0.39340458968975406, 50.936618494011896], [-0.3934899952187669, 50.93662065141913], [-0.3935758876346398, 50.93661909294576], [-0.39366213488506624, 50.93661482455123], [-0.3937486354604075, 50.936608610470024], [-0.39383531480050454, 50.93660102302878], [-0.394095941217261, 50.93657369849311], [-0.3951397395599434, 50.936452790003855], [-0.39548769929031724, 50.93641443996939], [-0.3956618763357003, 50.936397452927416], [-0.39574907759694417, 50.93639013265225], [-0.3958363965375079, 50.936384014212436], [-0.3959238780731463, 50.93637953973486], [-0.3960106292784444, 50.93637708454623], [-0.3960975394855621, 50.93637624161886], [-0.3962716796999975, 50.936377761605385], [-0.39653331133157277, 50.93638422027389], [-0.3974063165825381, 50.93641208271836], [-0.39819242330451476, 50.936435377833114], [-0.39836677013151606, 50.93644138474408], [-0.3985404333405594, 50.93644920657763], [-0.39862679288038966, 50.936454381316786], [-0.39871265565185837, 50.936460883564486], [-0.39879782941552, 50.93646923073733], [-0.3988820617447903, 50.93648009989197], [-0.39896700464143126, 50.936494384334935], [-0.3990509692726997, 50.93651128812457], [-0.39913422603155535, 50.936530092875714], [-0.399299377703267, 50.936571362761946], [-0.3994635385332469, 50.93661531196339], [-0.4006097771576677, 50.93693217465466], [-0.4008546210732191, 50.93700071470578], [-0.40101627470519985, 50.93704808271431], [-0.401096139425549, 50.93707279953996], [-0.40117500701591985, 50.937098591931495], [-0.40125249748897374, 50.93712586860683], [-0.401328459927698, 50.937155022998446], [-0.4014030407575198, 50.93718566902726], [-0.4014766190675143, 50.93721739570698], [-0.4016218452079073, 50.93728293448432], [-0.4017656529084835, 50.937350002181525], [-0.4026238440421148, 50.93775742072499], [-0.4039838861957483, 50.93840119608837], [-0.4047700234604597, 50.938775498607676], [-0.4049850612748508, 50.93887678608144], [-0.4051298625121502, 50.93894250988976], [-0.4052031785140588, 50.93897422914403], [-0.40527746739142395, 50.93900473415435], [-0.40535311901305254, 50.93903353753634], [-0.40543064901197867, 50.93905999567112], [-0.40550955702655234, 50.939083332480756], [-0.4055903083840699, 50.93910436933716], [-0.4056724009262872, 50.93912373005214], [-0.4057554564625265, 50.9391418895599], [-0.4059233929116402, 50.939175930692954], [-0.40609263371450605, 50.93920834095766], [-0.407621601362391, 50.93949262423053], [-0.40796017908791227, 50.93955741655876], [-0.40812787389020677, 50.93959205005643], [-0.40821084408648844, 50.939610598267016], [-0.40829291147588703, 50.939630416150415], [-0.4083737391902246, 50.9396519763677], [-0.4084533191445937, 50.939675744220125], [-0.40853165313568873, 50.939701264589935], [-0.4086858561407433, 50.93975576562389], [-0.4089139779172589, 50.93984199204905], [-0.4107273692520421, 50.940548385290555], [-0.41170896375291155, 50.94093337391928], [-0.41186097756360623, 50.94099013430015], [-0.4119375661281076, 50.94101707698954], [-0.41201478710653205, 50.94104245624371], [-0.41209290729861797, 50.94106561262178], [-0.4121722833354126, 50.941085664227934], [-0.41225338503589815, 50.94110144727669], [-0.41233602824540294, 50.9411119649665], [-0.4124203782539596, 50.941118262220634], [-0.41250597332749334, 50.941121480187896], [-0.4125924640213665, 50.941122486050226], [-0.41276714951320675, 50.94112028696452], [-0.41294306479864, 50.94111504934752], [-0.4141796101603042, 50.9410659901744], [-0.4144441146041304, 50.94105659211322], [-0.414619397475607, 50.941052708471275], [-0.4147063552934376, 50.94105231167298], [-0.4147925746960873, 50.94105358131431], [-0.4148777493580795, 50.94105720910337], [-0.41496146964760405, 50.94106411995866], [-0.4150431956772057, 50.94107552974516], [-0.4151238167790108, 50.94109275338339], [-0.41520238702700907, 50.94111460556798], [-0.41527946966491397, 50.94113981382335], [-0.41535549229077723, 50.94116741530202], [-0.4154307720099076, 50.94119669282151], [-0.41550554238428367, 50.94122711939179], [-0.4156541857160354, 50.941289997775236], [-0.41661651764224406, 50.94170741878612], [-0.41824872058086526, 50.94240660133814], [-0.41847057032004636, 50.94250249627407], [-0.4186899748450617, 50.94260043776673], [-0.41876195325552557, 50.942634052413574], [-0.4189026069711259, 50.942702846130274], [-0.41917881017488545, 50.94284471013775], [-0.42006934335371643, 50.943311848174396], [-0.4202056294603955, 50.94338418698909], [-0.42034063097625884, 50.94345736566017], [-0.42047298336031486, 50.94353227509267], [-0.42053746622806437, 50.94357083547477], [-0.4206005665885473, 50.9436104723853], [-0.4207233429316779, 50.943691985822234], [-0.42090284429175756, 50.94381733113818], [-0.4212571092970917, 50.944071151353924], [-0.42137597257886583, 50.94415507121649], [-0.42149687323969026, 50.94423727535945], [-0.42155875189142084, 50.9442771714989], [-0.42162213791618086, 50.94431579239189], [-0.4216876286936402, 50.944352631466224], [-0.42175601384298095, 50.944387017443695], [-0.4218272610247741, 50.944418134716464], [-0.42190135496773573, 50.94444684135415], [-0.42197752042573755, 50.94447379788854], [-0.42205516810395005, 50.944499503538204], [-0.4222132662040525, 50.94454856871043], [-0.4224537254426711, 50.944619453804044], [-0.4230980007577194, 50.94480599262036], [-0.4232594720317228, 50.94485148997239], [-0.4234219036047566, 50.94489475441269], [-0.423503799415943, 50.94491484794934], [-0.42358641028611904, 50.94493334196464], [-0.4236700093030688, 50.94494963197401], [-0.4237539146455622, 50.944963098211424], [-0.42383879645676725, 50.94497440063336], [-0.4239243969201835, 50.94498412844558], [-0.42401051930478, 50.9449927316175], [-0.4241837836618455, 50.94500783131246], [-0.42488197945347117, 50.94506141034262], [-0.42549443464453357, 50.945109867041324], [-0.4256673962693103, 50.94512133300062], [-0.42575261494876027, 50.945125459681165], [-0.4258364313580076, 50.94512778592667], [-0.42591822835454674, 50.9451275108524], [-0.42599716960674616, 50.945123553404954], [-0.4260721447969938, 50.945114475386035], [-0.42614169506123656, 50.945098389193326], [-0.42620546376832685, 50.94507337835326], [-0.42626368178525187, 50.94504119291583], [-0.42631785918003257, 50.94500378838915], [-0.42636914489792327, 50.944962646544646], [-0.4264183968300187, 50.944918876730426], [-0.42646624739024197, 50.94487329737443], [-0.42655946017739543, 50.94477892251248], [-0.4269248651905684, 50.94439179679375], [-0.42715431737201864, 50.94415117764519], [-0.4280312114298522, 50.94324273952001], [-0.4281651232892696, 50.94309795379384], [-0.4282491454127189, 50.94299973939447], [-0.42828789334418704, 50.942950558250956], [-0.4283612713298621, 50.94285086904724], [-0.42846578043171607, 50.94269954506664], [-0.4291402849543573, 50.941683484990904], [-0.4292769456585261, 50.94148088242776], [-0.42934817397571357, 50.94138060025692], [-0.4293853669234395, 50.94133101381222], [-0.42942417773697117, 50.94128199732018], [-0.42946519930442634, 50.941233757954784], [-0.429509235617974, 50.94118612760311], [-0.4295555114315188, 50.941139285137325], [-0.42960342577213606, 50.941093018292705], [-0.42970245245580424, 50.941001609200136], [-0.42990645177199527, 50.94082087127168], [-0.43052580961765424, 50.94028111221577], [-0.4306275519084147, 50.94019070288108], [-0.4307265237948599, 50.9400994765494], [-0.43077409228409463, 50.94005329923937], [-0.4308196476487673, 50.940006530352086], [-0.43086240206642357, 50.93995893780131], [-0.4309013233727315, 50.93991021817644], [-0.43093615734451285, 50.93985920142663], [-0.4309670378307015, 50.93980702306321], [-0.4309950517928523, 50.939754001775114], [-0.4310210211894092, 50.93970037926817], [-0.43104555687473184, 50.939646335548304], [-0.43109200785977747, 50.939537477506406], [-0.43144651091867575, 50.938661572154366], [-0.43198447690802005, 50.937349361366344], [-0.4320498877354378, 50.93718509331058], [-0.43209104584681846, 50.93707525355964], [-0.43211023925116926, 50.937020148190754], [-0.4321442773155888, 50.93691229901157], [-0.43219036807619826, 50.93674985847601], [-0.43245080494843385, 50.935772849459454], [-0.43250554109530914, 50.93555561712655], [-0.4325284292704552, 50.935446829896094], [-0.4325375157295292, 50.93539234589009], [-0.43254423243292695, 50.93533777067562], [-0.4325480700358273, 50.93528293158689], [-0.4325492396423148, 50.93517300299151], [-0.4325452699870745, 50.93506287599458], [-0.43253110535167516, 50.934842378352215], [-0.43248165848517633, 50.93418044889372], [-0.4324422880212196, 50.933683395088444], [-0.4324316420867843, 50.93351795350024], [-0.432429326229967, 50.93340828398748], [-0.4324311462167532, 50.93335385194263], [-0.4324360950356631, 50.933299850100774], [-0.4324453961921101, 50.93324645170263], [-0.43246065767046543, 50.93319388547155], [-0.43248345331911037, 50.93314178341781], [-0.4325123072060473, 50.93309051240359], [-0.43254555744797907, 50.933039822762446], [-0.43258194101358666, 50.932989520874784], [-0.43266056965209626, 50.93288954309313], [-0.43274327574369803, 50.93278985383135], [-0.4329126207511605, 50.93259092475528], [-0.43299855089627814, 50.93249306521732], [-0.4330422494432838, 50.93244537269382], [-0.43308683642408535, 50.93239913739516], [-0.4331327726744608, 50.932355074941846], [-0.43318069959150407, 50.93231416761444], [-0.43323148045619264, 50.93227774644688], [-0.4332862731969518, 50.93224758747238], [-0.4333465977632371, 50.93222603118196], [-0.43341378545828024, 50.93221496401156], [-0.43348653013166816, 50.932212522190774], [-0.43356331632553097, 50.93221635788186], [-0.4336429932979532, 50.932224690530404], [-0.43372470315787376, 50.93223618684275], [-0.4338078116947084, 50.932249863974626], [-0.4338918562760518, 50.9322650046081], [-0.4340615318635463, 50.93229777240278], [-0.43465862855820014, 50.9324176669612], [-0.4351687988760218, 50.93251801601933], [-0.4370342107506215, 50.9328786300722], [-0.43796620207813036, 50.933060057863194], [-0.4381358201734439, 50.93309234727303], [-0.4383057957982355, 50.93312312166288], [-0.4384765430758672, 50.93315064467744], [-0.43856242201701695, 50.933162274936585], [-0.4386488112012849, 50.93317175045644], [-0.4387344691568821, 50.933178506794704], [-0.4388206238808408, 50.93318316444412], [-0.43890714332078773, 50.933186285584156], [-0.4390808918697887, 50.9331895301429], [-0.4394296915249152, 50.93319051636191], [-0.4405646050885618, 50.93318785719388], [-0.44108822408452947, 50.93318753732374], [-0.4413498503261887, 50.93318916158459], [-0.44152405162609343, 50.93319243728094], [-0.4416110328001152, 50.93319529063535], [-0.44169923119133736, 50.93319929382329], [-0.4418753845303348, 50.93320978612577], [-0.4421392969844071, 50.933228820366935], [-0.443282440912694, 50.933318250227956], [-0.44363358876399994, 50.933347413234294], [-0.4438083263581051, 50.93336439403053], [-0.4438952491416489, 50.933374168996984], [-0.443981720970883, 50.933385246082075], [-0.4440685853639154, 50.933398059513664], [-0.44424106369508715, 50.933427300030935], [-0.44441257364238795, 50.93345934857694], [-0.4445836263472328, 50.93349274224503], [-0.4453526525023985, 50.933645886879276], [-0.4461230396052001, 50.933797231834106], [-0.4463781710273782, 50.93384946619501], [-0.44654543463833263, 50.93388741865464], [-0.44662735111078566, 50.93390829764605], [-0.44670748802065524, 50.933931152997644], [-0.4467851707331545, 50.933956733699695], [-0.446859644663455, 50.93398556115543], [-0.4469316760745143, 50.93401710149658], [-0.4470019342112032, 50.93405061025501], [-0.4470709275199789, 50.93408552469227], [-0.447206530907064, 50.93415800127822], [-0.4474071166251513, 50.93426984975068], [-0.4479390701903225, 50.93457118716322], [-0.44820363571961797, 50.93472286651633], [-0.4485316151214168, 50.9349150303884], [-0.4489893157418066, 50.93518548022287], [-0.44931586682232055, 50.935379891924946], [-0.4497723735817346, 50.935654400908255], [-0.4499032015247496, 50.93573157093903], [-0.4499689555086253, 50.935769065011634], [-0.45003511193770046, 50.935805264360596], [-0.45010187113636146, 50.93583952588848], [-0.45016950888738383, 50.93587096080821], [-0.4502384006865208, 50.93589836331369], [-0.4503090486920166, 50.93592011547392], [-0.45038211765722336, 50.93593407967156], [-0.4504565960791429, 50.93593851513056], [-0.4505334137140039, 50.9359354264434], [-0.4506119390462808, 50.935926840843074], [-0.4506916941721506, 50.9359143021048], [-0.4507723161722528, 50.93589896848402], [-0.4508535400436102, 50.93588169819924], [-0.4509351690551586, 50.93586311906355], [-0.45109912237430905, 50.93582370878535], [-0.4517565696863305, 50.93566030092498], [-0.4527405348412401, 50.93541817657721], [-0.4529865833975658, 50.93535960122201], [-0.4531510631294485, 50.93532369194353], [-0.4532335850663784, 50.935307679921024], [-0.45331640434568093, 50.93529370647745], [-0.4533996377483455, 50.935282565875774], [-0.45348343798794516, 50.93527530260286], [-0.4535697903412654, 50.93527275281454], [-0.45365673109108434, 50.935274225283344], [-0.4537440994389884, 50.93527861438372], [-0.4538317723157752, 50.93528508339498], [-0.4539196580932741, 50.935293009022296], [-0.45400769119449697, 50.93530193271095], [-0.45418401611170667, 50.935321539005024], [-0.45506664681097136, 50.93542558928204], [-0.45621389514179644, 50.935556917488064], [-0.4564773593365171, 50.93558978090088], [-0.4566514097194428, 50.935615166514125], [-0.45673753300236974, 50.93562983051787], [-0.45682200697842584, 50.93564609378313], [-0.4569058296759197, 50.93566378024748], [-0.45698917985954013, 50.93568250155682], [-0.4571549630469113, 50.93572194988409], [-0.45748487382656966, 50.93580447180665], [-0.4592142915469469, 50.93624340592561], [-0.45946266224826937, 50.93630326578959], [-0.45962979380688385, 50.936339811744155], [-0.45971422915539817, 50.936356197039416], [-0.4598000982150799, 50.93637100007085], [-0.4598866131634747, 50.93638440086074], [-0.45997359793075154, 50.93639678436011], [-0.4601484720687821, 50.93641958753949], [-0.46041190661909853, 50.936451356633384], [-0.4617311571740005, 50.93660581959609], [-0.46208241641641323, 50.936648754314355], [-0.46234252899683, 50.936682556114235], [-0.4630358496314078, 50.936776213182085], [-0.463557341416782, 50.936848696896725], [-0.46390577725425075, 50.93690039400116], [-0.4640793632081771, 50.936928512577964], [-0.4641655709327312, 50.93694343034473]]]}, "properties": {"OBJECTID": 1, "InPoly_FID": 189370}}]}