{"type": "FeatureCollection", "name": "fungi", "crs": {"type": "name", "properties": {"name": "urn:ogc:def:crs:OGC:1.3:CRS84"}}, "features": [{"type": "Feature", "properties": {"id": 137195859, "common_name": "Pilobolus", "scientific_name": "Pilobolus", "iconic_taxon_name": "Fungi", "image_url": "https://inaturalist-open-data.s3.amazonaws.com/photos/234265882/medium.jpg", "observed_on": "2022-09-25T15:12:47+01:00", "place_guess": "England, GB", "quality_grade": "research", "url": "https://www.inaturalist.org/observations/137195859", "user_login": "allthingsfungi"}, "geometry": {"type": "Point", "coordinates": [-0.1650660747, 50.8926655694]}}, {"type": "Feature", "properties": {"id": 133585485, "common_name": "Earpick Fungus", "scientific_name": "Auriscalpium vulgare", "iconic_taxon_name": "Fungi", "image_url": "https://inaturalist-open-data.s3.amazonaws.com/photos/227564606/medium.jpg", "observed_on": "2022-09-04T09:55:17+01:00", "place_guess": "England, GB", "quality_grade": "research", "url": "https://www.inaturalist.org/observations/133585485", "user_login": "allthingsfungi"}, "geometry": {"type": "Point", "coordinates": [-0.118576197, 50.9078275498]}}, {"type": "Feature", "properties": {"id": 137031281, "common_name": "Liberty Cap", "scientific_name": "Psilocybe semilanceata", "iconic_taxon_name": "Fungi", "image_url": "https://inaturalist-open-data.s3.amazonaws.com/photos/233960890/medium.jpg", "observed_on": "2022-09-30T14:10:24+01:00", "place_guess": "England, GB", "quality_grade": "research", "url": "https://www.inaturalist.org/observations/137031281", "user_login": "sparkynature"}, "geometry": {"type": "Point", "coordinates": [-0.1970748298, 50.9401265917]}}, {"type": "Feature", "properties": {"id": 261617857, "common_name": "Flammulina", "scientific_name": "Flammulina", "iconic_taxon_name": "Fungi", "image_url": "https://inaturalist-open-data.s3.amazonaws.com/photos/472017852/medium.jpeg", "observed_on": "2025-02-14T11:20:35+00:00", "place_guess": "Henfield", "quality_grade": "research", "url": "https://www.inaturalist.org/observations/261617857", "user_login": "gillper"}, "geometry": {"type": "Point", "coordinates": [-0.2960948944, 50.9274215698]}}, {"type": "Feature", "properties": {"id": 189168487, "common_name": "Peeling Oysterling", "scientific_name": "Crepidotus mollis", "iconic_taxon_name": "Fungi", "image_url": "https://inaturalist-open-data.s3.amazonaws.com/photos/331301859/medium.jpeg", "observed_on": "2023-10-21T15:07:00+01:00", "place_guess": "West Sussex, UK", "quality_grade": "research", "url": "https://www.inaturalist.org/observations/189168487", "user_login": "shelbourne"}, "geometry": {"type": "Point", "coordinates": [-0.2694333333, 50.9092777778]}}, {"type": "Feature", "properties": {"id": 191673408, "common_name": "crown-tipped coral fungus", "scientific_name": "Artomyces pyxidatus", "iconic_taxon_name": "Fungi", "image_url": "https://inaturalist-open-data.s3.amazonaws.com/photos/344068840/medium.jpg", "observed_on": "2023-11-21T12:49:36+00:00", "place_guess": "South Downs National Park, Henfield, England, GB", "quality_grade": "research", "url": "https://www.inaturalist.org/observations/191673408", "user_login": "myab"}, "geometry": {"type": "Point", "coordinates": [-0.269295, 50.9097116667]}}, {"type": "Feature", "properties": {"id": 93033512, "common_name": "Liberty Cap", "scientific_name": "Psilocybe semilanceata", "iconic_taxon_name": "Fungi", "image_url": "https://inaturalist-open-data.s3.amazonaws.com/photos/154129816/medium.jpg", "observed_on": "2021-08-30T13:04:34+02:00", "place_guess": "England, GB", "quality_grade": "research", "url": "https://www.inaturalist.org/observations/93033512", "user_login": "sparkynature"}, "geometry": {"type": "Point", "coordinates": [-0.1300923793, 50.8855143078]}}, {"type": "Feature", "properties": {"id": 133204037, "common_name": "bog bolete", "scientific_name": "Leccinum schistophilum", "iconic_taxon_name": "Fungi", "image_url": "https://inaturalist-open-data.s3.amazonaws.com/photos/226856489/medium.jpg", "observed_on": "2022-09-01T12:46:12+01:00", "place_guess": "England, GB", "quality_grade": "research", "url": "https://www.inaturalist.org/observations/133204037", "user_login": "allthingsfungi"}, "geometry": {"type": "Point", "coordinates": [-0.1841925727, 50.9098066041]}}, {"type": "Feature", "properties": {"id": 138141480, "common_name": "fluted bird's nest fungus", "scientific_name": "Cyathus striatus", "iconic_taxon_name": "Fungi", "image_url": "https://inaturalist-open-data.s3.amazonaws.com/photos/236054508/medium.jpg", "observed_on": "2022-10-09T15:46:09+01:00", "place_guess": "Woodmancote, Henfield, England, GB", "quality_grade": "research", "url": "https://www.inaturalist.org/observations/138141480", "user_login": "mazzab"}, "geometry": {"type": "Point", "coordinates": [-0.2391862059, 50.9401577757]}}, {"type": "Feature", "properties": {"id": 144467244, "common_name": "Candlesnuff Fungus", "scientific_name": "Xylaria hypoxylon", "iconic_taxon_name": "Fungi", "image_url": "https://inaturalist-open-data.s3.amazonaws.com/photos/247955456/medium.jpeg", "observed_on": "2022-12-04T15:56:16+00:00", "place_guess": "Poynings, Brighton BN45 7AA, UK", "quality_grade": "research", "url": "https://www.inaturalist.org/observations/144467244", "user_login": "zoelda"}, "geometry": {"type": "Point", "coordinates": [-0.2050638889, 50.8904888889]}}, {"type": "Feature", "properties": {"id": 128634999, "common_name": "Dryad's Saddle", "scientific_name": "Cerioporus squamosus", "iconic_taxon_name": "Fungi", "image_url": "https://static.inaturalist.org/photos/218513870/medium.jpg", "observed_on": "2022-07-30T17:03:15+01:00", "place_guess": "South Downs National Park, Henfield, England, GB", "quality_grade": "research", "url": "https://www.inaturalist.org/observations/128634999", "user_login": "soli_albright"}, "geometry": {"type": "Point", "coordinates": [-0.2695386077, 50.9098062653]}}, {"type": "Feature", "properties": {"id": 189708174, "common_name": "Liberty Cap", "scientific_name": "Psilocybe semilanceata", "iconic_taxon_name": "Fungi", "image_url": "https://inaturalist-open-data.s3.amazonaws.com/photos/332401402/medium.jpg", "observed_on": "2023-10-27T22:21:00+01:00", "place_guess": "England, GB", "quality_grade": "research", "url": "https://www.inaturalist.org/observations/189708174", "user_login": "allthingsfungi"}, "geometry": {"type": "Point", "coordinates": [-0.1335352147, 50.9598786666]}}, {"type": "Feature", "properties": {"id": 13802075, "common_name": "meadowsweet rust", "scientific_name": "Triphragmium ulmariae", "iconic_taxon_name": "Fungi", "image_url": "https://static.inaturalist.org/photos/20358176/medium.jpg", "observed_on": "2018-06-26T15:52:38+02:00", "place_guess": "Twineham Lane, Haywards Heath, England, GB", "quality_grade": "research", "url": "https://www.inaturalist.org/observations/13802075", "user_login": "happyfern"}, "geometry": {"type": "Point", "coordinates": [-0.214595, 50.9592583333]}}, {"type": "Feature", "properties": {"id": 76224703, "common_name": "King Alfred's Cakes", "scientific_name": "Daldinia concentrica", "iconic_taxon_name": "Fungi", "image_url": "https://inaturalist-open-data.s3.amazonaws.com/photos/124692712/medium.jpeg", "observed_on": "2021-04-30T16:07:00+01:00", "place_guess": "West Sussex, UK", "quality_grade": "research", "url": "https://www.inaturalist.org/observations/76224703", "user_login": "simon_jeffs"}, "geometry": {"type": "Point", "coordinates": [-0.2681858505, 50.9098604757]}}, {"type": "Feature", "properties": {"id": 18536871, "common_name": "Parrot Mushroom", "scientific_name": "Gliophorus psittacinus", "iconic_taxon_name": "Fungi", "image_url": "https://inaturalist-open-data.s3.amazonaws.com/photos/28357362/medium.jpeg", "observed_on": "2018-11-18T15:27:40+00:00", "place_guess": "3 Church St, Henfield BN5 9PB, UK", "quality_grade": "research", "url": "https://www.inaturalist.org/observations/18536871", "user_login": "clareblencowe"}, "geometry": {"type": "Point", "coordinates": [-0.2764753997, 50.9324544707]}}, {"type": "Feature", "properties": {"id": 219558271, "common_name": "many-forked cladonia", "scientific_name": "Cladonia furcata", "iconic_taxon_name": "Fungi", "image_url": "https://inaturalist-open-data.s3.amazonaws.com/photos/388631219/medium.jpeg", "observed_on": "2024-05-31T12:30:37+01:00", "place_guess": "Henfield Common, West Sussex", "quality_grade": "research", "url": "https://www.inaturalist.org/observations/219558271", "user_login": "sim_elliott"}, "geometry": {"type": "Point", "coordinates": [-0.2634457, 50.9271391997]}}, {"type": "Feature", "properties": {"id": 233127609, "common_name": "Pale Brittlestem", "scientific_name": "Candolleomyces candolleanus", "iconic_taxon_name": "Fungi", "image_url": "https://inaturalist-open-data.s3.amazonaws.com/photos/414272231/medium.jpeg", "observed_on": "2024-08-01T15:08:03+01:00", "place_guess": "Small Dole, Henfield BN5 9XR, UK", "quality_grade": "research", "url": "https://www.inaturalist.org/observations/233127609", "user_login": "shelbourne"}, "geometry": {"type": "Point", "coordinates": [-0.2708709722, 50.901093]}}, {"type": "Feature", "properties": {"id": 175781154, "common_name": "Mower's Mushroom", "scientific_name": "Panaeolus foenisecii", "iconic_taxon_name": "Fungi", "image_url": "https://inaturalist-open-data.s3.amazonaws.com/photos/305520550/medium.jpg", "observed_on": "2023-07-30T13:29:25+01:00", "place_guess": "South Downs National Park, Henfield, England, GB", "quality_grade": "research", "url": "https://www.inaturalist.org/observations/175781154", "user_login": "shelbourne"}, "geometry": {"type": "Point", "coordinates": [-0.2689382822, 50.9105780063]}}, {"type": "Feature", "properties": {"id": 174843572, "common_name": "Jelly Ear", "scientific_name": "Auricularia auricula-judae", "iconic_taxon_name": "Fungi", "image_url": "https://inaturalist-open-data.s3.amazonaws.com/photos/303798407/medium.jpg", "observed_on": "2023-01-15T12:06:00+00:00", "place_guess": "West Sussex, UK", "quality_grade": "research", "url": "https://www.inaturalist.org/observations/174843572", "user_login": "shelbourne"}, "geometry": {"type": "Point", "coordinates": [-0.3373305556, 50.8906555556]}}, {"type": "Feature", "properties": {"id": 174650093, "common_name": "Sheathed Woodtuft", "scientific_name": "Kuehneromyces mutabilis", "iconic_taxon_name": "Fungi", "image_url": "https://inaturalist-open-data.s3.amazonaws.com/photos/303439553/medium.jpg", "observed_on": "2023-07-22T12:05:14+01:00", "place_guess": "South Downs National Park, Henfield, England, GB", "quality_grade": "research", "url": "https://www.inaturalist.org/observations/174650093", "user_login": "shelbourne"}, "geometry": {"type": "Point", "coordinates": [-0.2693783333, 50.9097966667]}}, {"type": "Feature", "properties": {"id": 243935382, "common_name": "Tawny Grisette", "scientific_name": "Amanita fulva", "iconic_taxon_name": "Fungi", "image_url": "https://inaturalist-open-data.s3.amazonaws.com/photos/435049113/medium.jpeg", "observed_on": "2024-09-24T17:09:13+01:00", "place_guess": "England, GB", "quality_grade": "research", "url": "https://www.inaturalist.org/observations/243935382", "user_login": "snootsnoot"}, "geometry": {"type": "Point", "coordinates": [-0.1386485959, 50.9640560135]}}, {"type": "Feature", "properties": {"id": 244290188, "common_name": "Fly Agaric", "scientific_name": "Amanita muscaria", "iconic_taxon_name": "Fungi", "image_url": "https://inaturalist-open-data.s3.amazonaws.com/photos/435751425/medium.jpeg", "observed_on": "2024-09-27T08:57:45+01:00", "place_guess": "Henfield Common, Henfield, England, GB", "quality_grade": "research", "url": "https://www.inaturalist.org/observations/244290188", "user_login": "taylorliz"}, "geometry": {"type": "Point", "coordinates": [-0.2611166667, 50.9269]}}, {"type": "Feature", "properties": {"id": 148016520, "common_name": "King Alfred's Cakes", "scientific_name": "Daldinia concentrica", "iconic_taxon_name": "Fungi", "image_url": "https://inaturalist-open-data.s3.amazonaws.com/photos/254810650/medium.jpeg", "observed_on": "2023-02-04T13:32:24+00:00", "place_guess": "Brighton", "quality_grade": "research", "url": "https://www.inaturalist.org/observations/148016520", "user_login": "vigroovian"}, "geometry": {"type": "Point", "coordinates": [-0.2024491131, 50.889465332]}}, {"type": "Feature", "properties": {"id": 198475464, "common_name": "turkey-tail", "scientific_name": "Trametes versicolor", "iconic_taxon_name": "Fungi", "image_url": "https://inaturalist-open-data.s3.amazonaws.com/photos/349832019/medium.jpeg", "observed_on": "2024-02-05T09:38:49+00:00", "place_guess": "Clayton, UK", "quality_grade": "research", "url": "https://www.inaturalist.org/observations/198475464", "user_login": "sim_elliott"}, "geometry": {"type": "Point", "coordinates": [-0.1471211, 50.9205235]}}, {"type": "Feature", "properties": {"id": 139971919, "common_name": "common stinkhorn", "scientific_name": "Phallus impudicus", "iconic_taxon_name": "Fungi", "image_url": "https://inaturalist-open-data.s3.amazonaws.com/photos/239514137/medium.jpg", "observed_on": "2022-10-22T14:59:13+01:00", "place_guess": "Woodmancote, Henfield, England, GB", "quality_grade": "research", "url": "https://www.inaturalist.org/observations/139971919", "user_login": "mazzab"}, "geometry": {"type": "Point", "coordinates": [-0.239497793, 50.940056221]}}, {"type": "Feature", "properties": {"id": 140414458, "common_name": "Parrot Mushroom", "scientific_name": "Gliophorus psittacinus", "iconic_taxon_name": "Fungi", "image_url": "https://inaturalist-open-data.s3.amazonaws.com/photos/240352841/medium.jpg", "observed_on": "2022-10-29T12:49:24+01:00", "place_guess": "South Downs National Park, Brighton, England, GB", "quality_grade": "research", "url": "https://www.inaturalist.org/observations/140414458", "user_login": "cgul13"}, "geometry": {"type": "Point", "coordinates": [-0.209105, 50.8822216667]}}, {"type": "Feature", "properties": {"id": 202086846, "common_name": "Whitewash Lichen", "scientific_name": "Phlyctis argena", "iconic_taxon_name": "Fungi", "image_url": "https://inaturalist-open-data.s3.amazonaws.com/photos/356845344/medium.jpeg", "observed_on": "2024-03-11T17:04:52+00:00", "place_guess": "Hassocks, UK", "quality_grade": "research", "url": "https://www.inaturalist.org/observations/202086846", "user_login": "sim_elliott"}, "geometry": {"type": "Point", "coordinates": [-0.1414730997, 50.9306297997]}}, {"type": "Feature", "properties": {"id": 196120163, "common_name": "spring hazelcup", "scientific_name": "Encoelia furfuracea", "iconic_taxon_name": "Fungi", "image_url": "https://static.inaturalist.org/photos/345199326/medium.jpeg", "observed_on": "2024-01-06T12:04:00+00:00", "place_guess": "West Sussex, UK", "quality_grade": "research", "url": "https://www.inaturalist.org/observations/196120163", "user_login": "elizabeth_morris"}, "geometry": {"type": "Point", "coordinates": [-0.2532860079, 50.931480773]}}, {"type": "Feature", "properties": {"id": 137948424, "common_name": "Parasol", "scientific_name": "Macrolepiota procera", "iconic_taxon_name": "Fungi", "image_url": "https://static.inaturalist.org/photos/236903097/medium.jpeg", "observed_on": "2022-10-05T13:29:07+01:00", "place_guess": "Dial Post, Horsham RH13 8NX, UK", "quality_grade": "research", "url": "https://www.inaturalist.org/observations/137948424", "user_login": "andy_wilson"}, "geometry": {"type": "Point", "coordinates": [-0.3511424, 50.9432362]}}, {"type": "Feature", "properties": {"id": 200738837, "common_name": "Jelly Ear", "scientific_name": "Auricularia auricula-judae", "iconic_taxon_name": "Fungi", "image_url": "https://inaturalist-open-data.s3.amazonaws.com/photos/384587500/medium.jpg", "observed_on": "2024-02-18T14:35:33+00:00", "place_guess": "Oak Tree Dr, Hassocks, England, GB", "quality_grade": "research", "url": "https://www.inaturalist.org/observations/200738837", "user_login": "ruthsaunders"}, "geometry": {"type": "Point", "coordinates": [-0.1417833333, 50.9295916667]}}, {"type": "Feature", "properties": {"id": 284858957, "common_name": "Black Witches' Butter", "scientific_name": "Exidia glandulosa", "iconic_taxon_name": "Fungi", "image_url": "https://inaturalist-open-data.s3.amazonaws.com/photos/511971756/medium.jpg", "observed_on": "2025-05-12T16:02:00+01:00", "place_guess": "East Sussex, UK", "quality_grade": "research", "url": "https://www.inaturalist.org/observations/284858957", "user_login": "tim-johnson"}, "geometry": {"type": "Point", "coordinates": [-0.1194616521, 50.9287816417]}}, {"type": "Feature", "properties": {"id": 340420208, "common_name": "Farinose Cartilage Lichen", "scientific_name": "Ramalina farinacea", "iconic_taxon_name": "Fungi", "image_url": "https://inaturalist-open-data.s3.amazonaws.com/photos/619491594/medium.jpg", "observed_on": "2026-02-25T09:23:33+00:00", "place_guess": "Oak Tree Drive, Hassocks, England, GB", "quality_grade": "research", "url": "https://www.inaturalist.org/observations/340420208", "user_login": "laura_pepper"}, "geometry": {"type": "Point", "coordinates": [-0.14137857, 50.9306971124]}}, {"type": "Feature", "properties": {"id": 285442206, "common_name": "Podosphaera filipendulae", "scientific_name": "Podosphaera filipendulae", "iconic_taxon_name": "Fungi", "image_url": "https://inaturalist-open-data.s3.amazonaws.com/photos/513058271/medium.jpg", "observed_on": "2025-05-16T09:48:00+01:00", "place_guess": "Ditchling, Hassocks BN6, UK", "quality_grade": "research", "url": "https://www.inaturalist.org/observations/285442206", "user_login": "tim-johnson"}, "geometry": {"type": "Point", "coordinates": [-0.1175320569, 50.9190379459]}}, {"type": "Feature", "properties": {"id": 184615451, "common_name": "Dryad's Saddle", "scientific_name": "Cerioporus squamosus", "iconic_taxon_name": "Fungi", "image_url": "https://inaturalist-open-data.s3.amazonaws.com/photos/322286912/medium.jpg", "observed_on": "2023-09-23T16:50:42+01:00", "place_guess": "South Downs National Park, Henfield, England, GB", "quality_grade": "research", "url": "https://www.inaturalist.org/observations/184615451", "user_login": "shelbourne"}, "geometry": {"type": "Point", "coordinates": [-0.26953, 50.9096533333]}}, {"type": "Feature", "properties": {"id": 183987774, "common_name": "Blushing Milkcap", "scientific_name": "Lactarius controversus", "iconic_taxon_name": "Fungi", "image_url": "https://inaturalist-open-data.s3.amazonaws.com/photos/321089967/medium.jpg", "observed_on": "2023-09-19T14:45:05+01:00", "place_guess": "Woodsmill Close, Henfield, England, GB", "quality_grade": "research", "url": "https://www.inaturalist.org/observations/183987774", "user_login": "shelbourne"}, "geometry": {"type": "Point", "coordinates": [-0.27377, 50.9010883333]}}, {"type": "Feature", "properties": {"id": 58147723, "common_name": "deceiver", "scientific_name": "Laccaria laccata", "iconic_taxon_name": "Fungi", "image_url": "https://inaturalist-open-data.s3.amazonaws.com/photos/92810158/medium.jpg", "observed_on": "2020-08-31T15:00:53+02:00", "place_guess": "South Downs National Park, Hassocks, England, GB", "quality_grade": "research", "url": "https://www.inaturalist.org/observations/58147723", "user_login": "sparkynature"}, "geometry": {"type": "Point", "coordinates": [-0.1762445178, 50.9245127673]}}, {"type": "Feature", "properties": {"id": 188461868, "common_name": "stocking webcap", "scientific_name": "Cortinarius torvus", "iconic_taxon_name": "Fungi", "image_url": "https://inaturalist-open-data.s3.amazonaws.com/photos/329857069/medium.jpg", "observed_on": "2023-10-21T15:45:01+01:00", "place_guess": "South Downs National Park, Henfield, England, GB", "quality_grade": "research", "url": "https://www.inaturalist.org/observations/188461868", "user_login": "shelbourne"}, "geometry": {"type": "Point", "coordinates": [-0.27113, 50.9088466667]}}, {"type": "Feature", "properties": {"id": 189242346, "common_name": "Deer Mushroom", "scientific_name": "Pluteus cervinus", "iconic_taxon_name": "Fungi", "image_url": "https://inaturalist-open-data.s3.amazonaws.com/photos/331453049/medium.jpeg", "observed_on": "2023-10-21T16:28:00+01:00", "place_guess": "West Sussex, UK", "quality_grade": "research", "url": "https://www.inaturalist.org/observations/189242346", "user_login": "shelbourne"}, "geometry": {"type": "Point", "coordinates": [-0.270775, 50.9091833333]}}, {"type": "Feature", "properties": {"id": 189718018, "common_name": "Fly Agaric", "scientific_name": "Amanita muscaria", "iconic_taxon_name": "Fungi", "image_url": "https://inaturalist-open-data.s3.amazonaws.com/photos/332421819/medium.jpeg", "observed_on": "2023-10-26T16:52:00+01:00", "place_guess": "West Sussex, UK", "quality_grade": "research", "url": "https://www.inaturalist.org/observations/189718018", "user_login": "shelbourne"}, "geometry": {"type": "Point", "coordinates": [-0.2705305556, 50.908875]}}, {"type": "Feature", "properties": {"id": 190744336, "common_name": "Candlesnuff Fungus", "scientific_name": "Xylaria hypoxylon", "iconic_taxon_name": "Fungi", "image_url": "https://inaturalist-open-data.s3.amazonaws.com/photos/334450588/medium.jpeg", "observed_on": "2023-11-11T15:11:00+00:00", "place_guess": "West Sussex, UK", "quality_grade": "research", "url": "https://www.inaturalist.org/observations/190744336", "user_login": "shelbourne"}, "geometry": {"type": "Point", "coordinates": [-0.2693944444, 50.909725]}}, {"type": "Feature", "properties": {"id": 190013890, "common_name": "common puffball", "scientific_name": "Lycoperdon perlatum", "iconic_taxon_name": "Fungi", "image_url": "https://inaturalist-open-data.s3.amazonaws.com/photos/333003507/medium.jpeg", "observed_on": "2023-10-29T15:25:00+00:00", "place_guess": "West Sussex, UK", "quality_grade": "research", "url": "https://www.inaturalist.org/observations/190013890", "user_login": "shelbourne"}, "geometry": {"type": "Point", "coordinates": [-0.2693388889, 50.9087972222]}}, {"type": "Feature", "properties": {"id": 190802389, "common_name": "Cloudy Clitocybe", "scientific_name": "Clitocybe nebularis", "iconic_taxon_name": "Fungi", "image_url": "https://inaturalist-open-data.s3.amazonaws.com/photos/334569401/medium.jpg", "observed_on": "2023-11-12T11:09:41+00:00", "place_guess": "South Downs National Park, Brighton, England, GB", "quality_grade": "research", "url": "https://www.inaturalist.org/observations/190802389", "user_login": "myeats"}, "geometry": {"type": "Point", "coordinates": [-0.1856780222, 50.8974813645]}}, {"type": "Feature", "properties": {"id": 191801504, "common_name": "Trembling Crust", "scientific_name": "Merulius tremellosus", "iconic_taxon_name": "Fungi", "image_url": "https://inaturalist-open-data.s3.amazonaws.com/photos/336566426/medium.jpeg", "observed_on": "2023-11-20T14:06:00+00:00", "place_guess": "West Sussex, UK", "quality_grade": "research", "url": "https://www.inaturalist.org/observations/191801504", "user_login": "shelbourne"}, "geometry": {"type": "Point", "coordinates": [-0.2691972222, 50.9106194444]}}, {"type": "Feature", "properties": {"id": 191801902, "common_name": "hairy curtain crust", "scientific_name": "Stereum hirsutum", "iconic_taxon_name": "Fungi", "image_url": "https://inaturalist-open-data.s3.amazonaws.com/photos/336567589/medium.jpeg", "observed_on": "2023-11-20T14:12:00+00:00", "place_guess": "West Sussex, UK", "quality_grade": "research", "url": "https://www.inaturalist.org/observations/191801902", "user_login": "shelbourne"}, "geometry": {"type": "Point", "coordinates": [-0.2690305556, 50.9098638889]}}, {"type": "Feature", "properties": {"id": 190121089, "common_name": "mica cap", "scientific_name": "Coprinellus micaceus", "iconic_taxon_name": "Fungi", "image_url": "https://inaturalist-open-data.s3.amazonaws.com/photos/333216623/medium.jpg", "observed_on": "2023-11-05T12:53:49+00:00", "place_guess": "South Downs National Park, Brighton, England, GB", "quality_grade": "research", "url": "https://www.inaturalist.org/observations/190121089", "user_login": "cgul13"}, "geometry": {"type": "Point", "coordinates": [-0.20538, 50.8826166667]}}, {"type": "Feature", "properties": {"id": 189676585, "common_name": "collared parachute", "scientific_name": "Marasmius rotula", "iconic_taxon_name": "Fungi", "image_url": "https://inaturalist-open-data.s3.amazonaws.com/photos/332339000/medium.jpeg", "observed_on": "2023-10-25T17:01:00+01:00", "place_guess": "Small Dole, Henfield BN5, UK", "quality_grade": "research", "url": "https://www.inaturalist.org/observations/189676585", "user_login": "shelbourne"}, "geometry": {"type": "Point", "coordinates": [-0.2707277778, 50.9004527778]}}, {"type": "Feature", "properties": {"id": 188937142, "common_name": "witch's butter", "scientific_name": "Tremella mesenterica", "iconic_taxon_name": "Fungi", "image_url": "https://inaturalist-open-data.s3.amazonaws.com/photos/330829316/medium.jpeg", "observed_on": "2023-10-20T15:33:00+01:00", "place_guess": "West Sussex, England, United Kingdom", "quality_grade": "research", "url": "https://www.inaturalist.org/observations/188937142", "user_login": "shelbourne"}, "geometry": {"type": "Point", "coordinates": [-0.2715583333, 50.9012361111]}}, {"type": "Feature", "properties": {"id": 185795681, "common_name": "common grey disco", "scientific_name": "Mollisia cinerea", "iconic_taxon_name": "Fungi", "image_url": "https://inaturalist-open-data.s3.amazonaws.com/photos/324548340/medium.jpeg", "observed_on": "2023-09-29T11:13:00+01:00", "place_guess": "West Sussex, UK", "quality_grade": "research", "url": "https://www.inaturalist.org/observations/185795681", "user_login": "shelbourne"}, "geometry": {"type": "Point", "coordinates": [-0.2687027778, 50.9101611111]}}, {"type": "Feature", "properties": {"id": 98486754, "common_name": "Thin-walled Maze Polypore", "scientific_name": "Daedaleopsis confragosa", "iconic_taxon_name": "Fungi", "image_url": "https://inaturalist-open-data.s3.amazonaws.com/photos/165093191/medium.jpeg", "observed_on": "2021-10-17T14:34:19+01:00", "place_guess": "Pondtail Wood, Hassocks BN6 9EB, UK", "quality_grade": "research", "url": "https://www.inaturalist.org/observations/98486754", "user_login": "gadus"}, "geometry": {"type": "Point", "coordinates": [-0.2085757491, 50.9144755966]}}, {"type": "Feature", "properties": {"id": 103738162, "common_name": "Wrinkled Crust", "scientific_name": "Phlebia radiata", "iconic_taxon_name": "Fungi", "image_url": "https://inaturalist-open-data.s3.amazonaws.com/photos/173696258/medium.jpg", "observed_on": "2021-12-26T13:55:29+00:00", "place_guess": "South Downs National Park, Brighton, England, GB", "quality_grade": "research", "url": "https://www.inaturalist.org/observations/103738162", "user_login": "cgul13"}, "geometry": {"type": "Point", "coordinates": [-0.19917, 50.8845966667]}}, {"type": "Feature", "properties": {"id": 246144793, "common_name": "turkey-tail", "scientific_name": "Trametes versicolor", "iconic_taxon_name": "Fungi", "image_url": "https://inaturalist-open-data.s3.amazonaws.com/photos/439364252/medium.jpeg", "observed_on": "2024-10-06T13:28:00+01:00", "place_guess": "Henfield Common, Henfield, England, GB", "quality_grade": "research", "url": "https://www.inaturalist.org/observations/246144793", "user_login": "dannibaxter"}, "geometry": {"type": "Point", "coordinates": [-0.2624366667, 50.926145]}}, {"type": "Feature", "properties": {"id": 247150316, "common_name": "Butter Waxcap", "scientific_name": "Hygrocybe ceracea", "iconic_taxon_name": "Fungi", "image_url": "https://inaturalist-open-data.s3.amazonaws.com/photos/441353675/medium.jpeg", "observed_on": "2024-10-13T12:03:09+01:00", "place_guess": "South Downs National Park, Brighton, England, GB", "quality_grade": "research", "url": "https://www.inaturalist.org/observations/247150316", "user_login": "cgul13"}, "geometry": {"type": "Point", "coordinates": [-0.2066333333, 50.8825866667]}}, {"type": "Feature", "properties": {"id": 248071561, "common_name": "Jelly-antler", "scientific_name": "Calocera viscosa", "iconic_taxon_name": "Fungi", "image_url": "https://inaturalist-open-data.s3.amazonaws.com/photos/443175671/medium.jpeg", "observed_on": "2024-10-19T15:23:42+01:00", "place_guess": "New Hall Lane, Henfield, England, GB", "quality_grade": "research", "url": "https://www.inaturalist.org/observations/248071561", "user_login": "fletma"}, "geometry": {"type": "Point", "coordinates": [-0.2801451189, 50.9264103485]}}, {"type": "Feature", "properties": {"id": 248080945, "common_name": "Black Tar Spot", "scientific_name": "Rhytisma acerinum", "iconic_taxon_name": "Fungi", "image_url": "https://inaturalist-open-data.s3.amazonaws.com/photos/443193756/medium.jpeg", "observed_on": "2024-10-19T16:16:18+01:00", "place_guess": "Lawyer's Lane, Henfield, England, GB", "quality_grade": "research", "url": "https://www.inaturalist.org/observations/248080945", "user_login": "fletma"}, "geometry": {"type": "Point", "coordinates": [-0.290115606, 50.9294884326]}}, {"type": "Feature", "properties": {"id": 247489185, "common_name": "False Death-cap", "scientific_name": "Amanita citrina", "iconic_taxon_name": "Fungi", "image_url": "https://inaturalist-open-data.s3.amazonaws.com/photos/442028701/medium.jpeg", "observed_on": "2024-10-15T17:07:10+01:00", "place_guess": "Henfield Common, Henfield, England, GB", "quality_grade": "research", "url": "https://www.inaturalist.org/observations/247489185", "user_login": "dannibaxter"}, "geometry": {"type": "Point", "coordinates": [-0.26203, 50.927075]}}, {"type": "Feature", "properties": {"id": 246494220, "common_name": "meadow coral fungus", "scientific_name": "Clavulinopsis corniculata", "iconic_taxon_name": "Fungi", "image_url": "https://inaturalist-open-data.s3.amazonaws.com/photos/440060993/medium.jpeg", "observed_on": "2024-10-09T17:37:59+01:00", "place_guess": "Church Lane, Henfield, England, GB", "quality_grade": "research", "url": "https://www.inaturalist.org/observations/246494220", "user_login": "ruthrobotham"}, "geometry": {"type": "Point", "coordinates": [-0.2764567919, 50.9325251123]}}, {"type": "Feature", "properties": {"id": 326804462, "common_name": "Petticoat Mottlegill", "scientific_name": "Panaeolus papilionaceus", "iconic_taxon_name": "Fungi", "image_url": "https://inaturalist-open-data.s3.amazonaws.com/photos/591949802/medium.jpg", "observed_on": "2025-11-16T11:57:29+00:00", "place_guess": "South Downs National Park, Brighton, England, GB", "quality_grade": "research", "url": "https://www.inaturalist.org/observations/326804462", "user_login": "cgul13"}, "geometry": {"type": "Point", "coordinates": [-0.2068366667, 50.8824616667]}}, {"type": "Feature", "properties": {"id": 318615914, "common_name": "spring hazelcup", "scientific_name": "Encoelia furfuracea", "iconic_taxon_name": "Fungi", "image_url": "https://inaturalist-open-data.s3.amazonaws.com/photos/575865807/medium.jpg", "observed_on": "2025-10-04T13:19:38+01:00", "place_guess": "Poynings, Brighton BN45 7AQ, UK", "quality_grade": "research", "url": "https://www.inaturalist.org/observations/318615914", "user_login": "parochi_al"}, "geometry": {"type": "Point", "coordinates": [-0.2019716799, 50.8889712202]}}, {"type": "Feature", "properties": {"id": 321629312, "common_name": "Amethyst Deceiver", "scientific_name": "Laccaria amethystina", "iconic_taxon_name": "Fungi", "image_url": "https://inaturalist-open-data.s3.amazonaws.com/photos/581693274/medium.jpg", "observed_on": "2025-10-18T14:11:40+01:00", "place_guess": "Henfield, England, GB", "quality_grade": "research", "url": "https://www.inaturalist.org/observations/321629312", "user_login": "lozzism"}, "geometry": {"type": "Point", "coordinates": [-0.2706117076, 50.9092281335]}}, {"type": "Feature", "properties": {"id": 262164522, "common_name": "Jelly Ear", "scientific_name": "Auricularia auricula-judae", "iconic_taxon_name": "Fungi", "image_url": "https://inaturalist-open-data.s3.amazonaws.com/photos/471047941/medium.jpeg", "observed_on": "2025-02-17T15:52:38+00:00", "place_guess": "Stanmer, Brighton BN1 9QD, UK", "quality_grade": "research", "url": "https://www.inaturalist.org/observations/262164522", "user_login": "tabubua"}, "geometry": {"type": "Point", "coordinates": [-0.1115474, 50.8860580997]}}, {"type": "Feature", "properties": {"id": 310510394, "common_name": "Beefsteak Polypore", "scientific_name": "Fistulina hepatica", "iconic_taxon_name": "Fungi", "image_url": "https://static.inaturalist.org/photos/560419113/medium.jpg", "observed_on": "2025-08-31T15:23:06+01:00", "place_guess": "Browns Farm Rye Farm Lane, Hollands Lane, Henfield BN5 9QY, UK", "quality_grade": "research", "url": "https://www.inaturalist.org/observations/310510394", "user_login": "tadwos"}, "geometry": {"type": "Point", "coordinates": [-0.2833193913, 50.9289266312]}}, {"type": "Feature", "properties": {"id": 360219801, "common_name": "King Alfred's Cakes", "scientific_name": "Daldinia concentrica", "iconic_taxon_name": "Fungi", "image_url": "https://inaturalist-open-data.s3.amazonaws.com/photos/657290869/medium.jpg", "observed_on": "2026-05-05T11:39:10+01:00", "place_guess": "Brighton Way, Hassocks, England, GB", "quality_grade": "research", "url": "https://www.inaturalist.org/observations/360219801", "user_login": "tojve"}, "geometry": {"type": "Point", "coordinates": [-0.1472694567, 50.9046272055]}}, {"type": "Feature", "properties": {"id": 219573381, "common_name": "Whitewash Lichen", "scientific_name": "Phlyctis argena", "iconic_taxon_name": "Fungi", "image_url": "https://inaturalist-open-data.s3.amazonaws.com/photos/388659400/medium.jpeg", "observed_on": "2024-05-31T11:55:06+01:00", "place_guess": "Henfield Common, West Sussex", "quality_grade": "research", "url": "https://www.inaturalist.org/observations/219573381", "user_login": "sim_elliott"}, "geometry": {"type": "Point", "coordinates": [-0.2667442997, 50.9279039997]}}, {"type": "Feature", "properties": {"id": 223064437, "common_name": "King Alfred's Cakes", "scientific_name": "Daldinia concentrica", "iconic_taxon_name": "Fungi", "image_url": "https://inaturalist-open-data.s3.amazonaws.com/photos/395201842/medium.jpeg", "observed_on": "2024-06-16T12:10:11+01:00", "place_guess": "West Sussex", "quality_grade": "research", "url": "https://www.inaturalist.org/observations/223064437", "user_login": "kristinabanner"}, "geometry": {"type": "Point", "coordinates": [-0.3242616057, 50.8892555237]}}, {"type": "Feature", "properties": {"id": 205503641, "common_name": "Hooded Tube Lichen", "scientific_name": "Hypogymnia physodes", "iconic_taxon_name": "Fungi", "image_url": "https://inaturalist-open-data.s3.amazonaws.com/photos/363378735/medium.jpeg", "observed_on": "2024-04-05T10:19:53+01:00", "place_guess": "Hurstpierpoint, Hassocks BN6 9BA, UK", "quality_grade": "research", "url": "https://www.inaturalist.org/observations/205503641", "user_login": "sim_elliott"}, "geometry": {"type": "Point", "coordinates": [-0.164797, 50.9230051997]}}, {"type": "Feature", "properties": {"id": 214599770, "common_name": "common greenshield lichen", "scientific_name": "Flavoparmelia caperata", "iconic_taxon_name": "Fungi", "image_url": "https://inaturalist-open-data.s3.amazonaws.com/photos/379331904/medium.jpeg", "observed_on": "2024-05-09T15:59:14+01:00", "place_guess": "Henfield Common, West Sussex", "quality_grade": "research", "url": "https://www.inaturalist.org/observations/214599770", "user_login": "sim_elliott"}, "geometry": {"type": "Point", "coordinates": [-0.2696407959, 50.9278814349]}}, {"type": "Feature", "properties": {"id": 70053507, "common_name": "Farinose Cartilage Lichen", "scientific_name": "Ramalina farinacea", "iconic_taxon_name": "Fungi", "image_url": "https://static.inaturalist.org/photos/113806884/medium.jpeg", "observed_on": "2021-02-23T17:27:00+00:00", "place_guess": "East Sussex, UK", "quality_grade": "research", "url": "https://www.inaturalist.org/observations/70053507", "user_login": "elizabeth_morris"}, "geometry": {"type": "Point", "coordinates": [-0.1139743132, 50.9061561862]}}, {"type": "Feature", "properties": {"id": 72767788, "common_name": "common greenshield lichen", "scientific_name": "Flavoparmelia caperata", "iconic_taxon_name": "Fungi", "image_url": "https://static.inaturalist.org/photos/118701616/medium.jpeg", "observed_on": "2021-03-31T08:58:00+00:00", "place_guess": "West Sussex, UK", "quality_grade": "research", "url": "https://www.inaturalist.org/observations/72767788", "user_login": "elizabeth_morris"}, "geometry": {"type": "Point", "coordinates": [-0.263674466, 50.9600011791]}}, {"type": "Feature", "properties": {"id": 71719761, "common_name": "King Alfred's Cakes", "scientific_name": "Daldinia concentrica", "iconic_taxon_name": "Fungi", "image_url": "https://static.inaturalist.org/photos/116804745/medium.jpeg", "observed_on": "2021-03-20T15:54:00+00:00", "place_guess": "West Sussex, UK", "quality_grade": "research", "url": "https://www.inaturalist.org/observations/71719761", "user_login": "elizabeth_morris"}, "geometry": {"type": "Point", "coordinates": [-0.2377539319, 50.9313870746]}}, {"type": "Feature", "properties": {"id": 63090742, "common_name": "turkey-tail", "scientific_name": "Trametes versicolor", "iconic_taxon_name": "Fungi", "image_url": "https://static.inaturalist.org/photos/101197298/medium.jpeg", "observed_on": "2020-10-20T11:18:08+02:00", "place_guess": "Stanmer, Brighton BN1 9QD, UK", "quality_grade": "research", "url": "https://www.inaturalist.org/observations/63090742", "user_login": "fran145"}, "geometry": {"type": "Point", "coordinates": [-0.1117590163, 50.8803689713]}}, {"type": "Feature", "properties": {"id": 58948654, "common_name": "Parasol", "scientific_name": "Macrolepiota procera", "iconic_taxon_name": "Fungi", "image_url": "https://inaturalist-open-data.s3.amazonaws.com/photos/94148401/medium.jpeg", "observed_on": "2020-09-08T15:05:27+01:00", "place_guess": "West Sussex, England, GB", "quality_grade": "research", "url": "https://www.inaturalist.org/observations/58948654", "user_login": "henrifern"}, "geometry": {"type": "Point", "coordinates": [-0.2305792847, 50.8947213827]}}, {"type": "Feature", "properties": {"id": 58628151, "common_name": "Bitter Beech Bolete", "scientific_name": "Caloboletus calopus", "iconic_taxon_name": "Fungi", "image_url": "https://inaturalist-open-data.s3.amazonaws.com/photos/93615585/medium.jpg", "observed_on": "2020-09-05T17:49:59+02:00", "place_guess": "South Downs National Park, Henfield, England, GB", "quality_grade": "research", "url": "https://www.inaturalist.org/observations/58628151", "user_login": "sparkynature"}, "geometry": {"type": "Point", "coordinates": [-0.2265311307, 50.8969242343]}}, {"type": "Feature", "properties": {"id": 137802523, "common_name": "Stinking Brittlegill", "scientific_name": "Russula foetens", "iconic_taxon_name": "Fungi", "image_url": "https://inaturalist-open-data.s3.amazonaws.com/photos/235413063/medium.jpeg", "observed_on": "2022-09-29T15:19:00+01:00", "place_guess": "West Sussex, UK", "quality_grade": "research", "url": "https://www.inaturalist.org/observations/137802523", "user_login": "car01inee"}, "geometry": {"type": "Point", "coordinates": [-0.2710220027, 50.908739451]}}, {"type": "Feature", "properties": {"id": 190744194, "common_name": "Silverleaf Fungus", "scientific_name": "Chondrostereum purpureum", "iconic_taxon_name": "Fungi", "image_url": "https://inaturalist-open-data.s3.amazonaws.com/photos/334449967/medium.jpeg", "observed_on": "2023-11-11T15:23:00+00:00", "place_guess": "West Sussex, UK", "quality_grade": "research", "url": "https://www.inaturalist.org/observations/190744194", "user_login": "shelbourne"}, "geometry": {"type": "Point", "coordinates": [-0.2693083333, 50.9093361111]}}, {"type": "Feature", "properties": {"id": 140355063, "common_name": "Candlesnuff Fungus", "scientific_name": "Xylaria hypoxylon", "iconic_taxon_name": "Fungi", "image_url": "https://inaturalist-open-data.s3.amazonaws.com/photos/240244665/medium.jpeg", "observed_on": "2022-10-29T10:10:40+01:00", "place_guess": "Burgess Hill, UK", "quality_grade": "research", "url": "https://www.inaturalist.org/observations/140355063", "user_login": "ezh00"}, "geometry": {"type": "Point", "coordinates": [-0.123214, 50.968061]}}, {"type": "Feature", "properties": {"id": 140355288, "common_name": "birch polypore", "scientific_name": "Fomitopsis betulina", "iconic_taxon_name": "Fungi", "image_url": "https://inaturalist-open-data.s3.amazonaws.com/photos/240245024/medium.jpeg", "observed_on": "2022-10-29T10:20:26+01:00", "place_guess": "West Sussex, England, GB", "quality_grade": "research", "url": "https://www.inaturalist.org/observations/140355288", "user_login": "ezh00"}, "geometry": {"type": "Point", "coordinates": [-0.123353, 50.968595]}}, {"type": "Feature", "properties": {"id": 261837955, "common_name": "Scarlet Elfcup", "scientific_name": "Sarcoscypha austriaca", "iconic_taxon_name": "Fungi", "image_url": "https://inaturalist-open-data.s3.amazonaws.com/photos/470487734/medium.jpg", "observed_on": "2025-02-16T12:42:50+00:00", "place_guess": "Sands Lane, Henfield, England, GB", "quality_grade": "research", "url": "https://www.inaturalist.org/observations/261837955", "user_login": "malcolmchar"}, "geometry": {"type": "Point", "coordinates": [-0.2720885258, 50.9011736947]}}, {"type": "Feature", "properties": {"id": 322252680, "common_name": "Oily Waxcap", "scientific_name": "Hygrocybe quieta", "iconic_taxon_name": "Fungi", "image_url": "https://inaturalist-open-data.s3.amazonaws.com/photos/582928477/medium.jpg", "observed_on": "2025-10-21T16:50:08+01:00", "place_guess": "Church Lane, Henfield, England, GB", "quality_grade": "research", "url": "https://www.inaturalist.org/observations/322252680", "user_login": "genhen"}, "geometry": {"type": "Point", "coordinates": [-0.2763883333, 50.9326383333]}}, {"type": "Feature", "properties": {"id": 192768337, "common_name": "Candlesnuff Fungus", "scientific_name": "Xylaria hypoxylon", "iconic_taxon_name": "Fungi", "image_url": "https://inaturalist-open-data.s3.amazonaws.com/photos/338478367/medium.jpg", "observed_on": "2023-11-30T11:04:38+00:00", "place_guess": "Oak Tree Dr, Hassocks, England, GB", "quality_grade": "research", "url": "https://www.inaturalist.org/observations/192768337", "user_login": "ruthsaunders"}, "geometry": {"type": "Point", "coordinates": [-0.1416, 50.9296883333]}}, {"type": "Feature", "properties": {"id": 190018634, "common_name": "Common Ink Cap", "scientific_name": "Coprinopsis atramentaria", "iconic_taxon_name": "Fungi", "image_url": "https://inaturalist-open-data.s3.amazonaws.com/photos/333013143/medium.jpeg", "observed_on": "2023-10-29T14:35:00+00:00", "place_guess": "Small Dole, Henfield BN5, UK", "quality_grade": "research", "url": "https://www.inaturalist.org/observations/190018634", "user_login": "shelbourne"}, "geometry": {"type": "Point", "coordinates": [-0.2718138889, 50.9001916667]}}, {"type": "Feature", "properties": {"id": 190122893, "common_name": "Parrot Mushroom", "scientific_name": "Gliophorus psittacinus", "iconic_taxon_name": "Fungi", "image_url": "https://inaturalist-open-data.s3.amazonaws.com/photos/333220016/medium.jpg", "observed_on": "2023-11-05T11:17:48+00:00", "place_guess": "South Downs National Park, Brighton, England, GB", "quality_grade": "research", "url": "https://www.inaturalist.org/observations/190122893", "user_login": "cgul13"}, "geometry": {"type": "Point", "coordinates": [-0.2093966667, 50.8822466667]}}, {"type": "Feature", "properties": {"id": 186423486, "common_name": "common greenshield lichen", "scientific_name": "Flavoparmelia caperata", "iconic_taxon_name": "Fungi", "image_url": "https://inaturalist-open-data.s3.amazonaws.com/photos/325786159/medium.jpeg", "observed_on": "2023-09-30T15:17:00+01:00", "place_guess": "Small Dole, Henfield BN5, UK", "quality_grade": "research", "url": "https://www.inaturalist.org/observations/186423486", "user_login": "shelbourne"}, "geometry": {"type": "Point", "coordinates": [-0.2714638889, 50.8994611111]}}, {"type": "Feature", "properties": {"id": 190893262, "common_name": "golden ear", "scientific_name": "Naematelia aurantia", "iconic_taxon_name": "Fungi", "image_url": "https://static.inaturalist.org/photos/334749331/medium.jpg", "observed_on": "2023-11-13T10:13:04+00:00", "place_guess": "Burgess Hill, Burgess Hill, England, GB", "quality_grade": "research", "url": "https://www.inaturalist.org/observations/190893262", "user_login": "richardemerson"}, "geometry": {"type": "Point", "coordinates": [-0.1202055, 50.9434666667]}}, {"type": "Feature", "properties": {"id": 190707059, "common_name": "Cloudy Clitocybe", "scientific_name": "Clitocybe nebularis", "iconic_taxon_name": "Fungi", "image_url": "https://inaturalist-open-data.s3.amazonaws.com/photos/334377924/medium.jpg", "observed_on": "2023-11-11T13:37:49+00:00", "place_guess": "South Downs National Park, Brighton, England, GB", "quality_grade": "research", "url": "https://www.inaturalist.org/observations/190707059", "user_login": "cgul13"}, "geometry": {"type": "Point", "coordinates": [-0.2059783333, 50.882625]}}, {"type": "Feature", "properties": {"id": 145967086, "common_name": "hairy curtain crust", "scientific_name": "Stereum hirsutum", "iconic_taxon_name": "Fungi", "image_url": "https://inaturalist-open-data.s3.amazonaws.com/photos/250844100/medium.jpeg", "observed_on": "2023-01-05T09:14:04+00:00", "place_guess": "Saddlescombe Farm, Saddlescombe Road, Brighton BN45 7DE, UK", "quality_grade": "research", "url": "https://www.inaturalist.org/observations/145967086", "user_login": "ezh00"}, "geometry": {"type": "Point", "coordinates": [-0.191583, 50.888807]}}, {"type": "Feature", "properties": {"id": 35737091, "common_name": "Common Funnel", "scientific_name": "Infundibulicybe gibba", "iconic_taxon_name": "Fungi", "image_url": "https://inaturalist-open-data.s3.amazonaws.com/photos/56387909/medium.jpeg", "observed_on": "2019-11-16T14:13:10+00:00", "place_guess": "Hurstpierpoint, Hassocks BN6 9GD, UK", "quality_grade": "research", "url": "https://www.inaturalist.org/observations/35737091", "user_login": "gadus"}, "geometry": {"type": "Point", "coordinates": [-0.1737158307, 50.9412244768]}}, {"type": "Feature", "properties": {"id": 101559734, "common_name": "hare's foot inkcap", "scientific_name": "Coprinopsis lagopus", "iconic_taxon_name": "Fungi", "image_url": "https://inaturalist-open-data.s3.amazonaws.com/photos/169619100/medium.jpg", "observed_on": "2021-11-20T12:13:13+00:00", "place_guess": "South Downs National Park, Brighton, England, GB", "quality_grade": "research", "url": "https://www.inaturalist.org/observations/101559734", "user_login": "cgul13"}, "geometry": {"type": "Point", "coordinates": [-0.2118633333, 50.8818883333]}}, {"type": "Feature", "properties": {"id": 265048794, "common_name": "common greenshield lichen", "scientific_name": "Flavoparmelia caperata", "iconic_taxon_name": "Fungi", "image_url": "https://inaturalist-open-data.s3.amazonaws.com/photos/476020299/medium.jpeg", "observed_on": "2025-03-12T13:55:59+00:00", "place_guess": "Wood's Mill, Henfield BN5 9SD, UK", "quality_grade": "research", "url": "https://www.inaturalist.org/observations/265048794", "user_login": "renzospano"}, "geometry": {"type": "Point", "coordinates": [-0.2681783333, 50.910235]}}, {"type": "Feature", "properties": {"id": 324488495, "common_name": "White Saddle", "scientific_name": "Helvella crispa", "iconic_taxon_name": "Fungi", "image_url": "https://inaturalist-open-data.s3.amazonaws.com/photos/587322870/medium.jpg", "observed_on": "2025-10-31T20:38:42+00:00", "place_guess": "Condor Way, Burgess Hill, England, GB", "quality_grade": "research", "url": "https://www.inaturalist.org/observations/324488495", "user_login": "japearce"}, "geometry": {"type": "Point", "coordinates": [-0.1454861667, 50.9576716667]}}, {"type": "Feature", "properties": {"id": 325836469, "common_name": "Dung Roundhead", "scientific_name": "Protostropharia semiglobata", "iconic_taxon_name": "Fungi", "image_url": "https://inaturalist-open-data.s3.amazonaws.com/photos/590021159/medium.jpg", "observed_on": "2025-11-09T13:50:17+00:00", "place_guess": "South Downs National Park, Brighton, England, GB", "quality_grade": "research", "url": "https://www.inaturalist.org/observations/325836469", "user_login": "cgul13"}, "geometry": {"type": "Point", "coordinates": [-0.2111366667, 50.8826916667]}}, {"type": "Feature", "properties": {"id": 329253494, "common_name": "Crawfish Lichen", "scientific_name": "Ochrolechia parella", "iconic_taxon_name": "Fungi", "image_url": "https://inaturalist-open-data.s3.amazonaws.com/photos/596784435/medium.jpg", "observed_on": "2025-11-29T15:06:00+00:00", "place_guess": "St Nicholas Church, Castle Lane, Bramber, Steyning, West Sussex, UK", "quality_grade": "research", "url": "https://www.inaturalist.org/observations/329253494", "user_login": "steve_mcwilliam"}, "geometry": {"type": "Point", "coordinates": [-0.3152451319, 50.8828585591]}}, {"type": "Feature", "properties": {"id": 267607899, "common_name": "Bluebell rust", "scientific_name": "Uromyces hyacinthi", "iconic_taxon_name": "Fungi", "image_url": "https://inaturalist-open-data.s3.amazonaws.com/photos/480932885/medium.jpeg", "observed_on": "2025-03-29T12:53:13+00:00", "place_guess": "England, GB", "quality_grade": "research", "url": "https://www.inaturalist.org/observations/267607899", "user_login": "virn"}, "geometry": {"type": "Point", "coordinates": [-0.3463113879, 50.916104366]}}, {"type": "Feature", "properties": {"id": 103737811, "common_name": "fluted bird's nest fungus", "scientific_name": "Cyathus striatus", "iconic_taxon_name": "Fungi", "image_url": "https://inaturalist-open-data.s3.amazonaws.com/photos/173694551/medium.jpg", "observed_on": "2021-12-26T13:31:45+00:00", "place_guess": "South Downs National Park, Brighton, England, GB", "quality_grade": "research", "url": "https://www.inaturalist.org/observations/103737811", "user_login": "cgul13"}, "geometry": {"type": "Point", "coordinates": [-0.2018216667, 50.8837466667]}}, {"type": "Feature", "properties": {"id": 100912346, "common_name": "Magpie Inkcap", "scientific_name": "Coprinopsis picacea", "iconic_taxon_name": "Fungi", "image_url": "https://inaturalist-open-data.s3.amazonaws.com/photos/168477357/medium.jpg", "observed_on": "2021-11-10T11:15:01+00:00", "place_guess": "Stanmer Park, Brighton, England, GB", "quality_grade": "research", "url": "https://www.inaturalist.org/observations/100912346", "user_login": "cgul13"}, "geometry": {"type": "Point", "coordinates": [-0.1103555, 50.8827283333]}}, {"type": "Feature", "properties": {"id": 186787577, "common_name": "blusher", "scientific_name": "Amanita rubescens", "iconic_taxon_name": "Fungi", "image_url": "https://inaturalist-open-data.s3.amazonaws.com/photos/326500492/medium.jpeg", "observed_on": "2023-10-08T16:33:00+01:00", "place_guess": "West Sussex, UK", "quality_grade": "research", "url": "https://www.inaturalist.org/observations/186787577", "user_login": "shelbourne"}, "geometry": {"type": "Point", "coordinates": [-0.2690166667, 50.9086222222]}}, {"type": "Feature", "properties": {"id": 186798306, "common_name": "Trooping Crumble Cap", "scientific_name": "Coprinellus disseminatus", "iconic_taxon_name": "Fungi", "image_url": "https://inaturalist-open-data.s3.amazonaws.com/photos/326521931/medium.jpg", "observed_on": "2023-10-08T16:58:11+01:00", "place_guess": "South Downs National Park, Henfield, England, GB", "quality_grade": "research", "url": "https://www.inaturalist.org/observations/186798306", "user_login": "shelbourne"}, "geometry": {"type": "Point", "coordinates": [-0.2685466667, 50.9104583333]}}, {"type": "Feature", "properties": {"id": 186727534, "common_name": "Willow Shield", "scientific_name": "Pluteus salicinus", "iconic_taxon_name": "Fungi", "image_url": "https://inaturalist-open-data.s3.amazonaws.com/photos/326382595/medium.jpg", "observed_on": "2023-10-08T13:31:12+01:00", "place_guess": "South Downs National Park, Brighton, England, GB", "quality_grade": "research", "url": "https://www.inaturalist.org/observations/186727534", "user_login": "cgul13"}, "geometry": {"type": "Point", "coordinates": [-0.207675, 50.8823283333]}}, {"type": "Feature", "properties": {"id": 178560609, "common_name": "Blueing Bracket", "scientific_name": "Cyanosporus subcaesius", "iconic_taxon_name": "Fungi", "image_url": "https://inaturalist-open-data.s3.amazonaws.com/photos/310733046/medium.jpeg", "observed_on": "2023-08-15T13:46:00+01:00", "place_guess": "West Sussex, England, United Kingdom", "quality_grade": "research", "url": "https://www.inaturalist.org/observations/178560609", "user_login": "shelbourne"}, "geometry": {"type": "Point", "coordinates": [-0.2704305556, 50.8999194444]}}, {"type": "Feature", "properties": {"id": 233148876, "common_name": "Bactridium flavum", "scientific_name": "Bactridium flavum", "iconic_taxon_name": "Fungi", "image_url": "https://inaturalist-open-data.s3.amazonaws.com/photos/414312247/medium.jpeg", "observed_on": "2024-08-01T13:09:31+01:00", "place_guess": "Woods Mill Nature Reserve - Sussex Wildlife Trust, Wood's Mill, Henfield BN5 9SD, UK", "quality_grade": "research", "url": "https://www.inaturalist.org/observations/233148876", "user_login": "shelbourne"}, "geometry": {"type": "Point", "coordinates": [-0.2692783624, 50.9095651347]}}, {"type": "Feature", "properties": {"id": 249350579, "common_name": "Bleeding Fairy Helmet", "scientific_name": "Mycena haematopus", "iconic_taxon_name": "Fungi", "image_url": "https://inaturalist-open-data.s3.amazonaws.com/photos/445719149/medium.jpeg", "observed_on": "2024-10-27T16:46:33+00:00", "place_guess": "Henfield Common, Henfield, England, GB", "quality_grade": "research", "url": "https://www.inaturalist.org/observations/249350579", "user_login": "dannibaxter"}, "geometry": {"type": "Point", "coordinates": [-0.2650116667, 50.926495]}}, {"type": "Feature", "properties": {"id": 250790369, "common_name": "Meadow Waxcap", "scientific_name": "Cuphophyllus pratensis", "iconic_taxon_name": "Fungi", "image_url": "https://static.inaturalist.org/photos/448611112/medium.jpeg", "observed_on": "2024-11-07T14:03:27+00:00", "place_guess": "Henfield BN5 9NT, UK", "quality_grade": "research", "url": "https://www.inaturalist.org/observations/250790369", "user_login": "elizabeth_morris"}, "geometry": {"type": "Point", "coordinates": [-0.2757316667, 50.9322566667]}}, {"type": "Feature", "properties": {"id": 250795664, "common_name": "Candlesnuff Fungus", "scientific_name": "Xylaria hypoxylon", "iconic_taxon_name": "Fungi", "image_url": "https://static.inaturalist.org/photos/448620240/medium.jpeg", "observed_on": "2024-11-07T15:01:58+00:00", "place_guess": "Mill Drive, Henfield BN5 9RL, UK", "quality_grade": "research", "url": "https://www.inaturalist.org/observations/250795664", "user_login": "elizabeth_morris"}, "geometry": {"type": "Point", "coordinates": [-0.2661333333, 50.92771]}}, {"type": "Feature", "properties": {"id": 252402054, "common_name": "King Alfred's Cakes", "scientific_name": "Daldinia concentrica", "iconic_taxon_name": "Fungi", "image_url": "https://inaturalist-open-data.s3.amazonaws.com/photos/451827562/medium.jpeg", "observed_on": "2024-11-20T12:30:34+00:00", "place_guess": "South Downs National Park, Henfield, England, GB", "quality_grade": "research", "url": "https://www.inaturalist.org/observations/252402054", "user_login": "dave_shenton"}, "geometry": {"type": "Point", "coordinates": [-0.2505366667, 50.899095]}}, {"type": "Feature", "properties": {"id": 311990034, "common_name": "birch polypore", "scientific_name": "Fomitopsis betulina", "iconic_taxon_name": "Fungi", "image_url": "https://inaturalist-open-data.s3.amazonaws.com/photos/563252400/medium.jpg", "observed_on": "2025-09-06T18:00:06+01:00", "place_guess": "Woods Mill Nature Reserve - Sussex Wildlife Trust, Wood's Mill, Henfield BN5 9SD, UK", "quality_grade": "research", "url": "https://www.inaturalist.org/observations/311990034", "user_login": "shelbourne"}, "geometry": {"type": "Point", "coordinates": [-0.2697796002, 50.9092429491]}}, {"type": "Feature", "properties": {"id": 249628393, "common_name": "Butter Waxcap", "scientific_name": "Hygrocybe ceracea", "iconic_taxon_name": "Fungi", "image_url": "https://inaturalist-open-data.s3.amazonaws.com/photos/446273647/medium.jpeg", "observed_on": "2024-10-29T13:47:22+00:00", "place_guess": "Church Lane, Henfield, England, GB", "quality_grade": "research", "url": "https://www.inaturalist.org/observations/249628393", "user_login": "fletma"}, "geometry": {"type": "Point", "coordinates": [-0.2762865555, 50.9326157207]}}, {"type": "Feature", "properties": {"id": 247480351, "common_name": "Rosy Bonnet", "scientific_name": "Mycena rosea", "iconic_taxon_name": "Fungi", "image_url": "https://inaturalist-open-data.s3.amazonaws.com/photos/442012496/medium.jpeg", "observed_on": "2024-10-15T15:53:26+01:00", "place_guess": "Farm Close, Henfield, England, GB", "quality_grade": "research", "url": "https://www.inaturalist.org/observations/247480351", "user_login": "fletma"}, "geometry": {"type": "Point", "coordinates": [-0.2754812658, 50.9346307332]}}, {"type": "Feature", "properties": {"id": 320441669, "common_name": "False Death-cap", "scientific_name": "Amanita citrina", "iconic_taxon_name": "Fungi", "image_url": "https://inaturalist-open-data.s3.amazonaws.com/photos/579368827/medium.jpg", "observed_on": "2025-10-12T13:52:05+01:00", "place_guess": "Middleton Common Lane, Hassocks, England, GB", "quality_grade": "research", "url": "https://www.inaturalist.org/observations/320441669", "user_login": "pjbit"}, "geometry": {"type": "Point", "coordinates": [-0.112077427, 50.950537608]}}, {"type": "Feature", "properties": {"id": 317724426, "common_name": "birch polypore", "scientific_name": "Fomitopsis betulina", "iconic_taxon_name": "Fungi", "image_url": "https://inaturalist-open-data.s3.amazonaws.com/photos/574157068/medium.jpg", "observed_on": "2025-09-30T07:08:27+01:00", "place_guess": "Goddards Green, Hassocks BN6 9LE, UK", "quality_grade": "research", "url": "https://www.inaturalist.org/observations/317724426", "user_login": "revjulesmiddleton"}, "geometry": {"type": "Point", "coordinates": [-0.1634722576, 50.9623461536]}}, {"type": "Feature", "properties": {"id": 258234136, "common_name": "Common Sunburst Lichen", "scientific_name": "Xanthoria parietina", "iconic_taxon_name": "Fungi", "image_url": "https://inaturalist-open-data.s3.amazonaws.com/photos/463295127/medium.jpg", "observed_on": "2025-01-12T11:03:06+00:00", "place_guess": "Henfield, Henfield, England, GB", "quality_grade": "research", "url": "https://www.inaturalist.org/observations/258234136", "user_login": "fletma"}, "geometry": {"type": "Point", "coordinates": [-0.2983526699, 50.9371289984]}}, {"type": "Feature", "properties": {"id": 350807437, "common_name": "Bluebell rust", "scientific_name": "Uromyces hyacinthi", "iconic_taxon_name": "Fungi", "image_url": "https://inaturalist-open-data.s3.amazonaws.com/photos/640121318/medium.jpg", "observed_on": "2026-04-18T12:44:00+01:00", "place_guess": "East Sussex, UK", "quality_grade": "research", "url": "https://www.inaturalist.org/observations/350807437", "user_login": "james-carr"}, "geometry": {"type": "Point", "coordinates": [-0.111479, 50.886767]}}, {"type": "Feature", "properties": {"id": 351455092, "common_name": "White Pleated Lichen", "scientific_name": "Diploicia canescens", "iconic_taxon_name": "Fungi", "image_url": "https://inaturalist-open-data.s3.amazonaws.com/photos/641370600/medium.jpg", "observed_on": "2026-04-20T14:30:19+01:00", "place_guess": "Ancient woodland east of Ashington, north of Wiston, West Sussex", "quality_grade": "research", "url": "https://www.inaturalist.org/observations/351455092", "user_login": "sim_elliott"}, "geometry": {"type": "Point", "coordinates": [-0.3524463, 50.9398792]}}, {"type": "Feature", "properties": {"id": 140567199, "common_name": "Purple Jellydisc", "scientific_name": "Ascocoryne sarcoides", "iconic_taxon_name": "Fungi", "image_url": "https://inaturalist-open-data.s3.amazonaws.com/photos/240634801/medium.jpg", "observed_on": "2022-10-30T15:29:51+00:00", "place_guess": "Woodmancote, Henfield, England, GB", "quality_grade": "research", "url": "https://www.inaturalist.org/observations/140567199", "user_login": "mazzab"}, "geometry": {"type": "Point", "coordinates": [-0.2405260119, 50.940375444]}}, {"type": "Feature", "properties": {"id": 268099206, "common_name": "Elf Cups", "scientific_name": "Sarcoscypha", "iconic_taxon_name": "Fungi", "image_url": "https://inaturalist-open-data.s3.amazonaws.com/photos/481868346/medium.jpeg", "observed_on": "2025-04-01T16:40:57+01:00", "place_guess": "Pigeon Croft, The Common, Henfield BN5 9RL, UK", "quality_grade": "research", "url": "https://www.inaturalist.org/observations/268099206", "user_login": "jennylees"}, "geometry": {"type": "Point", "coordinates": [-0.26414665, 50.92738376]}}, {"type": "Feature", "properties": {"id": 106560750, "common_name": "Flammulina", "scientific_name": "Flammulina", "iconic_taxon_name": "Fungi", "image_url": "https://static.inaturalist.org/photos/179031544/medium.jpg", "observed_on": "2022-02-11T15:14:19+00:00", "place_guess": "South Downs National Park, Brighton, England, GB", "quality_grade": "research", "url": "https://www.inaturalist.org/observations/106560750", "user_login": "nick_weller"}, "geometry": {"type": "Point", "coordinates": [-0.1908833333, 50.8996883333]}}, {"type": "Feature", "properties": {"id": 285568234, "common_name": "Triphragmium filipendulae", "scientific_name": "Triphragmium filipendulae", "iconic_taxon_name": "Fungi", "image_url": "https://inaturalist-open-data.s3.amazonaws.com/photos/513287082/medium.jpg", "observed_on": "2025-05-16T20:09:00+01:00", "place_guess": "East Sussex, UK", "quality_grade": "research", "url": "https://www.inaturalist.org/observations/285568234", "user_login": "tim-johnson"}, "geometry": {"type": "Point", "coordinates": [-0.1156049999, 50.9052069057]}}, {"type": "Feature", "properties": {"id": 259860698, "common_name": "Whitewash Lichen", "scientific_name": "Phlyctis argena", "iconic_taxon_name": "Fungi", "image_url": "https://inaturalist-open-data.s3.amazonaws.com/photos/466561320/medium.jpg", "observed_on": "2025-01-28T13:18:42+00:00", "place_guess": "Henfield, Henfield, England, GB", "quality_grade": "research", "url": "https://www.inaturalist.org/observations/259860698", "user_login": "fletma"}, "geometry": {"type": "Point", "coordinates": [-0.2876353171, 50.9384915606]}}, {"type": "Feature", "properties": {"id": 259864659, "common_name": "Whitewash Lichen", "scientific_name": "Phlyctis argena", "iconic_taxon_name": "Fungi", "image_url": "https://inaturalist-open-data.s3.amazonaws.com/photos/466568380/medium.jpeg", "observed_on": "2025-01-28T14:15:54+00:00", "place_guess": "Burgess Hill, UK", "quality_grade": "research", "url": "https://www.inaturalist.org/observations/259864659", "user_login": "sim_elliott"}, "geometry": {"type": "Point", "coordinates": [-0.1254099997, 50.9684463997]}}, {"type": "Feature", "properties": {"id": 250678888, "common_name": "Cloudy Clitocybe", "scientific_name": "Clitocybe nebularis", "iconic_taxon_name": "Fungi", "image_url": "https://inaturalist-open-data.s3.amazonaws.com/photos/448385719/medium.jpeg", "observed_on": "2024-11-06T13:57:41+00:00", "place_guess": "Henfield Common, Henfield, England, GB", "quality_grade": "research", "url": "https://www.inaturalist.org/observations/250678888", "user_login": "dannibaxter"}, "geometry": {"type": "Point", "coordinates": [-0.2628866667, 50.9261666667]}}, {"type": "Feature", "properties": {"id": 318863512, "common_name": "birch polypore", "scientific_name": "Fomitopsis betulina", "iconic_taxon_name": "Fungi", "image_url": "https://static.inaturalist.org/photos/576337851/medium.jpg", "observed_on": "2025-10-05T13:37:24+01:00", "place_guess": "Stanmer, Brighton BN1 9QD, UK", "quality_grade": "research", "url": "https://www.inaturalist.org/observations/318863512", "user_login": "henry24654"}, "geometry": {"type": "Point", "coordinates": [-0.1112461276, 50.8859173721]}}, {"type": "Feature", "properties": {"id": 256394633, "common_name": "birch polypore", "scientific_name": "Fomitopsis betulina", "iconic_taxon_name": "Fungi", "image_url": "https://inaturalist-open-data.s3.amazonaws.com/photos/459690531/medium.jpg", "observed_on": "2024-12-27T12:27:23+00:00", "place_guess": "Hurstpierpoint and Sayers Common, Hassocks, England, GB", "quality_grade": "research", "url": "https://www.inaturalist.org/observations/256394633", "user_login": "leeoliver"}, "geometry": {"type": "Point", "coordinates": [-0.1591888333, 50.9532166667]}}, {"type": "Feature", "properties": {"id": 263079351, "common_name": "witch's butter", "scientific_name": "Tremella mesenterica", "iconic_taxon_name": "Fungi", "image_url": "https://inaturalist-open-data.s3.amazonaws.com/photos/472550901/medium.jpg", "observed_on": "2025-02-25T09:05:14+00:00", "place_guess": "Henfield Common, Henfield, England, GB", "quality_grade": "research", "url": "https://www.inaturalist.org/observations/263079351", "user_login": "taylorliz"}, "geometry": {"type": "Point", "coordinates": [-0.2598883333, 50.9274133333]}}, {"type": "Feature", "properties": {"id": 244742041, "common_name": "birch polypore", "scientific_name": "Fomitopsis betulina", "iconic_taxon_name": "Fungi", "image_url": "https://inaturalist-open-data.s3.amazonaws.com/photos/436609374/medium.jpeg", "observed_on": "2024-09-29T11:56:49+01:00", "place_guess": "Henfield Common, Henfield, England, GB", "quality_grade": "research", "url": "https://www.inaturalist.org/observations/244742041", "user_login": "ruthrobotham"}, "geometry": {"type": "Point", "coordinates": [-0.26526835, 50.9278379953]}}, {"type": "Feature", "properties": {"id": 62319894, "common_name": "Fly Agaric", "scientific_name": "Amanita muscaria", "iconic_taxon_name": "Fungi", "image_url": "https://inaturalist-open-data.s3.amazonaws.com/photos/99838029/medium.jpg", "observed_on": "2020-10-11T16:59:14+02:00", "place_guess": "England, GB", "quality_grade": "research", "url": "https://www.inaturalist.org/observations/62319894", "user_login": "sparkynature"}, "geometry": {"type": "Point", "coordinates": [-0.1319696654, 50.9648013558]}}, {"type": "Feature", "properties": {"id": 103974705, "common_name": "Small Moss Oysterling", "scientific_name": "Arrhenia retiruga", "iconic_taxon_name": "Fungi", "image_url": "https://static.inaturalist.org/photos/174150112/medium.jpeg", "observed_on": "2021-12-26T15:00:00+00:00", "place_guess": "Henfield BN5, UK", "quality_grade": "research", "url": "https://www.inaturalist.org/observations/103974705", "user_login": "elizabeth_morris"}, "geometry": {"type": "Point", "coordinates": [-0.2766295233, 50.9325621747]}}, {"type": "Feature", "properties": {"id": 101932919, "common_name": "Pear-shaped Puffball", "scientific_name": "Apioperdon pyriforme", "iconic_taxon_name": "Fungi", "image_url": "https://inaturalist-open-data.s3.amazonaws.com/photos/170298732/medium.jpg", "observed_on": "2021-11-26T11:33:08+00:00", "place_guess": "Ansty and Staplefield CP, Burgess Hill, England, GB", "quality_grade": "research", "url": "https://www.inaturalist.org/observations/101932919", "user_login": "bocook"}, "geometry": {"type": "Point", "coordinates": [-0.1251958792, 50.9687327906]}}, {"type": "Feature", "properties": {"id": 102026687, "common_name": "Witch's Hat", "scientific_name": "Hygrocybe conica", "iconic_taxon_name": "Fungi", "image_url": "https://inaturalist-open-data.s3.amazonaws.com/photos/170474470/medium.jpg", "observed_on": "2021-11-20T15:09:46+00:00", "place_guess": "South Downs National Park, Brighton, England, GB", "quality_grade": "research", "url": "https://www.inaturalist.org/observations/102026687", "user_login": "cgul13"}, "geometry": {"type": "Point", "coordinates": [-0.2059333333, 50.8829466667]}}, {"type": "Feature", "properties": {"id": 104112051, "common_name": "Jelly Ear", "scientific_name": "Auricularia auricula-judae", "iconic_taxon_name": "Fungi", "image_url": "https://static.inaturalist.org/photos/174408350/medium.jpeg", "observed_on": "2022-01-01T14:01:00+00:00", "place_guess": "Henfield BN5, UK", "quality_grade": "research", "url": "https://www.inaturalist.org/observations/104112051", "user_login": "elizabeth_morris"}, "geometry": {"type": "Point", "coordinates": [-0.2780514226, 50.9306196686]}}, {"type": "Feature", "properties": {"id": 106877793, "common_name": "witch's butter", "scientific_name": "Tremella mesenterica", "iconic_taxon_name": "Fungi", "image_url": "https://static.inaturalist.org/photos/179640359/medium.jpeg", "observed_on": "2022-02-16T14:37:00+00:00", "place_guess": "West Sussex, UK", "quality_grade": "research", "url": "https://www.inaturalist.org/observations/106877793", "user_login": "elizabeth_morris"}, "geometry": {"type": "Point", "coordinates": [-0.2547586667, 50.9624407574]}}, {"type": "Feature", "properties": {"id": 35737166, "common_name": "Amethyst Deceiver", "scientific_name": "Laccaria amethystina", "iconic_taxon_name": "Fungi", "image_url": "https://inaturalist-open-data.s3.amazonaws.com/photos/56387988/medium.jpeg", "observed_on": "2019-11-16T14:15:15+00:00", "place_guess": "Hurstpierpoint, Hassocks BN6, UK", "quality_grade": "research", "url": "https://www.inaturalist.org/observations/35737166", "user_login": "gadus"}, "geometry": {"type": "Point", "coordinates": [-0.1736635483, 50.9411111077]}}, {"type": "Feature", "properties": {"id": 35737365, "common_name": "witch's butter", "scientific_name": "Tremella mesenterica", "iconic_taxon_name": "Fungi", "image_url": "https://inaturalist-open-data.s3.amazonaws.com/photos/56388243/medium.jpeg", "observed_on": "2019-11-16T14:23:18+00:00", "place_guess": "Hurstpierpoint, Hassocks BN6, UK", "quality_grade": "research", "url": "https://www.inaturalist.org/observations/35737365", "user_login": "gadus"}, "geometry": {"type": "Point", "coordinates": [-0.1738254585, 50.9407613154]}}, {"type": "Feature", "properties": {"id": 19247606, "common_name": "Oak mazegill", "scientific_name": "Fomitopsis quercina", "iconic_taxon_name": "Fungi", "image_url": "https://static.inaturalist.org/photos/29572750/medium.jpg", "observed_on": "2018-12-27T11:06:59+00:00", "place_guess": "Twineham Lane, Hassocks, England, GB", "quality_grade": "research", "url": "https://www.inaturalist.org/observations/19247606", "user_login": "happyfern"}, "geometry": {"type": "Point", "coordinates": [-0.215195, 50.9556533333]}}, {"type": "Feature", "properties": {"id": 76458821, "common_name": "King Alfred's Cakes", "scientific_name": "Daldinia concentrica", "iconic_taxon_name": "Fungi", "image_url": "https://static.inaturalist.org/photos/124836301/medium.jpeg", "observed_on": "2021-05-01T15:58:00+00:00", "place_guess": "East Sussex, UK", "quality_grade": "research", "url": "https://www.inaturalist.org/observations/76458821", "user_login": "elizabeth_morris"}, "geometry": {"type": "Point", "coordinates": [-0.1206710547, 50.8819334206]}}, {"type": "Feature", "properties": {"id": 58725488, "common_name": "blusher", "scientific_name": "Amanita rubescens", "iconic_taxon_name": "Fungi", "image_url": "https://inaturalist-open-data.s3.amazonaws.com/photos/93778392/medium.jpg", "observed_on": "2020-09-06T14:17:41+02:00", "place_guess": "Henfield Common N, Henfield, England, GB", "quality_grade": "research", "url": "https://www.inaturalist.org/observations/58725488", "user_login": "sparkynature"}, "geometry": {"type": "Point", "coordinates": [-0.2625126579, 50.9289940336]}}, {"type": "Feature", "properties": {"id": 339743983, "common_name": "Cheilymenia", "scientific_name": "Cheilymenia", "iconic_taxon_name": "Fungi", "image_url": "https://inaturalist-open-data.s3.amazonaws.com/photos/618104991/medium.jpg", "observed_on": "2026-02-22T15:48:12+00:00", "place_guess": "Brighton, England, GB", "quality_grade": "research", "url": "https://www.inaturalist.org/observations/339743983", "user_login": "lilii4k"}, "geometry": {"type": "Point", "coordinates": [-0.2031242947, 50.8885253228]}}, {"type": "Feature", "properties": {"id": 177702210, "common_name": "Scaly Earthball", "scientific_name": "Scleroderma verrucosum", "iconic_taxon_name": "Fungi", "image_url": "https://inaturalist-open-data.s3.amazonaws.com/photos/309102507/medium.jpg", "observed_on": "2023-08-10T16:24:06+01:00", "place_guess": "South Downs National Park, Henfield, England, GB", "quality_grade": "research", "url": "https://www.inaturalist.org/observations/177702210", "user_login": "shelbourne"}, "geometry": {"type": "Point", "coordinates": [-0.268995, 50.9099883333]}}, {"type": "Feature", "properties": {"id": 171341032, "common_name": "Dryad's Saddle", "scientific_name": "Cerioporus squamosus", "iconic_taxon_name": "Fungi", "image_url": "https://inaturalist-open-data.s3.amazonaws.com/photos/297312197/medium.jpeg", "observed_on": "2023-07-05", "place_guess": "Devil's Dyke West Sussex, UK", "quality_grade": "research", "url": "https://www.inaturalist.org/observations/171341032", "user_login": "sim_elliott"}, "geometry": {"type": "Point", "coordinates": [-0.2067436124, 50.8857975192]}}, {"type": "Feature", "properties": {"id": 176604185, "common_name": "Shaggy Mane", "scientific_name": "Coprinus comatus", "iconic_taxon_name": "Fungi", "image_url": "https://inaturalist-open-data.s3.amazonaws.com/photos/307057127/medium.jpg", "observed_on": "2023-08-04T15:44:27+01:00", "place_guess": "Sake Ride Lane, Henfield, England, GB", "quality_grade": "research", "url": "https://www.inaturalist.org/observations/176604185", "user_login": "rickyn"}, "geometry": {"type": "Point", "coordinates": [-0.2491583333, 50.9509366734]}}, {"type": "Feature", "properties": {"id": 187447145, "common_name": "orange bonnet", "scientific_name": "Pruinomycena acicula", "iconic_taxon_name": "Fungi", "image_url": "https://inaturalist-open-data.s3.amazonaws.com/photos/327809507/medium.jpg", "observed_on": "2023-10-13T17:12:58+01:00", "place_guess": "Upper Beeding CP, Henfield, England, GB", "quality_grade": "research", "url": "https://www.inaturalist.org/observations/187447145", "user_login": "shelbourne"}, "geometry": {"type": "Point", "coordinates": [-0.2723633333, 50.9008033333]}}, {"type": "Feature", "properties": {"id": 189155929, "common_name": "Sheathed Woodtuft", "scientific_name": "Kuehneromyces mutabilis", "iconic_taxon_name": "Fungi", "image_url": "https://inaturalist-open-data.s3.amazonaws.com/photos/331276859/medium.jpeg", "observed_on": "2023-10-21T14:40:00+01:00", "place_guess": "West Sussex, UK", "quality_grade": "research", "url": "https://www.inaturalist.org/observations/189155929", "user_login": "shelbourne"}, "geometry": {"type": "Point", "coordinates": [-0.2693416667, 50.9094361111]}}, {"type": "Feature", "properties": {"id": 189511665, "common_name": "common puffball", "scientific_name": "Lycoperdon perlatum", "iconic_taxon_name": "Fungi", "image_url": "https://inaturalist-open-data.s3.amazonaws.com/photos/332006727/medium.jpeg", "observed_on": "2023-10-22T16:57:00+01:00", "place_guess": "Small Dole, Henfield BN5, UK", "quality_grade": "research", "url": "https://www.inaturalist.org/observations/189511665", "user_login": "shelbourne"}, "geometry": {"type": "Point", "coordinates": [-0.2726666667, 50.9009777778]}}, {"type": "Feature", "properties": {"id": 180534746, "common_name": "Brick Cap", "scientific_name": "Hypholoma lateritium", "iconic_taxon_name": "Fungi", "image_url": "https://inaturalist-open-data.s3.amazonaws.com/photos/314492275/medium.jpeg", "observed_on": "2023-08-27T17:17:00+01:00", "place_guess": "West Sussex, UK", "quality_grade": "research", "url": "https://www.inaturalist.org/observations/180534746", "user_login": "shelbourne"}, "geometry": {"type": "Point", "coordinates": [-0.2694916667, 50.9093694444]}}, {"type": "Feature", "properties": {"id": 59424364, "common_name": "chicken of the woods", "scientific_name": "Laetiporus sulphureus", "iconic_taxon_name": "Fungi", "image_url": "https://inaturalist-open-data.s3.amazonaws.com/photos/94950989/medium.jpg", "observed_on": "2020-09-13T07:55:06+02:00", "place_guess": "Great Britain, Burgess Hill, England, GB", "quality_grade": "research", "url": "https://www.inaturalist.org/observations/59424364", "user_login": "orangegailfish"}, "geometry": {"type": "Point", "coordinates": [-0.1333701801, 50.9677618914]}}, {"type": "Feature", "properties": {"id": 130921771, "common_name": "Dotted Ribbon Lichen", "scientific_name": "Ramalina fastigiata", "iconic_taxon_name": "Fungi", "image_url": "https://inaturalist-open-data.s3.amazonaws.com/photos/222720641/medium.jpg", "observed_on": "2022-08-15T11:32:00+01:00", "place_guess": "South Downs National Park, Brighton, England, GB", "quality_grade": "research", "url": "https://www.inaturalist.org/observations/130921771", "user_login": "carlsonator"}, "geometry": {"type": "Point", "coordinates": [-0.1900133333, 50.889205]}}, {"type": "Feature", "properties": {"id": 190007527, "common_name": "Yellow Shield", "scientific_name": "Pluteus chrysophaeus", "iconic_taxon_name": "Fungi", "image_url": "https://inaturalist-open-data.s3.amazonaws.com/photos/332983583/medium.jpeg", "observed_on": "2023-10-29T14:11:00+00:00", "place_guess": "Small Dole, Henfield BN5, UK", "quality_grade": "research", "url": "https://www.inaturalist.org/observations/190007527", "user_login": "shelbourne"}, "geometry": {"type": "Point", "coordinates": [-0.2708444444, 50.8988]}}, {"type": "Feature", "properties": {"id": 190120384, "common_name": "Fairy Fingers", "scientific_name": "Clavaria fragilis", "iconic_taxon_name": "Fungi", "image_url": "https://inaturalist-open-data.s3.amazonaws.com/photos/333215306/medium.jpg", "observed_on": "2023-11-05T13:32:10+00:00", "place_guess": "South Downs National Park, Brighton, England, GB", "quality_grade": "research", "url": "https://www.inaturalist.org/observations/190120384", "user_login": "cgul13"}, "geometry": {"type": "Point", "coordinates": [-0.202205, 50.88377]}}, {"type": "Feature", "properties": {"id": 199186553, "common_name": "Jelly Ear", "scientific_name": "Auricularia auricula-judae", "iconic_taxon_name": "Fungi", "image_url": "https://inaturalist-open-data.s3.amazonaws.com/photos/351228483/medium.jpeg", "observed_on": "2024-02-13T12:28:45+00:00", "place_guess": "Upper Beeding, UK", "quality_grade": "research", "url": "https://www.inaturalist.org/observations/199186553", "user_login": "alex_jarvis24"}, "geometry": {"type": "Point", "coordinates": [-0.2669764403, 50.8805513196]}}, {"type": "Feature", "properties": {"id": 140354866, "common_name": "turkey-tail", "scientific_name": "Trametes versicolor", "iconic_taxon_name": "Fungi", "image_url": "https://inaturalist-open-data.s3.amazonaws.com/photos/240244363/medium.jpeg", "observed_on": "2022-10-29T10:20:51+01:00", "place_guess": "West Sussex, England, GB", "quality_grade": "research", "url": "https://www.inaturalist.org/observations/140354866", "user_login": "ezh00"}, "geometry": {"type": "Point", "coordinates": [-0.123353, 50.968595]}}, {"type": "Feature", "properties": {"id": 144466752, "common_name": "Meadow Puffball", "scientific_name": "Lycoperdon pratense", "iconic_taxon_name": "Fungi", "image_url": "https://inaturalist-open-data.s3.amazonaws.com/photos/247954233/medium.jpeg", "observed_on": "2022-12-04T16:09:32+00:00", "place_guess": "Poynings, UK", "quality_grade": "research", "url": "https://www.inaturalist.org/observations/144466752", "user_login": "zoelda"}, "geometry": {"type": "Point", "coordinates": [-0.2058555556, 50.8860111111]}}, {"type": "Feature", "properties": {"id": 206062699, "common_name": "weeping widow", "scientific_name": "Lacrymaria lacrymabunda", "iconic_taxon_name": "Fungi", "image_url": "https://static.inaturalist.org/photos/364428110/medium.jpg", "observed_on": "2022-06-10T15:39:53+01:00", "place_guess": "South Downs National Park, Hassocks, England, GB", "quality_grade": "research", "url": "https://www.inaturalist.org/observations/206062699", "user_login": "andy_smith1"}, "geometry": {"type": "Point", "coordinates": [-0.1159388333, 50.920925]}}, {"type": "Feature", "properties": {"id": 325006972, "common_name": "weeping widow", "scientific_name": "Lacrymaria lacrymabunda", "iconic_taxon_name": "Fungi", "image_url": "https://inaturalist-open-data.s3.amazonaws.com/photos/588369592/medium.jpg", "observed_on": "2025-11-04T15:23:21+00:00", "place_guess": "Brighton Road, Henfield, England, GB", "quality_grade": "research", "url": "https://www.inaturalist.org/observations/325006972", "user_login": "genhen"}, "geometry": {"type": "Point", "coordinates": [-0.250155, 50.9207416667]}}, {"type": "Feature", "properties": {"id": 333183924, "common_name": "Dotted Ribbon Lichen", "scientific_name": "Ramalina fastigiata", "iconic_taxon_name": "Fungi", "image_url": "https://inaturalist-open-data.s3.amazonaws.com/photos/604831902/medium.jpg", "observed_on": "2026-01-02T11:56:00+00:00", "place_guess": "West Sussex, UK", "quality_grade": "research", "url": "https://www.inaturalist.org/observations/333183924", "user_login": "henrymillerplants"}, "geometry": {"type": "Point", "coordinates": [-0.268680179, 50.907881079]}}, {"type": "Feature", "properties": {"id": 268387879, "common_name": "King Alfred's Cakes", "scientific_name": "Daldinia concentrica", "iconic_taxon_name": "Fungi", "image_url": "https://inaturalist-open-data.s3.amazonaws.com/photos/482406592/medium.jpeg", "observed_on": "2025-04-02T09:27:00+01:00", "place_guess": "West Sussex, UK", "quality_grade": "research", "url": "https://www.inaturalist.org/observations/268387879", "user_login": "henrymillerplants"}, "geometry": {"type": "Point", "coordinates": [-0.2065873472, 50.9074592416]}}, {"type": "Feature", "properties": {"id": 326321413, "common_name": "Magpie Inkcap", "scientific_name": "Coprinopsis picacea", "iconic_taxon_name": "Fungi", "image_url": "https://inaturalist-open-data.s3.amazonaws.com/photos/590983611/medium.jpg", "observed_on": "2025-11-13T10:16:38+00:00", "place_guess": "Wheatsheaf Road, Henfield, England, GB", "quality_grade": "research", "url": "https://www.inaturalist.org/observations/326321413", "user_login": "taylorliz"}, "geometry": {"type": "Point", "coordinates": [-0.2477716667, 50.94793]}}, {"type": "Feature", "properties": {"id": 326651472, "common_name": "Snowy Waxcap", "scientific_name": "Cuphophyllus virgineus", "iconic_taxon_name": "Fungi", "image_url": "https://inaturalist-open-data.s3.amazonaws.com/photos/591641905/medium.jpg", "observed_on": "2025-10-23T16:55:36+01:00", "place_guess": "Henfield, England, GB", "quality_grade": "research", "url": "https://www.inaturalist.org/observations/326651472", "user_login": "supermule"}, "geometry": {"type": "Point", "coordinates": [-0.2259866667, 50.8864383333]}}, {"type": "Feature", "properties": {"id": 242475601, "common_name": "Orange-latex Milky", "scientific_name": "Lactarius deterrimus", "iconic_taxon_name": "Fungi", "image_url": "https://inaturalist-open-data.s3.amazonaws.com/photos/432274971/medium.jpeg", "observed_on": "2024-09-18T13:57:22+01:00", "place_guess": "Church Ter, Henfield, England, GB", "quality_grade": "research", "url": "https://www.inaturalist.org/observations/242475601", "user_login": "fletma"}, "geometry": {"type": "Point", "coordinates": [-0.2758862358, 50.9325365536]}}, {"type": "Feature", "properties": {"id": 245745965, "common_name": "Parrot Mushroom", "scientific_name": "Gliophorus psittacinus", "iconic_taxon_name": "Fungi", "image_url": "https://inaturalist-open-data.s3.amazonaws.com/photos/438581714/medium.jpeg", "observed_on": "2024-09-29T22:53:00+01:00", "place_guess": "Henfield BN5, UK", "quality_grade": "research", "url": "https://www.inaturalist.org/observations/245745965", "user_login": "gsmithhenfield"}, "geometry": {"type": "Point", "coordinates": [-0.2770642121, 50.9307055645]}}, {"type": "Feature", "properties": {"id": 245744995, "common_name": "Brown-haired White Cup", "scientific_name": "Humaria hemisphaerica", "iconic_taxon_name": "Fungi", "image_url": "https://inaturalist-open-data.s3.amazonaws.com/photos/438579901/medium.jpeg", "observed_on": "2024-10-02T13:25:00+01:00", "place_guess": "Small Dole, Henfield BN5, UK", "quality_grade": "research", "url": "https://www.inaturalist.org/observations/245744995", "user_login": "shelbourne"}, "geometry": {"type": "Point", "coordinates": [-0.2724392997, 50.9007501997]}}, {"type": "Feature", "properties": {"id": 250021262, "common_name": "holly parachute", "scientific_name": "Marasmius hudsonii", "iconic_taxon_name": "Fungi", "image_url": "https://inaturalist-open-data.s3.amazonaws.com/photos/447054631/medium.jpeg", "observed_on": "2024-10-25T14:04:05+01:00", "place_guess": "Woods Mill Nature Reserve - Sussex Wildlife Trust, Wood's Mill, Henfield BN5 9SD, UK", "quality_grade": "research", "url": "https://www.inaturalist.org/observations/250021262", "user_login": "shelbourne"}, "geometry": {"type": "Point", "coordinates": [-0.2695901692, 50.9092442176]}}, {"type": "Feature", "properties": {"id": 249377283, "common_name": "common stinkhorn", "scientific_name": "Phallus impudicus", "iconic_taxon_name": "Fungi", "image_url": "https://inaturalist-open-data.s3.amazonaws.com/photos/445771301/medium.jpeg", "observed_on": "2024-10-27T10:04:09+00:00", "place_guess": "South Downs National Park, Brighton, England, GB", "quality_grade": "research", "url": "https://www.inaturalist.org/observations/249377283", "user_login": "cgul13"}, "geometry": {"type": "Point", "coordinates": [-0.2055333333, 50.88257]}}, {"type": "Feature", "properties": {"id": 307551467, "common_name": "oak bracket", "scientific_name": "Pseudoinonotus dryadeus", "iconic_taxon_name": "Fungi", "image_url": "https://inaturalist-open-data.s3.amazonaws.com/photos/554753031/medium.jpg", "observed_on": "2025-08-19T16:03:32+01:00", "place_guess": "Welbeck Drive, Burgess Hill RH15 0QJ, UK", "quality_grade": "research", "url": "https://www.inaturalist.org/observations/307551467", "user_login": "djgwild"}, "geometry": {"type": "Point", "coordinates": [-0.1155277778, 50.9653833333]}}, {"type": "Feature", "properties": {"id": 249166769, "common_name": "White Saddle", "scientific_name": "Helvella crispa", "iconic_taxon_name": "Fungi", "image_url": "https://inaturalist-open-data.s3.amazonaws.com/photos/445354707/medium.jpeg", "observed_on": "2024-10-26T15:13:22+01:00", "place_guess": "Batts Drive, Henfield, England, GB", "quality_grade": "research", "url": "https://www.inaturalist.org/observations/249166769", "user_login": "jack2021562"}, "geometry": {"type": "Point", "coordinates": [-0.27967, 50.9311533333]}}, {"type": "Feature", "properties": {"id": 101933127, "common_name": "Purple Jellydisc", "scientific_name": "Ascocoryne sarcoides", "iconic_taxon_name": "Fungi", "image_url": "https://inaturalist-open-data.s3.amazonaws.com/photos/170301664/medium.jpg", "observed_on": "2021-11-26T11:36:30+00:00", "place_guess": "Ansty and Staplefield CP, Burgess Hill, England, GB", "quality_grade": "research", "url": "https://www.inaturalist.org/observations/101933127", "user_login": "bocook"}, "geometry": {"type": "Point", "coordinates": [-0.125151703, 50.9687272152]}}, {"type": "Feature", "properties": {"id": 337806688, "common_name": "Flammulina", "scientific_name": "Flammulina", "iconic_taxon_name": "Fungi", "image_url": "https://static.inaturalist.org/photos/618738773/medium.jpg", "observed_on": "2026-02-08T14:09:25+00:00", "place_guess": "Pyecombe, Brighton BN45 7ED, UK", "quality_grade": "research", "url": "https://www.inaturalist.org/observations/337806688", "user_login": "david-jay"}, "geometry": {"type": "Point", "coordinates": [-0.1907143767, 50.8979978797]}}, {"type": "Feature", "properties": {"id": 205878884, "common_name": "Sulphur Tuft", "scientific_name": "Hypholoma fasciculare", "iconic_taxon_name": "Fungi", "image_url": "https://static.inaturalist.org/photos/364081198/medium.jpeg", "observed_on": "2024-04-07T15:56:28+01:00", "place_guess": "Clayton, UK", "quality_grade": "research", "url": "https://www.inaturalist.org/observations/205878884", "user_login": "isabelnegri"}, "geometry": {"type": "Point", "coordinates": [-0.1463350058, 50.9199180603]}}, {"type": "Feature", "properties": {"id": 115634575, "common_name": "King Alfred's Cakes", "scientific_name": "Daldinia concentrica", "iconic_taxon_name": "Fungi", "image_url": "https://static.inaturalist.org/photos/195149182/medium.jpeg", "observed_on": "2022-05-02T08:59:00+01:00", "place_guess": "West Sussex, UK", "quality_grade": "research", "url": "https://www.inaturalist.org/observations/115634575", "user_login": "elizabeth_morris"}, "geometry": {"type": "Point", "coordinates": [-0.2209961233, 50.9080305304]}}, {"type": "Feature", "properties": {"id": 30982856, "common_name": "Jelly Ear", "scientific_name": "Auricularia auricula-judae", "iconic_taxon_name": "Fungi", "image_url": "https://inaturalist-open-data.s3.amazonaws.com/photos/48444856/medium.jpeg", "observed_on": "2019-08-17T10:13:05+01:00", "place_guess": "Henfield, UK", "quality_grade": "research", "url": "https://www.inaturalist.org/observations/30982856", "user_login": "crabbycrabby"}, "geometry": {"type": "Point", "coordinates": [-0.2675620019, 50.9085578918]}}, {"type": "Feature", "properties": {"id": 233245078, "common_name": "Oakmoss", "scientific_name": "Evernia prunastri", "iconic_taxon_name": "Fungi", "image_url": "https://inaturalist-open-data.s3.amazonaws.com/photos/414500519/medium.jpeg", "observed_on": "2024-07-31T18:02:45+01:00", "place_guess": "Shepherds/Brighton Rd, Horsham RH13 8HG, UK", "quality_grade": "research", "url": "https://www.inaturalist.org/observations/233245078", "user_login": "sim_elliott"}, "geometry": {"type": "Point", "coordinates": [-0.2762465, 50.9579402997]}}, {"type": "Feature", "properties": {"id": 233246316, "common_name": "common greenshield lichen", "scientific_name": "Flavoparmelia caperata", "iconic_taxon_name": "Fungi", "image_url": "https://inaturalist-open-data.s3.amazonaws.com/photos/414502824/medium.jpeg", "observed_on": "2024-07-31T17:36:45+01:00", "place_guess": "Horsham RH13 8HD, UK", "quality_grade": "research", "url": "https://www.inaturalist.org/observations/233246316", "user_login": "sim_elliott"}, "geometry": {"type": "Point", "coordinates": [-0.2725157, 50.9563242997]}}, {"type": "Feature", "properties": {"id": 174660574, "common_name": "Pyronema omphalodes", "scientific_name": "Pyronema omphalodes", "iconic_taxon_name": "Fungi", "image_url": "https://inaturalist-open-data.s3.amazonaws.com/photos/303460165/medium.jpg", "observed_on": "2023-05-13T17:56:05+01:00", "place_guess": "South Downs National Park, Henfield, England, GB", "quality_grade": "research", "url": "https://www.inaturalist.org/observations/174660574", "user_login": "shelbourne"}, "geometry": {"type": "Point", "coordinates": [-0.2707122725, 50.898156663]}}, {"type": "Feature", "properties": {"id": 242044402, "common_name": "Amethyst Deceiver", "scientific_name": "Laccaria amethystina", "iconic_taxon_name": "Fungi", "image_url": "https://inaturalist-open-data.s3.amazonaws.com/photos/431468153/medium.jpeg", "observed_on": "2024-09-15T13:18:40+01:00", "place_guess": "South Downs National Park, Brighton, England, GB", "quality_grade": "research", "url": "https://www.inaturalist.org/observations/242044402", "user_login": "cgul13"}, "geometry": {"type": "Point", "coordinates": [-0.1988883333, 50.8857616667]}}, {"type": "Feature", "properties": {"id": 250789033, "common_name": "Pear-shaped Puffball", "scientific_name": "Apioperdon pyriforme", "iconic_taxon_name": "Fungi", "image_url": "https://static.inaturalist.org/photos/448608497/medium.jpeg", "observed_on": "2024-11-07T13:46:55+00:00", "place_guess": "Henfield BN5, UK", "quality_grade": "research", "url": "https://www.inaturalist.org/observations/250789033", "user_login": "elizabeth_morris"}, "geometry": {"type": "Point", "coordinates": [-0.2769416667, 50.9321666667]}}, {"type": "Feature", "properties": {"id": 244842327, "common_name": "Parrot Mushroom", "scientific_name": "Gliophorus psittacinus", "iconic_taxon_name": "Fungi", "image_url": "https://inaturalist-open-data.s3.amazonaws.com/photos/436809356/medium.jpeg", "observed_on": "2024-09-29T13:34:27+01:00", "place_guess": "South Downs National Park, Brighton, England, GB", "quality_grade": "research", "url": "https://www.inaturalist.org/observations/244842327", "user_login": "cgul13"}, "geometry": {"type": "Point", "coordinates": [-0.1995383333, 50.8854966667]}}, {"type": "Feature", "properties": {"id": 198477780, "common_name": "birch polypore", "scientific_name": "Fomitopsis betulina", "iconic_taxon_name": "Fungi", "image_url": "https://inaturalist-open-data.s3.amazonaws.com/photos/349836361/medium.jpg", "observed_on": "2024-02-05T10:40:51+00:00", "place_guess": "South Downs National Park, Hassocks, England, GB", "quality_grade": "research", "url": "https://www.inaturalist.org/observations/198477780", "user_login": "greencatjj"}, "geometry": {"type": "Point", "coordinates": [-0.1478493644, 50.9203694326]}}, {"type": "Feature", "properties": {"id": 141868048, "common_name": "Conifer Mazegill", "scientific_name": "Gloeophyllum sepiarium", "iconic_taxon_name": "Fungi", "image_url": "https://inaturalist-open-data.s3.amazonaws.com/photos/243135008/medium.jpeg", "observed_on": "2022-11-13T08:42:47+00:00", "place_guess": "Nurseries, Hassocks BN6 9PF, UK", "quality_grade": "research", "url": "https://www.inaturalist.org/observations/141868048", "user_login": "hazelstill"}, "geometry": {"type": "Point", "coordinates": [-0.1514610741, 50.9206187446]}}, {"type": "Feature", "properties": {"id": 138848713, "common_name": "Common Ink Cap", "scientific_name": "Coprinopsis atramentaria", "iconic_taxon_name": "Fungi", "image_url": "https://inaturalist-open-data.s3.amazonaws.com/photos/237373134/medium.jpg", "observed_on": "2022-10-15T10:17:54+01:00", "place_guess": "South Downs National Park, Hassocks, England, GB", "quality_grade": "research", "url": "https://www.inaturalist.org/observations/138848713", "user_login": "carolinerm"}, "geometry": {"type": "Point", "coordinates": [-0.1589916667, 50.9173166667]}}, {"type": "Feature", "properties": {"id": 139972027, "common_name": "Candlesnuff Fungus", "scientific_name": "Xylaria hypoxylon", "iconic_taxon_name": "Fungi", "image_url": "https://inaturalist-open-data.s3.amazonaws.com/photos/239514392/medium.jpg", "observed_on": "2022-10-22T15:28:26+01:00", "place_guess": "Woodmancote, Henfield, England, GB", "quality_grade": "research", "url": "https://www.inaturalist.org/observations/139972027", "user_login": "mazzab"}, "geometry": {"type": "Point", "coordinates": [-0.2399498961, 50.9396979829]}}, {"type": "Feature", "properties": {"id": 311987420, "common_name": "frosty bonnet", "scientific_name": "Mycena tenerrima", "iconic_taxon_name": "Fungi", "image_url": "https://inaturalist-open-data.s3.amazonaws.com/photos/563241044/medium.jpg", "observed_on": "2025-09-06T17:33:59+01:00", "place_guess": "Wood's Mill, Henfield BN5 9SD, UK", "quality_grade": "research", "url": "https://www.inaturalist.org/observations/311987420", "user_login": "shelbourne"}, "geometry": {"type": "Point", "coordinates": [-0.2691986, 50.9099278997]}}, {"type": "Feature", "properties": {"id": 321068636, "common_name": "rooting shank", "scientific_name": "Oudemansiella radicata", "iconic_taxon_name": "Fungi", "image_url": "https://inaturalist-open-data.s3.amazonaws.com/photos/580600698/medium.jpg", "observed_on": "2025-10-12T15:24:59+01:00", "place_guess": "Church Lane, Henfield, England, GB", "quality_grade": "research", "url": "https://www.inaturalist.org/observations/321068636", "user_login": "genhen"}, "geometry": {"type": "Point", "coordinates": [-0.2770014298, 50.9319540722]}}, {"type": "Feature", "properties": {"id": 321621686, "common_name": "Sulphur Tuft", "scientific_name": "Hypholoma fasciculare", "iconic_taxon_name": "Fungi", "image_url": "https://inaturalist-open-data.s3.amazonaws.com/photos/581678328/medium.jpg", "observed_on": "2025-10-18T14:33:50+01:00", "place_guess": "Shoreham Road, Henfield, England, GB", "quality_grade": "research", "url": "https://www.inaturalist.org/observations/321621686", "user_login": "lozzism"}, "geometry": {"type": "Point", "coordinates": [-0.2696118472, 50.9091088327]}}, {"type": "Feature", "properties": {"id": 262539024, "common_name": "hairy curtain crust", "scientific_name": "Stereum hirsutum", "iconic_taxon_name": "Fungi", "image_url": "https://inaturalist-open-data.s3.amazonaws.com/photos/471575633/medium.jpg", "observed_on": "2025-02-21T12:32:31+00:00", "place_guess": "South Downs National Park, Brighton, England, GB", "quality_grade": "research", "url": "https://www.inaturalist.org/observations/262539024", "user_login": "dave_shenton"}, "geometry": {"type": "Point", "coordinates": [-0.2122416667, 50.8840866667]}}, {"type": "Feature", "properties": {"id": 200379822, "common_name": "Elf Cups", "scientific_name": "Sarcoscypha", "iconic_taxon_name": "Fungi", "image_url": "https://static.inaturalist.org/photos/353524449/medium.jpeg", "observed_on": "2024-02-25T10:41:48+00:00", "place_guess": "West Sussex", "quality_grade": "research", "url": "https://www.inaturalist.org/observations/200379822", "user_login": "steve56540"}, "geometry": {"type": "Point", "coordinates": [-0.2703365088, 50.9300880432]}}, {"type": "Feature", "properties": {"id": 257944233, "common_name": "Elf Cups", "scientific_name": "Sarcoscypha", "iconic_taxon_name": "Fungi", "image_url": "https://inaturalist-open-data.s3.amazonaws.com/photos/462747280/medium.jpg", "observed_on": "2025-01-09T15:27:46+00:00", "place_guess": "Henfield Common, Henfield, England, GB", "quality_grade": "research", "url": "https://www.inaturalist.org/observations/257944233", "user_login": "jack2021562"}, "geometry": {"type": "Point", "coordinates": [-0.265925, 50.9283033333]}}, {"type": "Feature", "properties": {"id": 196443148, "common_name": "Flammulina", "scientific_name": "Flammulina", "iconic_taxon_name": "Fungi", "image_url": "https://inaturalist-open-data.s3.amazonaws.com/photos/345855788/medium.jpeg", "observed_on": "2024-01-11T14:47:00+00:00", "place_guess": "West Sussex, UK", "quality_grade": "research", "url": "https://www.inaturalist.org/observations/196443148", "user_login": "liziom"}, "geometry": {"type": "Point", "coordinates": [-0.2677194444, 50.9088527778]}}, {"type": "Feature", "properties": {"id": 162392470, "common_name": "clustered bonnet", "scientific_name": "Mycena inclinata", "iconic_taxon_name": "Fungi", "image_url": "https://inaturalist-open-data.s3.amazonaws.com/photos/280787870/medium.jpeg", "observed_on": "2021-10-31T13:58:24+00:00", "place_guess": "Henfield BN5 9QY, UK", "quality_grade": "research", "url": "https://www.inaturalist.org/observations/162392470", "user_login": "millyrudling"}, "geometry": {"type": "Point", "coordinates": [-0.2872858047, 50.9293632506]}}, {"type": "Feature", "properties": {"id": 162392805, "common_name": "Shaggy Mane", "scientific_name": "Coprinus comatus", "iconic_taxon_name": "Fungi", "image_url": "https://inaturalist-open-data.s3.amazonaws.com/photos/280788570/medium.jpeg", "observed_on": "2021-10-17", "place_guess": "Henfield BN5 9QY, UK", "quality_grade": "research", "url": "https://www.inaturalist.org/observations/162392805", "user_login": "millyrudling"}, "geometry": {"type": "Point", "coordinates": [-0.2872049063, 50.9294183683]}}, {"type": "Feature", "properties": {"id": 100520971, "common_name": "Sulphur Tuft", "scientific_name": "Hypholoma fasciculare", "iconic_taxon_name": "Fungi", "image_url": "https://static.inaturalist.org/photos/167774855/medium.jpeg", "observed_on": "2021-11-07T13:53:00+00:00", "place_guess": "East Sussex, UK", "quality_grade": "research", "url": "https://www.inaturalist.org/observations/100520971", "user_login": "elizabeth_morris"}, "geometry": {"type": "Point", "coordinates": [-0.110675605, 50.8846789669]}}, {"type": "Feature", "properties": {"id": 100520980, "common_name": "Sulphur Tuft", "scientific_name": "Hypholoma fasciculare", "iconic_taxon_name": "Fungi", "image_url": "https://static.inaturalist.org/photos/167776139/medium.jpeg", "observed_on": "2021-11-07T14:01:00+00:00", "place_guess": "East Sussex, UK", "quality_grade": "research", "url": "https://www.inaturalist.org/observations/100520980", "user_login": "elizabeth_morris"}, "geometry": {"type": "Point", "coordinates": [-0.1108472663, 50.884787265]}}, {"type": "Feature", "properties": {"id": 38971781, "common_name": "scaly pelt lichen", "scientific_name": "Peltigera praetextata", "iconic_taxon_name": "Fungi", "image_url": "https://static.inaturalist.org/photos/61892815/medium.jpeg", "observed_on": "2020-02-21T13:52:13+00:00", "place_guess": "Steyning BN44 3AB, UK", "quality_grade": "research", "url": "https://www.inaturalist.org/observations/38971781", "user_login": "nick465"}, "geometry": {"type": "Point", "coordinates": [-0.3366632, 50.8999591]}}, {"type": "Feature", "properties": {"id": 103879396, "common_name": "Salad Burnet Rust", "scientific_name": "Phragmidium sanguisorbae", "iconic_taxon_name": "Fungi", "image_url": "https://static.inaturalist.org/photos/173971412/medium.jpeg", "observed_on": "2021-12-10T15:33:00+00:00", "place_guess": "West Sussex, UK", "quality_grade": "research", "url": "https://www.inaturalist.org/observations/103879396", "user_login": "elizabeth_morris"}, "geometry": {"type": "Point", "coordinates": [-0.1994151371, 50.8911418394]}}, {"type": "Feature", "properties": {"id": 103973064, "common_name": "King Alfred's Cakes", "scientific_name": "Daldinia concentrica", "iconic_taxon_name": "Fungi", "image_url": "https://static.inaturalist.org/photos/174145139/medium.jpeg", "observed_on": "2021-12-15T09:46:00+00:00", "place_guess": "West Sussex, UK", "quality_grade": "research", "url": "https://www.inaturalist.org/observations/103973064", "user_login": "elizabeth_morris"}, "geometry": {"type": "Point", "coordinates": [-0.274574432, 50.9489783042]}}, {"type": "Feature", "properties": {"id": 101932959, "common_name": "Candlesnuff Fungus", "scientific_name": "Xylaria hypoxylon", "iconic_taxon_name": "Fungi", "image_url": "https://inaturalist-open-data.s3.amazonaws.com/photos/170298535/medium.jpg", "observed_on": "2021-11-26T11:33:42+00:00", "place_guess": "Ansty and Staplefield CP, Burgess Hill, England, GB", "quality_grade": "research", "url": "https://www.inaturalist.org/observations/101932959", "user_login": "bocook"}, "geometry": {"type": "Point", "coordinates": [-0.1252998415, 50.9687989475]}}, {"type": "Feature", "properties": {"id": 242519613, "common_name": "fluted bird's nest fungus", "scientific_name": "Cyathus striatus", "iconic_taxon_name": "Fungi", "image_url": "https://inaturalist-open-data.s3.amazonaws.com/photos/432346381/medium.jpeg", "observed_on": "2024-09-18T14:15:22+01:00", "place_guess": "Henfield BN5 9YQ, UK", "quality_grade": "research", "url": "https://www.inaturalist.org/observations/242519613", "user_login": "shelbourne"}, "geometry": {"type": "Point", "coordinates": [-0.2706569722, 50.9087379722]}}, {"type": "Feature", "properties": {"id": 337529232, "common_name": "witch's butter", "scientific_name": "Tremella mesenterica", "iconic_taxon_name": "Fungi", "image_url": "https://inaturalist-open-data.s3.amazonaws.com/photos/613606210/medium.jpg", "observed_on": "2026-02-02T15:23:29+00:00", "place_guess": "Saint Martha Bridleway, Henfield, England, GB", "quality_grade": "research", "url": "https://www.inaturalist.org/observations/337529232", "user_login": "taylorliz"}, "geometry": {"type": "Point", "coordinates": [-0.2836283333, 50.9279633333]}}, {"type": "Feature", "properties": {"id": 329253542, "common_name": "birch polypore", "scientific_name": "Fomitopsis betulina", "iconic_taxon_name": "Fungi", "image_url": "https://inaturalist-open-data.s3.amazonaws.com/photos/596784745/medium.jpg", "observed_on": "2025-11-29T15:16:00+00:00", "place_guess": "St Nicholas Church, Castle Lane, Bramber, Steyning, West Sussex, UK", "quality_grade": "research", "url": "https://www.inaturalist.org/observations/329253542", "user_login": "steve_mcwilliam"}, "geometry": {"type": "Point", "coordinates": [-0.3154206847, 50.8827207441]}}, {"type": "Feature", "properties": {"id": 318160024, "common_name": "hare's foot inkcap", "scientific_name": "Coprinopsis lagopus", "iconic_taxon_name": "Fungi", "image_url": "https://inaturalist-open-data.s3.amazonaws.com/photos/574991435/medium.jpg", "observed_on": "2025-10-02T09:43:40+01:00", "place_guess": "Church Lane, Henfield, England, GB", "quality_grade": "research", "url": "https://www.inaturalist.org/observations/318160024", "user_login": "genhen"}, "geometry": {"type": "Point", "coordinates": [-0.276805, 50.9318866667]}}, {"type": "Feature", "properties": {"id": 245073680, "common_name": "Fairy Fingers", "scientific_name": "Clavaria fragilis", "iconic_taxon_name": "Fungi", "image_url": "https://static.inaturalist.org/photos/437258525/medium.jpeg", "observed_on": "2024-10-01T15:09:10+01:00", "place_guess": "Henfield BN5, UK", "quality_grade": "research", "url": "https://www.inaturalist.org/observations/245073680", "user_login": "edward19516"}, "geometry": {"type": "Point", "coordinates": [-0.2768699, 50.9271632]}}, {"type": "Feature", "properties": {"id": 326804682, "common_name": "Parrot Mushroom", "scientific_name": "Gliophorus psittacinus", "iconic_taxon_name": "Fungi", "image_url": "https://inaturalist-open-data.s3.amazonaws.com/photos/591950049/medium.jpg", "observed_on": "2025-11-16T11:52:41+00:00", "place_guess": "South Downs National Park, Brighton, England, GB", "quality_grade": "research", "url": "https://www.inaturalist.org/observations/326804682", "user_login": "cgul13"}, "geometry": {"type": "Point", "coordinates": [-0.2082466667, 50.882345]}}, {"type": "Feature", "properties": {"id": 191811434, "common_name": "Yellowing Knight", "scientific_name": "Tricholoma scalpturatum", "iconic_taxon_name": "Fungi", "image_url": "https://inaturalist-open-data.s3.amazonaws.com/photos/336585781/medium.jpeg", "observed_on": "2023-11-22T13:27:00+00:00", "place_guess": "Small Dole, Henfield BN5, UK", "quality_grade": "research", "url": "https://www.inaturalist.org/observations/191811434", "user_login": "shelbourne"}, "geometry": {"type": "Point", "coordinates": [-0.2727694444, 50.90075]}}, {"type": "Feature", "properties": {"id": 192324587, "common_name": "birch polypore", "scientific_name": "Fomitopsis betulina", "iconic_taxon_name": "Fungi", "image_url": "https://inaturalist-open-data.s3.amazonaws.com/photos/337597454/medium.jpeg", "observed_on": "2023-11-27T11:36:44+00:00", "place_guess": "Lag Wood, Clayton, Hassocks BN6 9PQ, UK", "quality_grade": "research", "url": "https://www.inaturalist.org/observations/192324587", "user_login": "sim_elliott"}, "geometry": {"type": "Point", "coordinates": [-0.1543296, 50.9110815]}}, {"type": "Feature", "properties": {"id": 189660271, "common_name": "deceiver", "scientific_name": "Laccaria laccata", "iconic_taxon_name": "Fungi", "image_url": "https://inaturalist-open-data.s3.amazonaws.com/photos/332306523/medium.jpeg", "observed_on": "2023-10-25T15:41:00+01:00", "place_guess": "Small Dole, Henfield BN5, UK", "quality_grade": "research", "url": "https://www.inaturalist.org/observations/189660271", "user_login": "shelbourne"}, "geometry": {"type": "Point", "coordinates": [-0.2723361111, 50.9013777778]}}, {"type": "Feature", "properties": {"id": 62901578, "common_name": "Candlesnuff Fungus", "scientific_name": "Xylaria hypoxylon", "iconic_taxon_name": "Fungi", "image_url": "https://static.inaturalist.org/photos/100864364/medium.jpeg", "observed_on": "2020-10-18T16:12:44+02:00", "place_guess": "Ditchling, Hassocks BN6 8XD, UK", "quality_grade": "research", "url": "https://www.inaturalist.org/observations/62901578", "user_login": "elizabeth_morris"}, "geometry": {"type": "Point", "coordinates": [-0.1142017543, 50.9078332555]}}, {"type": "Feature", "properties": {"id": 62632674, "common_name": "Parasol", "scientific_name": "Macrolepiota procera", "iconic_taxon_name": "Fungi", "image_url": "https://inaturalist-open-data.s3.amazonaws.com/photos/100396064/medium.jpg", "observed_on": "2020-10-15T12:52:45+02:00", "place_guess": "Horn Lane, Henfield, England, GB", "quality_grade": "research", "url": "https://www.inaturalist.org/observations/62632674", "user_login": "sparkynature"}, "geometry": {"type": "Point", "coordinates": [-0.25915, 50.9127966667]}}, {"type": "Feature", "properties": {"id": 62550382, "common_name": "Honey Mushroom", "scientific_name": "Armillaria mellea", "iconic_taxon_name": "Fungi", "image_url": "https://inaturalist-open-data.s3.amazonaws.com/photos/100239765/medium.jpg", "observed_on": "2020-10-04T12:27:22+02:00", "place_guess": "South Downs National Park, Brighton, England, GB", "quality_grade": "research", "url": "https://www.inaturalist.org/observations/62550382", "user_login": "dannibaxter"}, "geometry": {"type": "Point", "coordinates": [-0.20870833, 50.890105]}}, {"type": "Feature", "properties": {"id": 101932959, "common_name": "Candlesnuff Fungus", "scientific_name": "Xylaria hypoxylon", "iconic_taxon_name": "Fungi", "image_url": "https://inaturalist-open-data.s3.amazonaws.com/photos/170298535/medium.jpg", "observed_on": "2021-11-26T11:33:42+00:00", "place_guess": "Ansty and Staplefield CP, Burgess Hill, England, GB", "quality_grade": "research", "url": "https://www.inaturalist.org/observations/101932959", "user_login": "bocook"}, "geometry": {"type": "Point", "coordinates": [-0.1252998415, 50.9687989475]}}, {"type": "Feature", "properties": {"id": 100520971, "common_name": "Sulphur Tuft", "scientific_name": "Hypholoma fasciculare", "iconic_taxon_name": "Fungi", "image_url": "https://static.inaturalist.org/photos/167774855/medium.jpeg", "observed_on": "2021-11-07T13:53:00+00:00", "place_guess": "East Sussex, UK", "quality_grade": "research", "url": "https://www.inaturalist.org/observations/100520971", "user_login": "elizabeth_morris"}, "geometry": {"type": "Point", "coordinates": [-0.110675605, 50.8846789669]}}, {"type": "Feature", "properties": {"id": 100520980, "common_name": "Sulphur Tuft", "scientific_name": "Hypholoma fasciculare", "iconic_taxon_name": "Fungi", "image_url": "https://static.inaturalist.org/photos/167776139/medium.jpeg", "observed_on": "2021-11-07T14:01:00+00:00", "place_guess": "East Sussex, UK", "quality_grade": "research", "url": "https://www.inaturalist.org/observations/100520980", "user_login": "elizabeth_morris"}, "geometry": {"type": "Point", "coordinates": [-0.1108472663, 50.884787265]}}, {"type": "Feature", "properties": {"id": 337529232, "common_name": "witch's butter", "scientific_name": "Tremella mesenterica", "iconic_taxon_name": "Fungi", "image_url": "https://inaturalist-open-data.s3.amazonaws.com/photos/613606210/medium.jpg", "observed_on": "2026-02-02T15:23:29+00:00", "place_guess": "Saint Martha Bridleway, Henfield, England, GB", "quality_grade": "research", "url": "https://www.inaturalist.org/observations/337529232", "user_login": "taylorliz"}, "geometry": {"type": "Point", "coordinates": [-0.2836283333, 50.9279633333]}}, {"type": "Feature", "properties": {"id": 174660574, "common_name": "Pyronema omphalodes", "scientific_name": "Pyronema omphalodes", "iconic_taxon_name": "Fungi", "image_url": "https://inaturalist-open-data.s3.amazonaws.com/photos/303460165/medium.jpg", "observed_on": "2023-05-13T17:56:05+01:00", "place_guess": "South Downs National Park, Henfield, England, GB", "quality_grade": "research", "url": "https://www.inaturalist.org/observations/174660574", "user_login": "shelbourne"}, "geometry": {"type": "Point", "coordinates": [-0.2707122725, 50.898156663]}}, {"type": "Feature", "properties": {"id": 141868048, "common_name": "Conifer Mazegill", "scientific_name": "Gloeophyllum sepiarium", "iconic_taxon_name": "Fungi", "image_url": "https://inaturalist-open-data.s3.amazonaws.com/photos/243135008/medium.jpeg", "observed_on": "2022-11-13T08:42:47+00:00", "place_guess": "Nurseries, Hassocks BN6 9PF, UK", "quality_grade": "research", "url": "https://www.inaturalist.org/observations/141868048", "user_login": "hazelstill"}, "geometry": {"type": "Point", "coordinates": [-0.1514610741, 50.9206187446]}}, {"type": "Feature", "properties": {"id": 205878884, "common_name": "Sulphur Tuft", "scientific_name": "Hypholoma fasciculare", "iconic_taxon_name": "Fungi", "image_url": "https://static.inaturalist.org/photos/364081198/medium.jpeg", "observed_on": "2024-04-07T15:56:28+01:00", "place_guess": "Clayton, UK", "quality_grade": "research", "url": "https://www.inaturalist.org/observations/205878884", "user_login": "isabelnegri"}, "geometry": {"type": "Point", "coordinates": [-0.1463350058, 50.9199180603]}}, {"type": "Feature", "properties": {"id": 139972027, "common_name": "Candlesnuff Fungus", "scientific_name": "Xylaria hypoxylon", "iconic_taxon_name": "Fungi", "image_url": "https://inaturalist-open-data.s3.amazonaws.com/photos/239514392/medium.jpg", "observed_on": "2022-10-22T15:28:26+01:00", "place_guess": "Woodmancote, Henfield, England, GB", "quality_grade": "research", "url": "https://www.inaturalist.org/observations/139972027", "user_login": "mazzab"}, "geometry": {"type": "Point", "coordinates": [-0.2399498961, 50.9396979829]}}, {"type": "Feature", "properties": {"id": 198477780, "common_name": "birch polypore", "scientific_name": "Fomitopsis betulina", "iconic_taxon_name": "Fungi", "image_url": "https://inaturalist-open-data.s3.amazonaws.com/photos/349836361/medium.jpg", "observed_on": "2024-02-05T10:40:51+00:00", "place_guess": "South Downs National Park, Hassocks, England, GB", "quality_grade": "research", "url": "https://www.inaturalist.org/observations/198477780", "user_login": "greencatjj"}, "geometry": {"type": "Point", "coordinates": [-0.1478493644, 50.9203694326]}}, {"type": "Feature", "properties": {"id": 351770342, "common_name": "Birch Witch's-broom", "scientific_name": "Taphrina betulina", "iconic_taxon_name": "Fungi", "image_url": "https://inaturalist-open-data.s3.amazonaws.com/photos/641981002/medium.jpg", "observed_on": "2026-04-15T13:15:48+01:00", "place_guess": "Coopers Close, Burgess Hill, England, GB", "quality_grade": "research", "url": "https://www.inaturalist.org/observations/351770342", "user_login": "iamjoeg18"}, "geometry": {"type": "Point", "coordinates": [-0.1230488531, 50.9686416016]}}, {"type": "Feature", "properties": {"id": 219286004, "common_name": "Pocket Plum", "scientific_name": "Taphrina pruni", "iconic_taxon_name": "Fungi", "image_url": "https://inaturalist-open-data.s3.amazonaws.com/photos/388127051/medium.jpeg", "observed_on": "2024-05-29T17:04:48+01:00", "place_guess": "West Grinstead, UK", "quality_grade": "research", "url": "https://www.inaturalist.org/observations/219286004", "user_login": "tabubua"}, "geometry": {"type": "Point", "coordinates": [-0.3594367, 50.9683398997]}}, {"type": "Feature", "properties": {"id": 35127003, "common_name": "artist's bracket", "scientific_name": "Ganoderma applanatum", "iconic_taxon_name": "Fungi", "image_url": "https://inaturalist-open-data.s3.amazonaws.com/photos/55359268/medium.jpeg", "observed_on": "2019-10-31T11:45:26+00:00", "place_guess": "Hurstpierpoint, Hassocks BN6 9QU, UK", "quality_grade": "research", "url": "https://www.inaturalist.org/observations/35127003", "user_login": "gadus"}, "geometry": {"type": "Point", "coordinates": [-0.1685703, 50.9328762]}}, {"type": "Feature", "properties": {"id": 251765072, "common_name": "Parrot Mushroom", "scientific_name": "Gliophorus psittacinus", "iconic_taxon_name": "Fungi", "image_url": "https://inaturalist-open-data.s3.amazonaws.com/photos/450549291/medium.jpeg", "observed_on": "2024-11-15T12:45:46+00:00", "place_guess": "Church Lane, Henfield, England, GB", "quality_grade": "research", "url": "https://www.inaturalist.org/observations/251765072", "user_login": "fletma"}, "geometry": {"type": "Point", "coordinates": [-0.2766958571, 50.9326048016]}}, {"type": "Feature", "properties": {"id": 245948369, "common_name": "crown-tipped coral fungus", "scientific_name": "Artomyces pyxidatus", "iconic_taxon_name": "Fungi", "image_url": "https://inaturalist-open-data.s3.amazonaws.com/photos/438976496/medium.jpeg", "observed_on": "2024-10-03T15:01:00+01:00", "place_guess": "Henfield Common, Henfield, England, GB", "quality_grade": "research", "url": "https://www.inaturalist.org/observations/245948369", "user_login": "dannibaxter"}, "geometry": {"type": "Point", "coordinates": [-0.2641383333, 50.9264416667]}}, {"type": "Feature", "properties": {"id": 247150086, "common_name": "Parrot Mushroom", "scientific_name": "Gliophorus psittacinus", "iconic_taxon_name": "Fungi", "image_url": "https://inaturalist-open-data.s3.amazonaws.com/photos/441353191/medium.jpeg", "observed_on": "2024-10-13T12:07:22+01:00", "place_guess": "South Downs National Park, Brighton, England, GB", "quality_grade": "research", "url": "https://www.inaturalist.org/observations/247150086", "user_login": "cgul13"}, "geometry": {"type": "Point", "coordinates": [-0.20652, 50.8826116667]}}, {"type": "Feature", "properties": {"id": 311987859, "common_name": "Trooping Crumble Cap", "scientific_name": "Coprinellus disseminatus", "iconic_taxon_name": "Fungi", "image_url": "https://inaturalist-open-data.s3.amazonaws.com/photos/563241779/medium.jpg", "observed_on": "2025-09-06T17:39:30+01:00", "place_guess": "Woods Mill Nature Reserve - Sussex Wildlife Trust, Wood's Mill, Henfield BN5 9SD, UK", "quality_grade": "research", "url": "https://www.inaturalist.org/observations/311987859", "user_login": "shelbourne"}, "geometry": {"type": "Point", "coordinates": [-0.2695003152, 50.9097380653]}}, {"type": "Feature", "properties": {"id": 253031652, "common_name": "Jelly Ear", "scientific_name": "Auricularia auricula-judae", "iconic_taxon_name": "Fungi", "image_url": "https://inaturalist-open-data.s3.amazonaws.com/photos/452998030/medium.jpeg", "observed_on": "2024-11-25T10:16:04+00:00", "place_guess": "South Downs National Park, Hassocks, England, GB", "quality_grade": "research", "url": "https://www.inaturalist.org/observations/253031652", "user_login": "dave_shenton"}, "geometry": {"type": "Point", "coordinates": [-0.1316445, 50.902345]}}, {"type": "Feature", "properties": {"id": 250477866, "common_name": "Cloudy Clitocybe", "scientific_name": "Clitocybe nebularis", "iconic_taxon_name": "Fungi", "image_url": "https://inaturalist-open-data.s3.amazonaws.com/photos/447979280/medium.jpeg", "observed_on": "2024-11-04T08:34:52+00:00", "place_guess": "Woodmancote, Henfield, England, GB", "quality_grade": "research", "url": "https://www.inaturalist.org/observations/250477866", "user_login": "taylorliz"}, "geometry": {"type": "Point", "coordinates": [-0.2542466667, 50.92598]}}, {"type": "Feature", "properties": {"id": 249875586, "common_name": "common greenshield lichen", "scientific_name": "Flavoparmelia caperata", "iconic_taxon_name": "Fungi", "image_url": "https://inaturalist-open-data.s3.amazonaws.com/photos/446771899/medium.jpeg", "observed_on": "2024-10-31T12:31:18+00:00", "place_guess": "Hassocks BN6 9ND, UK", "quality_grade": "research", "url": "https://www.inaturalist.org/observations/249875586", "user_login": "danm89"}, "geometry": {"type": "Point", "coordinates": [-0.138619137, 50.9391269974]}}, {"type": "Feature", "properties": {"id": 244842585, "common_name": "Amethyst Deceiver", "scientific_name": "Laccaria amethystina", "iconic_taxon_name": "Fungi", "image_url": "https://inaturalist-open-data.s3.amazonaws.com/photos/436809879/medium.jpeg", "observed_on": "2024-09-29T13:16:18+01:00", "place_guess": "South Downs National Park, Brighton, England, GB", "quality_grade": "research", "url": "https://www.inaturalist.org/observations/244842585", "user_login": "cgul13"}, "geometry": {"type": "Point", "coordinates": [-0.198825, 50.88578]}}, {"type": "Feature", "properties": {"id": 245573340, "common_name": "fluted bird's nest fungus", "scientific_name": "Cyathus striatus", "iconic_taxon_name": "Fungi", "image_url": "https://inaturalist-open-data.s3.amazonaws.com/photos/438242409/medium.jpeg", "observed_on": "2024-10-02T14:11:34+01:00", "place_guess": "Small Dole, Henfield BN5 9XR, UK", "quality_grade": "research", "url": "https://www.inaturalist.org/observations/245573340", "user_login": "shelbourne"}, "geometry": {"type": "Point", "coordinates": [-0.2707655997, 50.9016896997]}}, {"type": "Feature", "properties": {"id": 248069211, "common_name": "Nectria cinnabarina", "scientific_name": "Nectria cinnabarina", "iconic_taxon_name": "Fungi", "image_url": "https://inaturalist-open-data.s3.amazonaws.com/photos/443171621/medium.jpeg", "observed_on": "2024-10-19T15:11:03+01:00", "place_guess": "The Hooks, Henfield, England, GB", "quality_grade": "research", "url": "https://www.inaturalist.org/observations/248069211", "user_login": "fletma"}, "geometry": {"type": "Point", "coordinates": [-0.2764010686, 50.9292946057]}}, {"type": "Feature", "properties": {"id": 265560840, "common_name": "Elf Cups", "scientific_name": "Sarcoscypha", "iconic_taxon_name": "Fungi", "image_url": "https://static.inaturalist.org/photos/477022253/medium.jpeg", "observed_on": "2025-03-16T14:29:30+00:00", "place_guess": "Burgess Hill RH15 8DQ, UK", "quality_grade": "research", "url": "https://www.inaturalist.org/observations/265560840", "user_login": "isabelnegri"}, "geometry": {"type": "Point", "coordinates": [-0.1267265975, 50.9693489075]}}, {"type": "Feature", "properties": {"id": 229102436, "common_name": "Dryad's Saddle", "scientific_name": "Cerioporus squamosus", "iconic_taxon_name": "Fungi", "image_url": "https://inaturalist-open-data.s3.amazonaws.com/photos/406634428/medium.jpeg", "observed_on": "2024-07-13T19:04:13+01:00", "place_guess": "Woods Mill Nature Reserve - Sussex Wildlife Trust, Wood's Mill, Henfield BN5 9SD, UK", "quality_grade": "research", "url": "https://www.inaturalist.org/observations/229102436", "user_login": "afitzg"}, "geometry": {"type": "Point", "coordinates": [-0.2694833333, 50.9095027778]}}, {"type": "Feature", "properties": {"id": 175935588, "common_name": "Scaly oysterling", "scientific_name": "Crepidotus calolepis", "iconic_taxon_name": "Fungi", "image_url": "https://inaturalist-open-data.s3.amazonaws.com/photos/305815051/medium.jpg", "observed_on": "2023-07-31T13:01:00+01:00", "place_guess": "Upper Beeding CP, Henfield, England, GB", "quality_grade": "research", "url": "https://www.inaturalist.org/observations/175935588", "user_login": "shelbourne"}, "geometry": {"type": "Point", "coordinates": [-0.270355, 50.9003033333]}}, {"type": "Feature", "properties": {"id": 178852335, "common_name": "Lurid Bolete", "scientific_name": "Suillellus luridus", "iconic_taxon_name": "Fungi", "image_url": "https://inaturalist-open-data.s3.amazonaws.com/photos/311287842/medium.jpeg", "observed_on": "2023-08-08T12:08:00+01:00", "place_guess": "West Sussex, UK", "quality_grade": "research", "url": "https://www.inaturalist.org/observations/178852335", "user_login": "pete_gateley"}, "geometry": {"type": "Point", "coordinates": [-0.2058166667, 50.8859433333]}}, {"type": "Feature", "properties": {"id": 239582237, "common_name": "chicken of the woods", "scientific_name": "Laetiporus sulphureus", "iconic_taxon_name": "Fungi", "image_url": "https://inaturalist-open-data.s3.amazonaws.com/photos/426729385/medium.jpeg", "observed_on": "2024-09-03T11:21:22+01:00", "place_guess": "South Downs National Park, Henfield, England, GB", "quality_grade": "research", "url": "https://www.inaturalist.org/observations/239582237", "user_login": "malcolmchar"}, "geometry": {"type": "Point", "coordinates": [-0.2519383333, 50.9068616667]}}, {"type": "Feature", "properties": {"id": 70195590, "common_name": "Common Sunburst Lichen", "scientific_name": "Xanthoria parietina", "iconic_taxon_name": "Fungi", "image_url": "https://static.inaturalist.org/photos/114062896/medium.jpg", "observed_on": "2021-02-20T12:22:07+00:00", "place_guess": "Stonepit Lane, Henfield, England, GB", "quality_grade": "research", "url": "https://www.inaturalist.org/observations/70195590", "user_login": "biomediameltdown"}, "geometry": {"type": "Point", "coordinates": [-0.2897808941, 50.9342263934]}}, {"type": "Feature", "properties": {"id": 64300656, "common_name": "Fly Agaric", "scientific_name": "Amanita muscaria", "iconic_taxon_name": "Fungi", "image_url": "https://inaturalist-open-data.s3.amazonaws.com/photos/103354594/medium.jpg", "observed_on": "2020-11-06T16:10:00+00:00", "place_guess": "England, GB", "quality_grade": "research", "url": "https://www.inaturalist.org/observations/64300656", "user_login": "sparkynature"}, "geometry": {"type": "Point", "coordinates": [-0.130382009, 50.9096103091]}}, {"type": "Feature", "properties": {"id": 191991568, "common_name": "Sheathed Woodtuft", "scientific_name": "Kuehneromyces mutabilis", "iconic_taxon_name": "Fungi", "image_url": "https://inaturalist-open-data.s3.amazonaws.com/photos/336945832/medium.jpeg", "observed_on": "2023-11-20T14:23:00+00:00", "place_guess": "West Sussex, UK", "quality_grade": "research", "url": "https://www.inaturalist.org/observations/191991568", "user_login": "shelbourne"}, "geometry": {"type": "Point", "coordinates": [-0.2696055556, 50.909675]}}, {"type": "Feature", "properties": {"id": 192323752, "common_name": "Fenugreek Stalkball", "scientific_name": "Phleogena faginea", "iconic_taxon_name": "Fungi", "image_url": "https://inaturalist-open-data.s3.amazonaws.com/photos/337596643/medium.jpeg", "observed_on": "2023-11-27T11:30:16+00:00", "place_guess": "Lag Wood, Clayton, Hassocks BN6 9PH, UK", "quality_grade": "research", "url": "https://www.inaturalist.org/observations/192323752", "user_login": "sim_elliott"}, "geometry": {"type": "Point", "coordinates": [-0.1483173, 50.9172032]}}, {"type": "Feature", "properties": {"id": 192475068, "common_name": "Rosy Bonnet", "scientific_name": "Mycena rosea", "iconic_taxon_name": "Fungi", "image_url": "https://inaturalist-open-data.s3.amazonaws.com/photos/337894218/medium.jpeg", "observed_on": "2023-11-23T13:36:00+00:00", "place_guess": "Small Dole, Henfield BN5, UK", "quality_grade": "research", "url": "https://www.inaturalist.org/observations/192475068", "user_login": "shelbourne"}, "geometry": {"type": "Point", "coordinates": [-0.2699694444, 50.9012694444]}}, {"type": "Feature", "properties": {"id": 192376246, "common_name": "Yellow Fairy Cups", "scientific_name": "Calycina citrina", "iconic_taxon_name": "Fungi", "image_url": "https://inaturalist-open-data.s3.amazonaws.com/photos/337694323/medium.jpeg", "observed_on": "2023-11-23T13:05:00+00:00", "place_guess": "Small Dole, Henfield BN5, UK", "quality_grade": "research", "url": "https://www.inaturalist.org/observations/192376246", "user_login": "shelbourne"}, "geometry": {"type": "Point", "coordinates": [-0.2707972222, 50.9011777778]}}, {"type": "Feature", "properties": {"id": 75912827, "common_name": "turkey-tail", "scientific_name": "Trametes versicolor", "iconic_taxon_name": "Fungi", "image_url": "https://static.inaturalist.org/photos/124196378/medium.jpeg", "observed_on": "2021-04-30T16:35:00+00:00", "place_guess": "West Sussex, UK", "quality_grade": "research", "url": "https://www.inaturalist.org/observations/75912827", "user_login": "elizabeth_morris"}, "geometry": {"type": "Point", "coordinates": [-0.1994248893, 50.890337096]}}, {"type": "Feature", "properties": {"id": 233250194, "common_name": "Eriopezia caesia", "scientific_name": "Eriopezia caesia", "iconic_taxon_name": "Fungi", "image_url": "https://inaturalist-open-data.s3.amazonaws.com/photos/414509531/medium.jpeg", "observed_on": "2024-03-27T14:50:00+00:00", "place_guess": "Small Dole, Henfield BN5, UK", "quality_grade": "research", "url": "https://www.inaturalist.org/observations/233250194", "user_login": "shelbourne"}, "geometry": {"type": "Point", "coordinates": [-0.2707055556, 50.8985277778]}}, {"type": "Feature", "properties": {"id": 325836505, "common_name": "Snowy Waxcap", "scientific_name": "Cuphophyllus virgineus", "iconic_taxon_name": "Fungi", "image_url": "https://inaturalist-open-data.s3.amazonaws.com/photos/590021259/medium.jpg", "observed_on": "2025-11-09T13:46:51+00:00", "place_guess": "South Downs National Park, Brighton, England, GB", "quality_grade": "research", "url": "https://www.inaturalist.org/observations/325836505", "user_login": "cgul13"}, "geometry": {"type": "Point", "coordinates": [-0.2102083333, 50.8826616667]}}, {"type": "Feature", "properties": {"id": 325836544, "common_name": "Snowy Waxcap", "scientific_name": "Cuphophyllus virgineus", "iconic_taxon_name": "Fungi", "image_url": "https://inaturalist-open-data.s3.amazonaws.com/photos/590021361/medium.jpg", "observed_on": "2025-11-09T13:37:53+00:00", "place_guess": "South Downs National Park, Brighton, England, GB", "quality_grade": "research", "url": "https://www.inaturalist.org/observations/325836544", "user_login": "cgul13"}, "geometry": {"type": "Point", "coordinates": [-0.2085383333, 50.8827083333]}}, {"type": "Feature", "properties": {"id": 265809724, "common_name": "Whitewash Lichen", "scientific_name": "Phlyctis argena", "iconic_taxon_name": "Fungi", "image_url": "https://inaturalist-open-data.s3.amazonaws.com/photos/477517144/medium.jpeg", "observed_on": "2025-03-18T10:24:47+00:00", "place_guess": "Lag Wood, nr. Clayton, West Sussex", "quality_grade": "research", "url": "https://www.inaturalist.org/observations/265809724", "user_login": "sim_elliott"}, "geometry": {"type": "Point", "coordinates": [-0.1546895, 50.911081]}}, {"type": "Feature", "properties": {"id": 265811444, "common_name": "Whitewash Lichen", "scientific_name": "Phlyctis argena", "iconic_taxon_name": "Fungi", "image_url": "https://inaturalist-open-data.s3.amazonaws.com/photos/477520424/medium.jpeg", "observed_on": "2025-03-18T10:52:19+00:00", "place_guess": "Lag Wood, nr. Clayton, West Sussex", "quality_grade": "research", "url": "https://www.inaturalist.org/observations/265811444", "user_login": "sim_elliott"}, "geometry": {"type": "Point", "coordinates": [-0.1496827, 50.9168751997]}}, {"type": "Feature", "properties": {"id": 322259898, "common_name": "King Alfred's Cakes", "scientific_name": "Daldinia concentrica", "iconic_taxon_name": "Fungi", "image_url": "https://inaturalist-open-data.s3.amazonaws.com/photos/582941989/medium.jpg", "observed_on": "2025-10-21T12:31:12+01:00", "place_guess": "Henfield, England, GB", "quality_grade": "research", "url": "https://www.inaturalist.org/observations/322259898", "user_login": "gadus"}, "geometry": {"type": "Point", "coordinates": [-0.2642457172, 50.8958042173]}}, {"type": "Feature", "properties": {"id": 317226116, "common_name": "Horn-of-plenty", "scientific_name": "Craterellus cornucopioides", "iconic_taxon_name": "Fungi", "image_url": "https://inaturalist-open-data.s3.amazonaws.com/photos/573206835/medium.jpg", "observed_on": "2025-09-27T17:27:06+01:00", "place_guess": "Small Dole, Henfield BN5 9XR, UK", "quality_grade": "research", "url": "https://www.inaturalist.org/observations/317226116", "user_login": "shelbourne"}, "geometry": {"type": "Point", "coordinates": [-0.270894, 50.90176]}}, {"type": "Feature", "properties": {"id": 332988034, "common_name": "Brick Cap", "scientific_name": "Hypholoma lateritium", "iconic_taxon_name": "Fungi", "image_url": "https://inaturalist-open-data.s3.amazonaws.com/photos/604441241/medium.jpg", "observed_on": "2025-12-26T15:05:00+00:00", "place_guess": "Rosemount Cottage, Henfield, England, GB", "quality_grade": "research", "url": "https://www.inaturalist.org/observations/332988034", "user_login": "taylorliz"}, "geometry": {"type": "Point", "coordinates": [-0.2785666667, 50.9281416667]}}, {"type": "Feature", "properties": {"id": 201488175, "common_name": "witch's butter", "scientific_name": "Tremella mesenterica", "iconic_taxon_name": "Fungi", "image_url": "https://inaturalist-open-data.s3.amazonaws.com/photos/355684967/medium.jpg", "observed_on": "2024-03-06T12:28:31+00:00", "place_guess": "South Downs National Park, Henfield, England, GB", "quality_grade": "research", "url": "https://www.inaturalist.org/observations/201488175", "user_login": "myab"}, "geometry": {"type": "Point", "coordinates": [-0.2694383333, 50.9090366667]}}, {"type": "Feature", "properties": {"id": 202661652, "common_name": "Whitewash Lichen", "scientific_name": "Phlyctis argena", "iconic_taxon_name": "Fungi", "image_url": "https://inaturalist-open-data.s3.amazonaws.com/photos/357953257/medium.jpeg", "observed_on": "2024-03-16T15:08:34+00:00", "place_guess": "Henfield", "quality_grade": "research", "url": "https://www.inaturalist.org/observations/202661652", "user_login": "gillper"}, "geometry": {"type": "Point", "coordinates": [-0.2703282833, 50.9232788086]}}, {"type": "Feature", "properties": {"id": 141868804, "common_name": "Jelly Ear", "scientific_name": "Auricularia auricula-judae", "iconic_taxon_name": "Fungi", "image_url": "https://static.inaturalist.org/photos/251302088/medium.jpeg", "observed_on": "2022-11-13T08:59:33+00:00", "place_guess": "Henfield BN5 9HA, UK", "quality_grade": "research", "url": "https://www.inaturalist.org/observations/141868804", "user_login": "elizabeth_morris"}, "geometry": {"type": "Point", "coordinates": [-0.2753696591, 50.9285635835]}}, {"type": "Feature", "properties": {"id": 140355149, "common_name": "Powder Cap", "scientific_name": "Asterophora lycoperdoides", "iconic_taxon_name": "Fungi", "image_url": "https://inaturalist-open-data.s3.amazonaws.com/photos/240244811/medium.jpeg", "observed_on": "2022-10-29T10:22:38+01:00", "place_guess": "Burgess Hill, UK", "quality_grade": "research", "url": "https://www.inaturalist.org/observations/140355149", "user_login": "ezh00"}, "geometry": {"type": "Point", "coordinates": [-0.123066, 50.968778]}}, {"type": "Feature", "properties": {"id": 184382898, "common_name": "Liberty Cap", "scientific_name": "Psilocybe semilanceata", "iconic_taxon_name": "Fungi", "image_url": "https://inaturalist-open-data.s3.amazonaws.com/photos/321838132/medium.jpeg", "observed_on": "2023-09-14T17:52:00+01:00", "place_guess": "England, GB", "quality_grade": "research", "url": "https://www.inaturalist.org/observations/184382898", "user_login": "damontighe"}, "geometry": {"type": "Point", "coordinates": [-0.120026494, 50.9601370426]}}, {"type": "Feature", "properties": {"id": 186774346, "common_name": "Luminescent Panellus", "scientific_name": "Panellus stipticus", "iconic_taxon_name": "Fungi", "image_url": "https://inaturalist-open-data.s3.amazonaws.com/photos/326474239/medium.jpeg", "observed_on": "2023-10-08T15:48:00+01:00", "place_guess": "West Sussex, UK", "quality_grade": "research", "url": "https://www.inaturalist.org/observations/186774346", "user_login": "shelbourne"}, "geometry": {"type": "Point", "coordinates": [-0.2705916667, 50.9090277778]}}, {"type": "Feature", "properties": {"id": 187624587, "common_name": "Steely Bonnet", "scientific_name": "Mycena pseudocorticola", "iconic_taxon_name": "Fungi", "image_url": "https://inaturalist-open-data.s3.amazonaws.com/photos/328160841/medium.jpg", "observed_on": "2023-10-14T15:42:28+01:00", "place_guess": "South Downs National Park, Henfield, England, GB", "quality_grade": "research", "url": "https://www.inaturalist.org/observations/187624587", "user_login": "shelbourne"}, "geometry": {"type": "Point", "coordinates": [-0.2688133333, 50.91027]}}, {"type": "Feature", "properties": {"id": 189676391, "common_name": "Pestle Puffball", "scientific_name": "Lycoperdon excipuliforme", "iconic_taxon_name": "Fungi", "image_url": "https://inaturalist-open-data.s3.amazonaws.com/photos/332337847/medium.jpeg", "observed_on": "2023-10-25T15:24:00+01:00", "place_guess": "Small Dole, Henfield BN5, UK", "quality_grade": "research", "url": "https://www.inaturalist.org/observations/189676391", "user_login": "shelbourne"}, "geometry": {"type": "Point", "coordinates": [-0.2724333333, 50.9000944444]}}, {"type": "Feature", "properties": {"id": 189665825, "common_name": "Sulphur Tuft", "scientific_name": "Hypholoma fasciculare", "iconic_taxon_name": "Fungi", "image_url": "https://inaturalist-open-data.s3.amazonaws.com/photos/332316965/medium.jpeg", "observed_on": "2023-10-25T17:13:00+01:00", "place_guess": "Small Dole, Henfield BN5, UK", "quality_grade": "research", "url": "https://www.inaturalist.org/observations/189665825", "user_login": "shelbourne"}, "geometry": {"type": "Point", "coordinates": [-0.2703222222, 50.9005888889]}}, {"type": "Feature", "properties": {"id": 190121993, "common_name": "Bulbous Honey Fungus", "scientific_name": "Armillaria gallica", "iconic_taxon_name": "Fungi", "image_url": "https://inaturalist-open-data.s3.amazonaws.com/photos/333218552/medium.jpg", "observed_on": "2023-11-05T11:55:39+00:00", "place_guess": "South Downs National Park, Brighton, England, GB", "quality_grade": "research", "url": "https://www.inaturalist.org/observations/190121993", "user_login": "cgul13"}, "geometry": {"type": "Point", "coordinates": [-0.2076416667, 50.88232]}}, {"type": "Feature", "properties": {"id": 188017166, "common_name": "turkey-tail", "scientific_name": "Trametes versicolor", "iconic_taxon_name": "Fungi", "image_url": "https://inaturalist-open-data.s3.amazonaws.com/photos/328947088/medium.jpeg", "observed_on": "2023-10-14T16:57:00+01:00", "place_guess": "West Sussex, UK", "quality_grade": "research", "url": "https://www.inaturalist.org/observations/188017166", "user_login": "shelbourne"}, "geometry": {"type": "Point", "coordinates": [-0.2703027778, 50.9084027778]}}, {"type": "Feature", "properties": {"id": 139178591, "common_name": "Parasol", "scientific_name": "Macrolepiota procera", "iconic_taxon_name": "Fungi", "image_url": "https://inaturalist-open-data.s3.amazonaws.com/photos/238001662/medium.jpg", "observed_on": "2022-10-16T13:45:51+01:00", "place_guess": "South Downs National Park, Hassocks, England, GB", "quality_grade": "research", "url": "https://www.inaturalist.org/observations/139178591", "user_login": "maddy150203"}, "geometry": {"type": "Point", "coordinates": [-0.1111028333, 50.8973783333]}}, {"type": "Feature", "properties": {"id": 280506746, "common_name": "Elf Ears lichen", "scientific_name": "Normandina pulchella", "iconic_taxon_name": "Fungi", "image_url": "https://inaturalist-open-data.s3.amazonaws.com/photos/503807892/medium.jpeg", "observed_on": "2025-05-12T13:03:53+01:00", "place_guess": "Steyning Downland Scheme, West Sussex", "quality_grade": "research", "url": "https://www.inaturalist.org/observations/280506746", "user_login": "sim_elliott"}, "geometry": {"type": "Point", "coordinates": [-0.3487538, 50.8886682997]}}, {"type": "Feature", "properties": {"id": 342991847, "common_name": "Jelly Ear", "scientific_name": "Auricularia auricula-judae", "iconic_taxon_name": "Fungi", "image_url": "https://inaturalist-open-data.s3.amazonaws.com/photos/624698017/medium.jpg", "observed_on": "2026-01-23T11:39:38+00:00", "place_guess": "Henfield Vicarage, Henfield, England, GB", "quality_grade": "research", "url": "https://www.inaturalist.org/observations/342991847", "user_login": "genhen"}, "geometry": {"type": "Point", "coordinates": [-0.2768533333, 50.93193]}}, {"type": "Feature", "properties": {"id": 336589075, "common_name": "Jelly Ear", "scientific_name": "Auricularia auricula-judae", "iconic_taxon_name": "Fungi", "image_url": "https://inaturalist-open-data.s3.amazonaws.com/photos/611686671/medium.jpg", "observed_on": "2026-01-29T14:41:35+00:00", "place_guess": "Woodmancote, Henfield BN5 9HX, UK", "quality_grade": "research", "url": "https://www.inaturalist.org/observations/336589075", "user_login": "rach_g"}, "geometry": {"type": "Point", "coordinates": [-0.2497194444, 50.9270305556]}}, {"type": "Feature", "properties": {"id": 297687830, "common_name": "Dryad's Saddle", "scientific_name": "Cerioporus squamosus", "iconic_taxon_name": "Fungi", "image_url": "https://static.inaturalist.org/photos/536138509/medium.jpg", "observed_on": "2025-06-28T11:48:48+01:00", "place_guess": "Hurstpierpoint, Hassocks BN6 9FS, UK", "quality_grade": "research", "url": "https://www.inaturalist.org/observations/297687830", "user_login": "justine65261"}, "geometry": {"type": "Point", "coordinates": [-0.17991019, 50.93939046]}}, {"type": "Feature", "properties": {"id": 328930258, "common_name": "Flammulina", "scientific_name": "Flammulina", "iconic_taxon_name": "Fungi", "image_url": "https://inaturalist-open-data.s3.amazonaws.com/photos/596148502/medium.jpg", "observed_on": "2025-11-30T11:36:51+00:00", "place_guess": "South Downs National Park, Brighton, England, GB", "quality_grade": "research", "url": "https://www.inaturalist.org/observations/328930258", "user_login": "cgul13"}, "geometry": {"type": "Point", "coordinates": [-0.2037383333, 50.8834883333]}}, {"type": "Feature", "properties": {"id": 99901841, "common_name": "rooting shank", "scientific_name": "Oudemansiella radicata", "iconic_taxon_name": "Fungi", "image_url": "https://inaturalist-open-data.s3.amazonaws.com/photos/166642479/medium.jpg", "observed_on": "2021-10-31T09:29:53+00:00", "place_guess": "South Downs National Park, Brighton, England, GB", "quality_grade": "research", "url": "https://www.inaturalist.org/observations/99901841", "user_login": "cgul13"}, "geometry": {"type": "Point", "coordinates": [-0.2066916667, 50.8859366667]}}, {"type": "Feature", "properties": {"id": 100912797, "common_name": "Funeral Bell", "scientific_name": "Galerina marginata", "iconic_taxon_name": "Fungi", "image_url": "https://inaturalist-open-data.s3.amazonaws.com/photos/168478160/medium.jpg", "observed_on": "2021-11-10T10:25:15+00:00", "place_guess": "Stanmer Park, Brighton, England, GB", "quality_grade": "research", "url": "https://www.inaturalist.org/observations/100912797", "user_login": "cgul13"}, "geometry": {"type": "Point", "coordinates": [-0.1111138333, 50.8817866667]}}, {"type": "Feature", "properties": {"id": 101835322, "common_name": "Butter Waxcap", "scientific_name": "Hygrocybe ceracea", "iconic_taxon_name": "Fungi", "image_url": "https://inaturalist-open-data.s3.amazonaws.com/photos/170120396/medium.jpg", "observed_on": "2021-11-20T13:12:19+00:00", "place_guess": "South Downs National Park, Brighton, England, GB", "quality_grade": "research", "url": "https://www.inaturalist.org/observations/101835322", "user_login": "cgul13"}, "geometry": {"type": "Point", "coordinates": [-0.2096166667, 50.8821833333]}}, {"type": "Feature", "properties": {"id": 101832823, "common_name": "Freckled Dapperling", "scientific_name": "Echinoderma asperum", "iconic_taxon_name": "Fungi", "image_url": "https://inaturalist-open-data.s3.amazonaws.com/photos/170114382/medium.jpg", "observed_on": "2021-11-20T14:26:19+00:00", "place_guess": "South Downs National Park, Brighton, England, GB", "quality_grade": "research", "url": "https://www.inaturalist.org/observations/101832823", "user_login": "cgul13"}, "geometry": {"type": "Point", "coordinates": [-0.20727, 50.882245]}}, {"type": "Feature", "properties": {"id": 105267634, "common_name": "Farinose Cartilage Lichen", "scientific_name": "Ramalina farinacea", "iconic_taxon_name": "Fungi", "image_url": "https://inaturalist-open-data.s3.amazonaws.com/photos/176586047/medium.jpeg", "observed_on": "2022-01-20T14:07:19+00:00", "place_guess": "Clayton, Hassocks BN6 9PG, UK", "quality_grade": "research", "url": "https://www.inaturalist.org/observations/105267634", "user_login": "hazelstill"}, "geometry": {"type": "Point", "coordinates": [-0.1466826349, 50.8977017821]}}, {"type": "Feature", "properties": {"id": 180488808, "common_name": "Pale Brittlestem", "scientific_name": "Candolleomyces candolleanus", "iconic_taxon_name": "Fungi", "image_url": "https://inaturalist-open-data.s3.amazonaws.com/photos/314403340/medium.jpeg", "observed_on": "2023-08-27T16:48:00+01:00", "place_guess": "West Sussex, UK", "quality_grade": "research", "url": "https://www.inaturalist.org/observations/180488808", "user_login": "shelbourne"}, "geometry": {"type": "Point", "coordinates": [-0.2690777778, 50.9097777778]}}, {"type": "Feature", "properties": {"id": 148016798, "common_name": "turkey-tail", "scientific_name": "Trametes versicolor", "iconic_taxon_name": "Fungi", "image_url": "https://inaturalist-open-data.s3.amazonaws.com/photos/254810814/medium.jpeg", "observed_on": "2023-02-04T13:36:35+00:00", "place_guess": "Brighton", "quality_grade": "research", "url": "https://www.inaturalist.org/observations/148016798", "user_login": "vigroovian"}, "geometry": {"type": "Point", "coordinates": [-0.2035534233, 50.8897094727]}}, {"type": "Feature", "properties": {"id": 190706710, "common_name": "Snowy Waxcap", "scientific_name": "Cuphophyllus virgineus", "iconic_taxon_name": "Fungi", "image_url": "https://inaturalist-open-data.s3.amazonaws.com/photos/334377146/medium.jpg", "observed_on": "2023-11-11T14:15:15+00:00", "place_guess": "South Downs National Park, Brighton, England, GB", "quality_grade": "research", "url": "https://www.inaturalist.org/observations/190706710", "user_login": "cgul13"}, "geometry": {"type": "Point", "coordinates": [-0.20982, 50.882755]}}, {"type": "Feature", "properties": {"id": 190706787, "common_name": "Parrot Mushroom", "scientific_name": "Gliophorus psittacinus", "iconic_taxon_name": "Fungi", "image_url": "https://inaturalist-open-data.s3.amazonaws.com/photos/334377332/medium.jpg", "observed_on": "2023-11-11T14:17:24+00:00", "place_guess": "South Downs National Park, Brighton, England, GB", "quality_grade": "research", "url": "https://www.inaturalist.org/observations/190706787", "user_login": "cgul13"}, "geometry": {"type": "Point", "coordinates": [-0.209825, 50.8827583333]}}, {"type": "Feature", "properties": {"id": 106553215, "common_name": "Flammulina", "scientific_name": "Flammulina", "iconic_taxon_name": "Fungi", "image_url": "https://inaturalist-open-data.s3.amazonaws.com/photos/179025010/medium.jpg", "observed_on": "2022-02-11T15:20:48+00:00", "place_guess": "South Downs National Park, Brighton, England, GB", "quality_grade": "research", "url": "https://www.inaturalist.org/observations/106553215", "user_login": "bocook"}, "geometry": {"type": "Point", "coordinates": [-0.19085776, 50.8997011367]}}, {"type": "Feature", "properties": {"id": 263287121, "common_name": "Elf Cups", "scientific_name": "Sarcoscypha", "iconic_taxon_name": "Fungi", "image_url": "https://inaturalist-open-data.s3.amazonaws.com/photos/472964912/medium.jpg", "observed_on": "2025-02-26T08:57:47+00:00", "place_guess": "Henfield Common, Henfield, England, GB", "quality_grade": "research", "url": "https://www.inaturalist.org/observations/263287121", "user_login": "taylorliz"}, "geometry": {"type": "Point", "coordinates": [-0.2642966667, 50.9272216667]}}, {"type": "Feature", "properties": {"id": 174650362, "common_name": "fluted bird's nest fungus", "scientific_name": "Cyathus striatus", "iconic_taxon_name": "Fungi", "image_url": "https://inaturalist-open-data.s3.amazonaws.com/photos/303440261/medium.jpg", "observed_on": "2023-07-22T12:10:27+01:00", "place_guess": "South Downs National Park, Henfield, England, GB", "quality_grade": "research", "url": "https://www.inaturalist.org/observations/174650362", "user_login": "shelbourne"}, "geometry": {"type": "Point", "coordinates": [-0.269325, 50.9095883333]}}, {"type": "Feature", "properties": {"id": 233246493, "common_name": "Oakmoss", "scientific_name": "Evernia prunastri", "iconic_taxon_name": "Fungi", "image_url": "https://inaturalist-open-data.s3.amazonaws.com/photos/414503460/medium.jpeg", "observed_on": "2024-07-31T17:34:30+01:00", "place_guess": "Horsham RH13 8HD, UK", "quality_grade": "research", "url": "https://www.inaturalist.org/observations/233246493", "user_login": "sim_elliott"}, "geometry": {"type": "Point", "coordinates": [-0.2725316997, 50.9562920997]}}, {"type": "Feature", "properties": {"id": 335222077, "common_name": "Candlesnuff Fungus", "scientific_name": "Xylaria hypoxylon", "iconic_taxon_name": "Fungi", "image_url": "https://inaturalist-open-data.s3.amazonaws.com/photos/608936594/medium.jpg", "observed_on": "2026-01-18T11:11:13+00:00", "place_guess": "South Downs National Park, Brighton, England, GB", "quality_grade": "research", "url": "https://www.inaturalist.org/observations/335222077", "user_login": "cgul13"}, "geometry": {"type": "Point", "coordinates": [-0.2047583333, 50.88292]}}, {"type": "Feature", "properties": {"id": 339746694, "common_name": "King Alfred's Cakes", "scientific_name": "Daldinia concentrica", "iconic_taxon_name": "Fungi", "image_url": "https://inaturalist-open-data.s3.amazonaws.com/photos/618110224/medium.jpg", "observed_on": "2026-02-22T16:07:51+00:00", "place_guess": "Brighton, England, GB", "quality_grade": "research", "url": "https://www.inaturalist.org/observations/339746694", "user_login": "lilii4k"}, "geometry": {"type": "Point", "coordinates": [-0.2051215805, 50.8902441558]}}, {"type": "Feature", "properties": {"id": 339219104, "common_name": "Sulphur Tuft", "scientific_name": "Hypholoma fasciculare", "iconic_taxon_name": "Fungi", "image_url": "https://inaturalist-open-data.s3.amazonaws.com/photos/617030816/medium.jpg", "observed_on": "2025-09-29T15:47:00+01:00", "place_guess": "West Sussex, UK", "quality_grade": "research", "url": "https://www.inaturalist.org/observations/339219104", "user_login": "baron_von_thunderclap"}, "geometry": {"type": "Point", "coordinates": [-0.268887639, 50.9107350653]}}, {"type": "Feature", "properties": {"id": 335350205, "common_name": "Jelly Ear", "scientific_name": "Auricularia auricula-judae", "iconic_taxon_name": "Fungi", "image_url": "https://inaturalist-open-data.s3.amazonaws.com/photos/609194880/medium.jpg", "observed_on": "2026-01-19T12:38:21+00:00", "place_guess": "Broomfield Gardens, Henfield BN5 9UE, UK", "quality_grade": "research", "url": "https://www.inaturalist.org/observations/335350205", "user_login": "elizabeth_morris"}, "geometry": {"type": "Point", "coordinates": [-0.27856, 50.9306366667]}}, {"type": "Feature", "properties": {"id": 332721206, "common_name": "Cushion Bracket", "scientific_name": "Phellinus pomaceus", "iconic_taxon_name": "Fungi", "image_url": "https://inaturalist-open-data.s3.amazonaws.com/photos/603891419/medium.jpg", "observed_on": "2025-12-30T11:40:19+00:00", "place_guess": "WPHP+PX Henfield Community Orchard, Henfield BN5 9RL, UK", "quality_grade": "research", "url": "https://www.inaturalist.org/observations/332721206", "user_login": "elizabeth_morris"}, "geometry": {"type": "Point", "coordinates": [-0.26093, 50.9294533333]}}, {"type": "Feature", "properties": {"id": 186413729, "common_name": "Orange Moss Navel", "scientific_name": "Rickenella fibula", "iconic_taxon_name": "Fungi", "image_url": "https://inaturalist-open-data.s3.amazonaws.com/photos/325768238/medium.jpeg", "observed_on": "2023-09-30T14:43:00+01:00", "place_guess": "Small Dole, Henfield BN5, UK", "quality_grade": "research", "url": "https://www.inaturalist.org/observations/186413729", "user_login": "shelbourne"}, "geometry": {"type": "Point", "coordinates": [-0.2723916667, 50.9000388889]}}, {"type": "Feature", "properties": {"id": 189786446, "common_name": "deceiver", "scientific_name": "Laccaria laccata", "iconic_taxon_name": "Fungi", "image_url": "https://inaturalist-open-data.s3.amazonaws.com/photos/332560993/medium.jpeg", "observed_on": "2023-10-28T13:37:00+01:00", "place_guess": "West Sussex, UK", "quality_grade": "research", "url": "https://www.inaturalist.org/observations/189786446", "user_login": "shelbourne"}, "geometry": {"type": "Point", "coordinates": [-0.2671388889, 50.9087611111]}}, {"type": "Feature", "properties": {"id": 58643615, "common_name": "Suede Bolete", "scientific_name": "Xerocomus subtomentosus", "iconic_taxon_name": "Fungi", "image_url": "https://inaturalist-open-data.s3.amazonaws.com/photos/93641221/medium.jpg", "observed_on": "2020-09-05T17:42:10+02:00", "place_guess": "South Downs National Park, Henfield, England, GB", "quality_grade": "research", "url": "https://www.inaturalist.org/observations/58643615", "user_login": "sparkynature"}, "geometry": {"type": "Point", "coordinates": [-0.2285017024, 50.8995855309]}}, {"type": "Feature", "properties": {"id": 185799441, "common_name": "Thin-walled Maze Polypore", "scientific_name": "Daedaleopsis confragosa", "iconic_taxon_name": "Fungi", "image_url": "https://inaturalist-open-data.s3.amazonaws.com/photos/324555970/medium.jpeg", "observed_on": "2023-09-29T11:21:00+01:00", "place_guess": "West Sussex, UK", "quality_grade": "research", "url": "https://www.inaturalist.org/observations/185799441", "user_login": "shelbourne"}, "geometry": {"type": "Point", "coordinates": [-0.2692805556, 50.9101194444]}}, {"type": "Feature", "properties": {"id": 139844837, "common_name": "Groundsel crown rust", "scientific_name": "Puccinia lagenophorae", "iconic_taxon_name": "Fungi", "image_url": "https://static.inaturalist.org/photos/239270606/medium.jpeg", "observed_on": "2022-10-23T12:23:57+01:00", "place_guess": "Martyn Close, Henfield BN5 9PA, UK", "quality_grade": "research", "url": "https://www.inaturalist.org/observations/139844837", "user_login": "elizabeth_morris"}, "geometry": {"type": "Point", "coordinates": [-0.2745700255, 50.9324527803]}}, {"type": "Feature", "properties": {"id": 199195430, "common_name": "birch polypore", "scientific_name": "Fomitopsis betulina", "iconic_taxon_name": "Fungi", "image_url": "https://inaturalist-open-data.s3.amazonaws.com/photos/351244758/medium.jpeg", "observed_on": "2024-02-11T11:30:42+00:00", "place_guess": "Spindles Mill Lane, Partridge Green, Horsham RH13 8JU, UK", "quality_grade": "research", "url": "https://www.inaturalist.org/observations/199195430", "user_login": "rach642"}, "geometry": {"type": "Point", "coordinates": [-0.3075025231, 50.9681841401]}}, {"type": "Feature", "properties": {"id": 201128689, "common_name": "spring hazelcup", "scientific_name": "Encoelia furfuracea", "iconic_taxon_name": "Fungi", "image_url": "https://inaturalist-open-data.s3.amazonaws.com/photos/354987216/medium.jpeg", "observed_on": "2024-03-03T13:20:54+00:00", "place_guess": "Wood's Mill, Henfield BN5 9SD, UK", "quality_grade": "research", "url": "https://www.inaturalist.org/observations/201128689", "user_login": "michaelblencowesussex"}, "geometry": {"type": "Point", "coordinates": [-0.270365, 50.9111976389]}}, {"type": "Feature", "properties": {"id": 141922490, "common_name": "Snowy Inkcap", "scientific_name": "Coprinopsis nivea", "iconic_taxon_name": "Fungi", "image_url": "https://inaturalist-open-data.s3.amazonaws.com/photos/243234645/medium.jpg", "observed_on": "2022-11-13T12:58:52+00:00", "place_guess": "South Downs National Park, Brighton, England, GB", "quality_grade": "research", "url": "https://www.inaturalist.org/observations/141922490", "user_login": "cgul13"}, "geometry": {"type": "Point", "coordinates": [-0.2084033333, 50.88212]}}, {"type": "Feature", "properties": {"id": 190015300, "common_name": "Pear-shaped Puffball", "scientific_name": "Apioperdon pyriforme", "iconic_taxon_name": "Fungi", "image_url": "https://inaturalist-open-data.s3.amazonaws.com/photos/333006413/medium.jpeg", "observed_on": "2023-10-29T15:51:00+00:00", "place_guess": "West Sussex, UK", "quality_grade": "research", "url": "https://www.inaturalist.org/observations/190015300", "user_login": "shelbourne"}, "geometry": {"type": "Point", "coordinates": [-0.2702916667, 50.9089138889]}}, {"type": "Feature", "properties": {"id": 190017604, "common_name": "Pestle Puffball", "scientific_name": "Lycoperdon excipuliforme", "iconic_taxon_name": "Fungi", "image_url": "https://inaturalist-open-data.s3.amazonaws.com/photos/333011305/medium.jpeg", "observed_on": "2023-10-29T13:05:00+00:00", "place_guess": "West Sussex, UK", "quality_grade": "research", "url": "https://www.inaturalist.org/observations/190017604", "user_login": "shelbourne"}, "geometry": {"type": "Point", "coordinates": [-0.2753916667, 50.9051861111]}}, {"type": "Feature", "properties": {"id": 192252033, "common_name": "Fly Agaric", "scientific_name": "Amanita muscaria", "iconic_taxon_name": "Fungi", "image_url": "https://inaturalist-open-data.s3.amazonaws.com/photos/337454518/medium.jpeg", "observed_on": "2023-11-26T13:15:55+00:00", "place_guess": "Pigeon Croft, The Common, Henfield BN5 9RL, UK", "quality_grade": "research", "url": "https://www.inaturalist.org/observations/192252033", "user_login": "millyrudling"}, "geometry": {"type": "Point", "coordinates": [-0.2614577, 50.9269221997]}}, {"type": "Feature", "properties": {"id": 198983049, "common_name": "birch polypore", "scientific_name": "Fomitopsis betulina", "iconic_taxon_name": "Fungi", "image_url": "https://static.inaturalist.org/photos/350823539/medium.jpeg", "observed_on": "2024-02-11T09:03:47+00:00", "place_guess": "Chanctonbury View, Henfield BN5 9TW, UK", "quality_grade": "research", "url": "https://www.inaturalist.org/observations/198983049", "user_login": "debbiecolgate"}, "geometry": {"type": "Point", "coordinates": [-0.2799256425, 50.9276642371]}}, {"type": "Feature", "properties": {"id": 200178200, "common_name": "witch's butter", "scientific_name": "Tremella mesenterica", "iconic_taxon_name": "Fungi", "image_url": "https://inaturalist-open-data.s3.amazonaws.com/photos/353126765/medium.jpeg", "observed_on": "2024-02-23T11:54:08+00:00", "place_guess": "The Rye, Hollands Lane, Henfield BN5 9QY, UK", "quality_grade": "research", "url": "https://www.inaturalist.org/observations/200178200", "user_login": "lesleymilward"}, "geometry": {"type": "Point", "coordinates": [-0.2947278321, 50.9223027834]}}, {"type": "Feature", "properties": {"id": 247153595, "common_name": "Snowy Waxcap", "scientific_name": "Cuphophyllus virgineus", "iconic_taxon_name": "Fungi", "image_url": "https://inaturalist-open-data.s3.amazonaws.com/photos/441358991/medium.jpeg", "observed_on": "2024-10-13T11:31:08+01:00", "place_guess": "South Downs National Park, Brighton, England, GB", "quality_grade": "research", "url": "https://www.inaturalist.org/observations/247153595", "user_login": "cgul13"}, "geometry": {"type": "Point", "coordinates": [-0.2092833333, 50.8820116667]}}, {"type": "Feature", "properties": {"id": 310835028, "common_name": "Spindleshank", "scientific_name": "Gymnopus fusipes", "iconic_taxon_name": "Fungi", "image_url": "https://inaturalist-open-data.s3.amazonaws.com/photos/561041400/medium.jpg", "observed_on": "2025-08-11T11:49:11+01:00", "place_guess": "Wood's Mill, Henfield BN5 9SD, UK", "quality_grade": "research", "url": "https://www.inaturalist.org/observations/310835028", "user_login": "shelbourne"}, "geometry": {"type": "Point", "coordinates": [-0.2694359422, 50.9098084636]}}, {"type": "Feature", "properties": {"id": 242044203, "common_name": "Parrot Mushroom", "scientific_name": "Gliophorus psittacinus", "iconic_taxon_name": "Fungi", "image_url": "https://inaturalist-open-data.s3.amazonaws.com/photos/431467770/medium.jpeg", "observed_on": "2024-09-15T13:31:56+01:00", "place_guess": "South Downs National Park, Brighton, England, GB", "quality_grade": "research", "url": "https://www.inaturalist.org/observations/242044203", "user_login": "cgul13"}, "geometry": {"type": "Point", "coordinates": [-0.1995283333, 50.8854633333]}}, {"type": "Feature", "properties": {"id": 246478835, "common_name": "birch polypore", "scientific_name": "Fomitopsis betulina", "iconic_taxon_name": "Fungi", "image_url": "https://inaturalist-open-data.s3.amazonaws.com/photos/440030965/medium.jpeg", "observed_on": "2024-10-09T14:40:02+01:00", "place_guess": "Henfield BN5 9YQ, UK", "quality_grade": "research", "url": "https://www.inaturalist.org/observations/246478835", "user_login": "shelbourne"}, "geometry": {"type": "Point", "coordinates": [-0.270625, 50.908717]}}, {"type": "Feature", "properties": {"id": 245241451, "common_name": "Amethyst Deceiver", "scientific_name": "Laccaria amethystina", "iconic_taxon_name": "Fungi", "image_url": "https://inaturalist-open-data.s3.amazonaws.com/photos/437586698/medium.jpeg", "observed_on": "2024-10-02T15:59:48+01:00", "place_guess": "Henfield Common, Henfield, England, GB", "quality_grade": "research", "url": "https://www.inaturalist.org/observations/245241451", "user_login": "dannibaxter"}, "geometry": {"type": "Point", "coordinates": [-0.2631783333, 50.925955]}}, {"type": "Feature", "properties": {"id": 265809652, "common_name": "Pertusaria leioplaca", "scientific_name": "Pertusaria leioplaca", "iconic_taxon_name": "Fungi", "image_url": "https://inaturalist-open-data.s3.amazonaws.com/photos/477517011/medium.jpeg", "observed_on": "2025-03-18T10:23:25+00:00", "place_guess": "Lag Wood, nr. Clayton, West Sussex", "quality_grade": "research", "url": "https://www.inaturalist.org/observations/265809652", "user_login": "sim_elliott"}, "geometry": {"type": "Point", "coordinates": [-0.1499387, 50.9171071]}}, {"type": "Feature", "properties": {"id": 259338829, "common_name": "Purplepore Bracket", "scientific_name": "Trichaptum abietinum", "iconic_taxon_name": "Fungi", "image_url": "https://inaturalist-open-data.s3.amazonaws.com/photos/465518734/medium.jpeg", "observed_on": "2025-01-23T13:21:54+00:00", "place_guess": "Knepp susse", "quality_grade": "research", "url": "https://www.inaturalist.org/observations/259338829", "user_login": "annaevanswoolf"}, "geometry": {"type": "Point", "coordinates": [-0.357686, 50.968935]}}, {"type": "Feature", "properties": {"id": 323020608, "common_name": "Meadow Waxcap", "scientific_name": "Cuphophyllus pratensis", "iconic_taxon_name": "Fungi", "image_url": "https://static.inaturalist.org/photos/584443610/medium.jpg", "observed_on": "2025-10-25T13:01:13+01:00", "place_guess": "South Downs National Park, Hassocks, England, GB", "quality_grade": "research", "url": "https://www.inaturalist.org/observations/323020608", "user_login": "rosa_thorlby"}, "geometry": {"type": "Point", "coordinates": [-0.1762416667, 50.9103783333]}}, {"type": "Feature", "properties": {"id": 319437483, "common_name": "Petticoat Mottlegill", "scientific_name": "Panaeolus papilionaceus", "iconic_taxon_name": "Fungi", "image_url": "https://inaturalist-open-data.s3.amazonaws.com/photos/577430651/medium.jpg", "observed_on": "2025-10-07T08:10:43+01:00", "place_guess": "RH15 8UQ", "quality_grade": "research", "url": "https://www.inaturalist.org/observations/319437483", "user_login": "revjulesmiddleton"}, "geometry": {"type": "Point", "coordinates": [-0.1577544585, 50.9482652858]}}, {"type": "Feature", "properties": {"id": 326804818, "common_name": "Parrot Mushroom", "scientific_name": "Gliophorus psittacinus", "iconic_taxon_name": "Fungi", "image_url": "https://inaturalist-open-data.s3.amazonaws.com/photos/591950310/medium.jpg", "observed_on": "2025-11-16T11:44:36+00:00", "place_guess": "South Downs National Park, Brighton, England, GB", "quality_grade": "research", "url": "https://www.inaturalist.org/observations/326804818", "user_login": "cgul13"}, "geometry": {"type": "Point", "coordinates": [-0.2094866667, 50.8822666667]}}, {"type": "Feature", "properties": {"id": 329248743, "common_name": "Common Sunburst Lichen", "scientific_name": "Xanthoria parietina", "iconic_taxon_name": "Fungi", "image_url": "https://inaturalist-open-data.s3.amazonaws.com/photos/596775105/medium.jpg", "observed_on": "2025-11-29T14:56:00+00:00", "place_guess": "Bramber Castle, Castle Lane, Bramber, Steyning, West Sussex, UK", "quality_grade": "research", "url": "https://www.inaturalist.org/observations/329248743", "user_login": "steve_mcwilliam"}, "geometry": {"type": "Point", "coordinates": [-0.31575762, 50.8839444592]}}, {"type": "Feature", "properties": {"id": 329253497, "common_name": "Limestone Lobed Firedot", "scientific_name": "Variospora flavescens", "iconic_taxon_name": "Fungi", "image_url": "https://inaturalist-open-data.s3.amazonaws.com/photos/596784453/medium.jpg", "observed_on": "2025-11-29T15:07:00+00:00", "place_guess": "St Nicholas Church, Castle Lane, Bramber, Steyning, West Sussex, UK", "quality_grade": "research", "url": "https://www.inaturalist.org/observations/329253497", "user_login": "steve_mcwilliam"}, "geometry": {"type": "Point", "coordinates": [-0.3150924272, 50.8829085938]}}, {"type": "Feature", "properties": {"id": 326841659, "common_name": "Jelly Ear", "scientific_name": "Auricularia auricula-judae", "iconic_taxon_name": "Fungi", "image_url": "https://inaturalist-open-data.s3.amazonaws.com/photos/592023372/medium.jpg", "observed_on": "2025-11-16T14:17:21+00:00", "place_guess": "Roman Road, Steyning, England, GB", "quality_grade": "research", "url": "https://www.inaturalist.org/observations/326841659", "user_login": "ratfail"}, "geometry": {"type": "Point", "coordinates": [-0.3173083333, 50.8839866667]}}, {"type": "Feature", "properties": {"id": 320853359, "common_name": "Parrot Mushroom", "scientific_name": "Gliophorus psittacinus", "iconic_taxon_name": "Fungi", "image_url": "https://inaturalist-open-data.s3.amazonaws.com/photos/580179658/medium.jpg", "observed_on": "2025-10-14T15:30:53+01:00", "place_guess": "Church Lane, Henfield, England, GB", "quality_grade": "research", "url": "https://www.inaturalist.org/observations/320853359", "user_login": "fletma"}, "geometry": {"type": "Point", "coordinates": [-0.2760054862, 50.9324987937]}}, {"type": "Feature", "properties": {"id": 328930275, "common_name": "Purple Jellydisc", "scientific_name": "Ascocoryne sarcoides", "iconic_taxon_name": "Fungi", "image_url": "https://inaturalist-open-data.s3.amazonaws.com/photos/596148546/medium.jpg", "observed_on": "2025-11-30T11:35:20+00:00", "place_guess": "South Downs National Park, Brighton, England, GB", "quality_grade": "research", "url": "https://www.inaturalist.org/observations/328930275", "user_login": "cgul13"}, "geometry": {"type": "Point", "coordinates": [-0.2036583333, 50.8835216667]}}, {"type": "Feature", "properties": {"id": 265076105, "common_name": "Elf Cups", "scientific_name": "Sarcoscypha", "iconic_taxon_name": "Fungi", "image_url": "https://inaturalist-open-data.s3.amazonaws.com/photos/476068172/medium.jpg", "observed_on": "2025-03-05T10:19:49+00:00", "place_guess": "Hassocks, England, GB", "quality_grade": "research", "url": "https://www.inaturalist.org/observations/265076105", "user_login": "sporeful"}, "geometry": {"type": "Point", "coordinates": [-0.1036971667, 50.9129]}}, {"type": "Feature", "properties": {"id": 264491967, "common_name": "Elf Cups", "scientific_name": "Sarcoscypha", "iconic_taxon_name": "Fungi", "image_url": "https://inaturalist-open-data.s3.amazonaws.com/photos/474935458/medium.jpg", "observed_on": "2025-03-08T09:08:41+00:00", "place_guess": "South Downs National Park, Henfield, England, GB", "quality_grade": "research", "url": "https://www.inaturalist.org/observations/264491967", "user_login": "tuckins"}, "geometry": {"type": "Point", "coordinates": [-0.2661621571, 50.8974056446]}}, {"type": "Feature", "properties": {"id": 292303962, "common_name": "Ingaderia vandenboomii", "scientific_name": "Ingaderia vandenboomii", "iconic_taxon_name": "Fungi", "image_url": "https://inaturalist-open-data.s3.amazonaws.com/photos/526008211/medium.jpg", "observed_on": "2025-06-24T09:24:46+01:00", "place_guess": "St Nicholas Church, Bramber, West Sussex", "quality_grade": "research", "url": "https://www.inaturalist.org/observations/292303962", "user_login": "sim_elliott"}, "geometry": {"type": "Point", "coordinates": [-0.2842035145, 50.8880585861]}}, {"type": "Feature", "properties": {"id": 324519082, "common_name": "Hygrocybe subsect. Hygrocybe", "scientific_name": "Hygrocybe", "iconic_taxon_name": "Fungi", "image_url": "https://static.inaturalist.org/photos/587383657/medium.jpg", "observed_on": "2025-11-02T13:10:46+00:00", "place_guess": "Poynings, Brighton BN45 7AQ, UK", "quality_grade": "research", "url": "https://www.inaturalist.org/observations/324519082", "user_login": "tadwos"}, "geometry": {"type": "Point", "coordinates": [-0.1993592083, 50.8908698226]}}, {"type": "Feature", "properties": {"id": 120791824, "common_name": "chicken of the woods", "scientific_name": "Laetiporus sulphureus", "iconic_taxon_name": "Fungi", "image_url": "https://static.inaturalist.org/photos/204340628/medium.jpeg", "observed_on": "2022-06-08T11:05:11+01:00", "place_guess": "Hurstpierpoint, Hassocks BN6 9LL, UK", "quality_grade": "research", "url": "https://www.inaturalist.org/observations/120791824", "user_login": "jessicatait"}, "geometry": {"type": "Point", "coordinates": [-0.1715017855, 50.956936155]}}, {"type": "Feature", "properties": {"id": 301468479, "common_name": "chicken of the woods", "scientific_name": "Laetiporus sulphureus", "iconic_taxon_name": "Fungi", "image_url": "https://inaturalist-open-data.s3.amazonaws.com/photos/543247639/medium.jpg", "observed_on": "2025-07-27T10:54:05+01:00", "place_guess": "Henfield BN5 9QY, UK", "quality_grade": "research", "url": "https://www.inaturalist.org/observations/301468479", "user_login": "millyrudling"}, "geometry": {"type": "Point", "coordinates": [-0.2872268, 50.9294495997]}}, {"type": "Feature", "properties": {"id": 249735336, "common_name": "King Alfred's Cakes", "scientific_name": "Daldinia concentrica", "iconic_taxon_name": "Fungi", "image_url": "https://inaturalist-open-data.s3.amazonaws.com/photos/446488913/medium.jpeg", "observed_on": "2024-10-30T08:53:39+00:00", "place_guess": "Hassocks BN6 9ND, UK", "quality_grade": "research", "url": "https://www.inaturalist.org/observations/249735336", "user_login": "danm89"}, "geometry": {"type": "Point", "coordinates": [-0.1368610473, 50.9395125093]}}, {"type": "Feature", "properties": {"id": 309336276, "common_name": "Dryad's Saddle", "scientific_name": "Cerioporus squamosus", "iconic_taxon_name": "Fungi", "image_url": "https://inaturalist-open-data.s3.amazonaws.com/photos/558189301/medium.jpg", "observed_on": "2025-08-25T12:16:10+01:00", "place_guess": "Burgess Hill, UK", "quality_grade": "research", "url": "https://www.inaturalist.org/observations/309336276", "user_login": "charw08"}, "geometry": {"type": "Point", "coordinates": [-0.1304895, 50.9657983997]}}, {"type": "Feature", "properties": {"id": 59792865, "common_name": "blusher", "scientific_name": "Amanita rubescens", "iconic_taxon_name": "Fungi", "image_url": "https://inaturalist-open-data.s3.amazonaws.com/photos/95564511/medium.jpg", "observed_on": "2020-09-13T07:42:31+02:00", "place_guess": "Great Britain, Burgess Hill, England, GB", "quality_grade": "research", "url": "https://www.inaturalist.org/observations/59792865", "user_login": "orangegailfish"}, "geometry": {"type": "Point", "coordinates": [-0.1263171309, 50.9686744741]}}, {"type": "Feature", "properties": {"id": 269170585, "common_name": "Elf Ears lichen", "scientific_name": "Normandina pulchella", "iconic_taxon_name": "Fungi", "image_url": "https://inaturalist-open-data.s3.amazonaws.com/photos/483932300/medium.jpeg", "observed_on": "2025-04-07T15:14:11+01:00", "place_guess": "Lag Wood nr Clayton West Sussex", "quality_grade": "research", "url": "https://www.inaturalist.org/observations/269170585", "user_login": "sim_elliott"}, "geometry": {"type": "Point", "coordinates": [-0.1487797871, 50.9164594552]}}, {"type": "Feature", "properties": {"id": 273993195, "common_name": "Elf Ears lichen", "scientific_name": "Normandina pulchella", "iconic_taxon_name": "Fungi", "image_url": "https://inaturalist-open-data.s3.amazonaws.com/photos/492654930/medium.jpeg", "observed_on": "2025-04-26T12:03:39+01:00", "place_guess": "Poynings, Brighton BN45 7AA, UK", "quality_grade": "research", "url": "https://www.inaturalist.org/observations/273993195", "user_login": "tabubua"}, "geometry": {"type": "Point", "coordinates": [-0.2068775997, 50.8898897997]}}, {"type": "Feature", "properties": {"id": 1349020, "common_name": "poplar bells", "scientific_name": "Schizophyllum amplum", "iconic_taxon_name": "Fungi", "image_url": "https://inaturalist-open-data.s3.amazonaws.com/photos/1669063/medium.JPG", "observed_on": "2014-11-15", "place_guess": "England, GB", "quality_grade": "research", "url": "https://www.inaturalist.org/observations/1349020", "user_login": "silversea_starsong"}, "geometry": {"type": "Point", "coordinates": [-0.307617, 50.903033]}}, {"type": "Feature", "properties": {"id": 214771127, "common_name": "Pocket Plum", "scientific_name": "Taphrina pruni", "iconic_taxon_name": "Fungi", "image_url": "https://inaturalist-open-data.s3.amazonaws.com/photos/379654430/medium.jpeg", "observed_on": "2024-05-10T13:05:36+01:00", "place_guess": "Small Dole, Henfield BN5, UK", "quality_grade": "research", "url": "https://www.inaturalist.org/observations/214771127", "user_login": "michaelblencowesussex"}, "geometry": {"type": "Point", "coordinates": [-0.271168, 50.9027671667]}}, {"type": "Feature", "properties": {"id": 145921988, "common_name": "Jelly Ear", "scientific_name": "Auricularia auricula-judae", "iconic_taxon_name": "Fungi", "image_url": "https://inaturalist-open-data.s3.amazonaws.com/photos/250756250/medium.jpeg", "observed_on": "2023-01-05T10:09:30+00:00", "place_guess": "Pyecombe, Brighton BN45 7EG, UK", "quality_grade": "research", "url": "https://www.inaturalist.org/observations/145921988", "user_login": "ezh00"}, "geometry": {"type": "Point", "coordinates": [-0.171055, 50.89109]}}, {"type": "Feature", "properties": {"id": 159428670, "common_name": "Pear-shaped Puffball", "scientific_name": "Apioperdon pyriforme", "iconic_taxon_name": "Fungi", "image_url": "https://inaturalist-open-data.s3.amazonaws.com/photos/275454365/medium.jpg", "observed_on": "2023-05-03T14:56:56+01:00", "place_guess": "Stanmer Park, Brighton, England, GB", "quality_grade": "research", "url": "https://www.inaturalist.org/observations/159428670", "user_login": "rosadam"}, "geometry": {"type": "Point", "coordinates": [-0.1205890919, 50.883092317]}}, {"type": "Feature", "properties": {"id": 186400193, "common_name": "Parasol", "scientific_name": "Macrolepiota procera", "iconic_taxon_name": "Fungi", "image_url": "https://inaturalist-open-data.s3.amazonaws.com/photos/325743402/medium.jpeg", "observed_on": "2023-09-30T13:43:00+01:00", "place_guess": "Small Dole, Henfield BN5, UK", "quality_grade": "research", "url": "https://www.inaturalist.org/observations/186400193", "user_login": "shelbourne"}, "geometry": {"type": "Point", "coordinates": [-0.270525, 50.9012416667]}}, {"type": "Feature", "properties": {"id": 189510919, "common_name": "Blushing Milkcap", "scientific_name": "Lactarius controversus", "iconic_taxon_name": "Fungi", "image_url": "https://inaturalist-open-data.s3.amazonaws.com/photos/332005084/medium.jpeg", "observed_on": "2023-10-22T16:46:00+01:00", "place_guess": "Small Dole, Henfield BN5, UK", "quality_grade": "research", "url": "https://www.inaturalist.org/observations/189510919", "user_login": "shelbourne"}, "geometry": {"type": "Point", "coordinates": [-0.2737333333, 50.9006944444]}}, {"type": "Feature", "properties": {"id": 186031572, "common_name": "birch polypore", "scientific_name": "Fomitopsis betulina", "iconic_taxon_name": "Fungi", "image_url": "https://inaturalist-open-data.s3.amazonaws.com/photos/325014251/medium.jpeg", "observed_on": "2023-09-29T13:31:00+01:00", "place_guess": "West Sussex, UK", "quality_grade": "research", "url": "https://www.inaturalist.org/observations/186031572", "user_login": "shelbourne"}, "geometry": {"type": "Point", "coordinates": [-0.2690122391, 50.9087548119]}}, {"type": "Feature", "properties": {"id": 187525834, "common_name": "Sulphur Tuft", "scientific_name": "Hypholoma fasciculare", "iconic_taxon_name": "Fungi", "image_url": "https://inaturalist-open-data.s3.amazonaws.com/photos/327963166/medium.jpg", "observed_on": "2023-10-14T15:49:30+01:00", "place_guess": "South Downs National Park, Henfield, England, GB", "quality_grade": "research", "url": "https://www.inaturalist.org/observations/187525834", "user_login": "shelbourne"}, "geometry": {"type": "Point", "coordinates": [-0.2686283333, 50.9104466667]}}, {"type": "Feature", "properties": {"id": 187399217, "common_name": "Spindleshank", "scientific_name": "Gymnopus fusipes", "iconic_taxon_name": "Fungi", "image_url": "https://inaturalist-open-data.s3.amazonaws.com/photos/327713994/medium.jpg", "observed_on": "2023-10-13T18:12:32+01:00", "place_guess": "Henfield Road, Henfield, England, GB", "quality_grade": "research", "url": "https://www.inaturalist.org/observations/187399217", "user_login": "shelbourne"}, "geometry": {"type": "Point", "coordinates": [-0.2757033333, 50.8993283333]}}, {"type": "Feature", "properties": {"id": 190707743, "common_name": "Parasol", "scientific_name": "Macrolepiota procera", "iconic_taxon_name": "Fungi", "image_url": "https://inaturalist-open-data.s3.amazonaws.com/photos/334379516/medium.jpg", "observed_on": "2023-11-11T11:47:09+00:00", "place_guess": "South Downs National Park, Brighton, England, GB", "quality_grade": "research", "url": "https://www.inaturalist.org/observations/190707743", "user_login": "cgul13"}, "geometry": {"type": "Point", "coordinates": [-0.2082833333, 50.8821216667]}}, {"type": "Feature", "properties": {"id": 186397470, "common_name": "King Alfred's Cakes", "scientific_name": "Daldinia concentrica", "iconic_taxon_name": "Fungi", "image_url": "https://inaturalist-open-data.s3.amazonaws.com/photos/325738492/medium.jpeg", "observed_on": "2023-09-30T13:33:00+01:00", "place_guess": "Small Dole, Henfield BN5, UK", "quality_grade": "research", "url": "https://www.inaturalist.org/observations/186397470", "user_login": "shelbourne"}, "geometry": {"type": "Point", "coordinates": [-0.2708361111, 50.9012]}}, {"type": "Feature", "properties": {"id": 233129495, "common_name": "Pale Brittlestem", "scientific_name": "Candolleomyces candolleanus", "iconic_taxon_name": "Fungi", "image_url": "https://inaturalist-open-data.s3.amazonaws.com/photos/414275715/medium.jpeg", "observed_on": "2024-08-01T14:53:07+01:00", "place_guess": "Small Dole, Henfield BN5 9XR, UK", "quality_grade": "research", "url": "https://www.inaturalist.org/observations/233129495", "user_login": "shelbourne"}, "geometry": {"type": "Point", "coordinates": [-0.2720659, 50.9008832]}}, {"type": "Feature", "properties": {"id": 233253838, "common_name": "Bactridium flavum", "scientific_name": "Bactridium flavum", "iconic_taxon_name": "Fungi", "image_url": "https://inaturalist-open-data.s3.amazonaws.com/photos/414515644/medium.jpeg", "observed_on": "2024-04-12T19:40:00+01:00", "place_guess": "West Sussex, UK", "quality_grade": "research", "url": "https://www.inaturalist.org/observations/233253838", "user_login": "shelbourne"}, "geometry": {"type": "Point", "coordinates": [-0.2693138889, 50.9096055556]}}, {"type": "Feature", "properties": {"id": 198983178, "common_name": "Jelly Ear", "scientific_name": "Auricularia auricula-judae", "iconic_taxon_name": "Fungi", "image_url": "https://static.inaturalist.org/photos/350823981/medium.jpeg", "observed_on": "2024-02-11T09:07:50+00:00", "place_guess": "Henfield BN5 9UX, UK", "quality_grade": "research", "url": "https://www.inaturalist.org/observations/198983178", "user_login": "debbiecolgate"}, "geometry": {"type": "Point", "coordinates": [-0.2803213522, 50.9273415757]}}, {"type": "Feature", "properties": {"id": 199186583, "common_name": "Jelly Ear", "scientific_name": "Auricularia auricula-judae", "iconic_taxon_name": "Fungi", "image_url": "https://inaturalist-open-data.s3.amazonaws.com/photos/351228548/medium.jpg", "observed_on": "2024-02-13T12:29:24+00:00", "place_guess": "South Downs National Park, Shoreham-By-Sea, England, GB", "quality_grade": "research", "url": "https://www.inaturalist.org/observations/199186583", "user_login": "bemma0905"}, "geometry": {"type": "Point", "coordinates": [-0.2670007189, 50.8807507881]}}, {"type": "Feature", "properties": {"id": 140412948, "common_name": "Snowy Waxcap", "scientific_name": "Cuphophyllus virgineus", "iconic_taxon_name": "Fungi", "image_url": "https://inaturalist-open-data.s3.amazonaws.com/photos/240349522/medium.jpg", "observed_on": "2022-10-29T14:44:15+01:00", "place_guess": "South Downs National Park, Brighton, England, GB", "quality_grade": "research", "url": "https://www.inaturalist.org/observations/140412948", "user_login": "cgul13"}, "geometry": {"type": "Point", "coordinates": [-0.202255, 50.883655]}}, {"type": "Feature", "properties": {"id": 277591169, "common_name": "Dryad's Saddle", "scientific_name": "Cerioporus squamosus", "iconic_taxon_name": "Fungi", "image_url": "https://static.inaturalist.org/photos/498441624/medium.jpg", "observed_on": "2025-05-01T18:59:36+01:00", "place_guess": "South Downs National Park, Hassocks, England, GB", "quality_grade": "research", "url": "https://www.inaturalist.org/observations/277591169", "user_login": "andy_smith1"}, "geometry": {"type": "Point", "coordinates": [-0.1098445, 50.920475]}}, {"type": "Feature", "properties": {"id": 349375209, "common_name": "Farinose Cartilage Lichen", "scientific_name": "Ramalina farinacea", "iconic_taxon_name": "Fungi", "image_url": "https://inaturalist-open-data.s3.amazonaws.com/photos/637317130/medium.jpg", "observed_on": "2026-04-12T10:09:02+01:00", "place_guess": "West Sussex, England, GB", "quality_grade": "research", "url": "https://www.inaturalist.org/observations/349375209", "user_login": "xylotrupesrhydian"}, "geometry": {"type": "Point", "coordinates": [-0.1954216667, 50.8965616667]}}, {"type": "Feature", "properties": {"id": 351447080, "common_name": "common greenshield lichen", "scientific_name": "Flavoparmelia caperata", "iconic_taxon_name": "Fungi", "image_url": "https://inaturalist-open-data.s3.amazonaws.com/photos/641356631/medium.jpg", "observed_on": "2026-04-20T14:01:19+01:00", "place_guess": "Ancient woodland east of Ashington, north of Wiston, West Sussex", "quality_grade": "research", "url": "https://www.inaturalist.org/observations/351447080", "user_login": "sim_elliott"}, "geometry": {"type": "Point", "coordinates": [-0.3537516, 50.9461417997]}}, {"type": "Feature", "properties": {"id": 102419078, "common_name": "Cloudy Clitocybe", "scientific_name": "Clitocybe nebularis", "iconic_taxon_name": "Fungi", "image_url": "https://inaturalist-open-data.s3.amazonaws.com/photos/171199818/medium.jpg", "observed_on": "2021-11-10T11:18:34+00:00", "place_guess": "Stanmer Park, Brighton, England, GB", "quality_grade": "research", "url": "https://www.inaturalist.org/observations/102419078", "user_login": "cgul13"}, "geometry": {"type": "Point", "coordinates": [-0.1106721667, 50.8824216667]}}, {"type": "Feature", "properties": {"id": 44357303, "common_name": "Dryad's Saddle", "scientific_name": "Cerioporus squamosus", "iconic_taxon_name": "Fungi", "image_url": "https://static.inaturalist.org/photos/72148222/medium.jpg", "observed_on": "2020-04-30T12:29:40+02:00", "place_guess": "Stanmer Park, Brighton, England, GB", "quality_grade": "research", "url": "https://www.inaturalist.org/observations/44357303", "user_login": "millie6"}, "geometry": {"type": "Point", "coordinates": [-0.1109537828, 50.8836496749]}}, {"type": "Feature", "properties": {"id": 103879377, "common_name": "King Alfred's Cakes", "scientific_name": "Daldinia concentrica", "iconic_taxon_name": "Fungi", "image_url": "https://static.inaturalist.org/photos/173971291/medium.jpeg", "observed_on": "2021-12-10T15:16:00+00:00", "place_guess": "West Sussex, UK", "quality_grade": "research", "url": "https://www.inaturalist.org/observations/103879377", "user_login": "elizabeth_morris"}, "geometry": {"type": "Point", "coordinates": [-0.2001259263, 50.8908891369]}}, {"type": "Feature", "properties": {"id": 46264992, "common_name": "Dryad's Saddle", "scientific_name": "Cerioporus squamosus", "iconic_taxon_name": "Fungi", "image_url": "https://inaturalist-open-data.s3.amazonaws.com/photos/73374051/medium.jpg", "observed_on": "2020-05-17T18:47:12+02:00", "place_guess": "Stanmer Park, Brighton, England, GB", "quality_grade": "research", "url": "https://www.inaturalist.org/observations/46264992", "user_login": "johnkennett"}, "geometry": {"type": "Point", "coordinates": [-0.1107660122, 50.883672447]}}, {"type": "Feature", "properties": {"id": 104112008, "common_name": "hairy curtain crust", "scientific_name": "Stereum hirsutum", "iconic_taxon_name": "Fungi", "image_url": "https://static.inaturalist.org/photos/174408178/medium.jpeg", "observed_on": "2022-01-01T14:26:00+00:00", "place_guess": "Henfield BN5, UK", "quality_grade": "research", "url": "https://www.inaturalist.org/observations/104112008", "user_login": "elizabeth_morris"}, "geometry": {"type": "Point", "coordinates": [-0.2849101819, 50.9330944826]}}, {"type": "Feature", "properties": {"id": 174954461, "common_name": "Cushion Bracket", "scientific_name": "Phellinus pomaceus", "iconic_taxon_name": "Fungi", "image_url": "https://inaturalist-open-data.s3.amazonaws.com/photos/304003790/medium.jpg", "observed_on": "2023-04-16T10:54:00+01:00", "place_guess": "West Sussex, UK", "quality_grade": "research", "url": "https://www.inaturalist.org/observations/174954461", "user_login": "shelbourne"}, "geometry": {"type": "Point", "coordinates": [-0.2705194444, 50.9096972222]}}, {"type": "Feature", "properties": {"id": 174955259, "common_name": "Candlesnuff Fungus", "scientific_name": "Xylaria hypoxylon", "iconic_taxon_name": "Fungi", "image_url": "https://inaturalist-open-data.s3.amazonaws.com/photos/304005420/medium.jpg", "observed_on": "2023-04-16T11:02:00+01:00", "place_guess": "West Sussex, UK", "quality_grade": "research", "url": "https://www.inaturalist.org/observations/174955259", "user_login": "shelbourne"}, "geometry": {"type": "Point", "coordinates": [-0.2701388889, 50.9093944444]}}, {"type": "Feature", "properties": {"id": 253210583, "common_name": "Dotted Ribbon Lichen", "scientific_name": "Ramalina fastigiata", "iconic_taxon_name": "Fungi", "image_url": "https://inaturalist-open-data.s3.amazonaws.com/photos/455678169/medium.jpg", "observed_on": "2024-11-26T21:09:14+00:00", "place_guess": "South Downs National Park, Brighton, England, GB", "quality_grade": "research", "url": "https://www.inaturalist.org/observations/253210583", "user_login": "dannibaxter"}, "geometry": {"type": "Point", "coordinates": [-0.2065583333, 50.8935666667]}}, {"type": "Feature", "properties": {"id": 252404769, "common_name": "Black Stone Flower", "scientific_name": "Parmotrema perlatum", "iconic_taxon_name": "Fungi", "image_url": "https://inaturalist-open-data.s3.amazonaws.com/photos/451833114/medium.jpeg", "observed_on": "2024-11-20T11:31:58+00:00", "place_guess": "South Downs National Park, Henfield, England, GB", "quality_grade": "research", "url": "https://www.inaturalist.org/observations/252404769", "user_login": "dave_shenton"}, "geometry": {"type": "Point", "coordinates": [-0.25438, 50.8981166667]}}, {"type": "Feature", "properties": {"id": 252004856, "common_name": "birch polypore", "scientific_name": "Fomitopsis betulina", "iconic_taxon_name": "Fungi", "image_url": "https://static.inaturalist.org/photos/451029095/medium.jpeg", "observed_on": "2024-11-17T11:39:42+00:00", "place_guess": "West Sussex", "quality_grade": "research", "url": "https://www.inaturalist.org/observations/252004856", "user_login": "jane39832"}, "geometry": {"type": "Point", "coordinates": [-0.2637059093, 50.9288482666]}}, {"type": "Feature", "properties": {"id": 320853563, "common_name": "Fairy Fingers", "scientific_name": "Clavaria fragilis", "iconic_taxon_name": "Fungi", "image_url": "https://inaturalist-open-data.s3.amazonaws.com/photos/580180037/medium.jpg", "observed_on": "2025-10-14T15:32:18+01:00", "place_guess": "Church Street, Henfield, England, GB", "quality_grade": "research", "url": "https://www.inaturalist.org/observations/320853563", "user_login": "fletma"}, "geometry": {"type": "Point", "coordinates": [-0.2759939252, 50.9324975094]}}, {"type": "Feature", "properties": {"id": 265809888, "common_name": "common greenshield lichen", "scientific_name": "Flavoparmelia caperata", "iconic_taxon_name": "Fungi", "image_url": "https://inaturalist-open-data.s3.amazonaws.com/photos/477517644/medium.jpeg", "observed_on": "2025-03-18T10:27:19+00:00", "place_guess": "Woodbine Cottage, Butchers Wood, Clayton, Hassocks BN6 9PH, UK", "quality_grade": "research", "url": "https://www.inaturalist.org/observations/265809888", "user_login": "sim_elliott"}, "geometry": {"type": "Point", "coordinates": [-0.1498134997, 50.9172079]}}, {"type": "Feature", "properties": {"id": 262933101, "common_name": "Dotted Ribbon Lichen", "scientific_name": "Ramalina fastigiata", "iconic_taxon_name": "Fungi", "image_url": "https://inaturalist-open-data.s3.amazonaws.com/photos/472261398/medium.jpeg", "observed_on": "2025-02-24T11:20:50+00:00", "place_guess": "Secondary woodland of Hurst Road Hassocks, West Sussex, TQ293156", "quality_grade": "research", "url": "https://www.inaturalist.org/observations/262933101", "user_login": "sim_elliott"}, "geometry": {"type": "Point", "coordinates": [-0.1594399, 50.9255679997]}}, {"type": "Feature", "properties": {"id": 323452875, "common_name": "Thin-walled Maze Polypore", "scientific_name": "Daedaleopsis confragosa", "iconic_taxon_name": "Fungi", "image_url": "https://static.inaturalist.org/photos/585268630/medium.jpg", "observed_on": "2025-10-27T12:59:17+00:00", "place_guess": "West Sussex, England, GB", "quality_grade": "research", "url": "https://www.inaturalist.org/observations/323452875", "user_login": "abbey8070"}, "geometry": {"type": "Point", "coordinates": [-0.2671859041, 50.8962637838]}}, {"type": "Feature", "properties": {"id": 240204920, "common_name": "Dryad's Saddle", "scientific_name": "Cerioporus squamosus", "iconic_taxon_name": "Fungi", "image_url": "https://inaturalist-open-data.s3.amazonaws.com/photos/427914016/medium.jpeg", "observed_on": "2024-08-24T15:14:15+01:00", "place_guess": "Burgess Hill, UK", "quality_grade": "research", "url": "https://www.inaturalist.org/observations/240204920", "user_login": "denizpolat"}, "geometry": {"type": "Point", "coordinates": [-0.1287011057, 50.9544662003]}}, {"type": "Feature", "properties": {"id": 246144690, "common_name": "turkey-tail", "scientific_name": "Trametes versicolor", "iconic_taxon_name": "Fungi", "image_url": "https://inaturalist-open-data.s3.amazonaws.com/photos/439364038/medium.jpeg", "observed_on": "2024-10-07T13:27:38+01:00", "place_guess": "Henfield Common, Henfield, England, GB", "quality_grade": "research", "url": "https://www.inaturalist.org/observations/246144690", "user_login": "dannibaxter"}, "geometry": {"type": "Point", "coordinates": [-0.2619533333, 50.92707]}}, {"type": "Feature", "properties": {"id": 326841674, "common_name": "King Alfred's Cakes", "scientific_name": "Daldinia concentrica", "iconic_taxon_name": "Fungi", "image_url": "https://inaturalist-open-data.s3.amazonaws.com/photos/592023422/medium.jpg", "observed_on": "2025-11-16T14:16:42+00:00", "place_guess": "Castle Lane, Steyning, England, GB", "quality_grade": "research", "url": "https://www.inaturalist.org/observations/326841674", "user_login": "ratfail"}, "geometry": {"type": "Point", "coordinates": [-0.3173133333, 50.8837866667]}}, {"type": "Feature", "properties": {"id": 366825597, "common_name": "Ash Dieback", "scientific_name": "Hymenoscyphus fraxineus", "iconic_taxon_name": "Fungi", "image_url": "https://inaturalist-open-data.s3.amazonaws.com/photos/669831195/medium.jpg", "observed_on": "2026-05-30T13:23:00+01:00", "place_guess": "Devil's Dyke West Sussex, UK", "quality_grade": "research", "url": "https://www.inaturalist.org/observations/366825597", "user_login": "sim_elliott"}, "geometry": {"type": "Point", "coordinates": [-0.2200660307, 50.8848851317]}}, {"type": "Feature", "properties": {"id": 263380355, "common_name": "King Alfred's Cakes", "scientific_name": "Daldinia concentrica", "iconic_taxon_name": "Fungi", "image_url": "https://static.inaturalist.org/photos/473148293/medium.jpeg", "observed_on": "2025-02-28T14:23:21+00:00", "place_guess": "West Sussex", "quality_grade": "research", "url": "https://www.inaturalist.org/observations/263380355", "user_login": "jane39832"}, "geometry": {"type": "Point", "coordinates": [-0.2636536062, 50.9280776978]}}, {"type": "Feature", "properties": {"id": 321397214, "common_name": "Trooping Crumble Cap", "scientific_name": "Coprinellus disseminatus", "iconic_taxon_name": "Fungi", "image_url": "https://static.inaturalist.org/photos/581249531/medium.jpg", "observed_on": "2025-10-17T13:43:18+01:00", "place_guess": "Steyning, UK", "quality_grade": "research", "url": "https://www.inaturalist.org/observations/321397214", "user_login": "nick465"}, "geometry": {"type": "Point", "coordinates": [-0.3522458432, 50.8867831087]}}, {"type": "Feature", "properties": {"id": 265809556, "common_name": "Lecidella lichen", "scientific_name": "Lecidella elaeochroma", "iconic_taxon_name": "Fungi", "image_url": "https://inaturalist-open-data.s3.amazonaws.com/photos/477516800/medium.jpeg", "observed_on": "2025-03-18T10:18:16+00:00", "place_guess": "Lag Wood, nr. Clayton, West Sussex", "quality_grade": "research", "url": "https://www.inaturalist.org/observations/265809556", "user_login": "sim_elliott"}, "geometry": {"type": "Point", "coordinates": [-0.1499851, 50.9171205]}}, {"type": "Feature", "properties": {"id": 265076450, "common_name": "turkey-tail", "scientific_name": "Trametes versicolor", "iconic_taxon_name": "Fungi", "image_url": "https://inaturalist-open-data.s3.amazonaws.com/photos/476068790/medium.jpg", "observed_on": "2025-03-05T10:41:40+00:00", "place_guess": "Hassocks, England, GB", "quality_grade": "research", "url": "https://www.inaturalist.org/observations/265076450", "user_login": "sporeful"}, "geometry": {"type": "Point", "coordinates": [-0.1067583333, 50.91138]}}, {"type": "Feature", "properties": {"id": 325041618, "common_name": "White Saddle", "scientific_name": "Helvella crispa", "iconic_taxon_name": "Fungi", "image_url": "https://inaturalist-open-data.s3.amazonaws.com/photos/588436831/medium.jpg", "observed_on": "2025-11-02T11:13:42+00:00", "place_guess": "South Downs National Park, Hassocks, England, GB", "quality_grade": "research", "url": "https://www.inaturalist.org/observations/325041618", "user_login": "jenfellows"}, "geometry": {"type": "Point", "coordinates": [-0.1139197511, 50.9089117899]}}, {"type": "Feature", "properties": {"id": 280493163, "common_name": "Lecidella lichen", "scientific_name": "Lecidella elaeochroma", "iconic_taxon_name": "Fungi", "image_url": "https://inaturalist-open-data.s3.amazonaws.com/photos/503786535/medium.jpeg", "observed_on": "2025-05-12T10:45:02+01:00", "place_guess": "Steyning Downland Scheme, West Sussex", "quality_grade": "research", "url": "https://www.inaturalist.org/observations/280493163", "user_login": "sim_elliott"}, "geometry": {"type": "Point", "coordinates": [-0.3359921, 50.8910211]}}, {"type": "Feature", "properties": {"id": 189511890, "common_name": "Wood Hedgehog", "scientific_name": "Hydnum repandum", "iconic_taxon_name": "Fungi", "image_url": "https://inaturalist-open-data.s3.amazonaws.com/photos/332007098/medium.jpeg", "observed_on": "2023-10-22T17:01:00+01:00", "place_guess": "Small Dole, Henfield BN5, UK", "quality_grade": "research", "url": "https://www.inaturalist.org/observations/189511890", "user_login": "shelbourne"}, "geometry": {"type": "Point", "coordinates": [-0.2729888889, 50.9008055556]}}, {"type": "Feature", "properties": {"id": 189722672, "common_name": "sticky scalycap", "scientific_name": "Pholiota gummosa", "iconic_taxon_name": "Fungi", "image_url": "https://inaturalist-open-data.s3.amazonaws.com/photos/332432304/medium.jpeg", "observed_on": "2023-10-26T17:06:00+01:00", "place_guess": "West Sussex, England, United Kingdom", "quality_grade": "research", "url": "https://www.inaturalist.org/observations/189722672", "user_login": "shelbourne"}, "geometry": {"type": "Point", "coordinates": [-0.2703527778, 50.9087416667]}}, {"type": "Feature", "properties": {"id": 189723258, "common_name": "Twig Parachute", "scientific_name": "Collybiopsis ramealis", "iconic_taxon_name": "Fungi", "image_url": "https://inaturalist-open-data.s3.amazonaws.com/photos/332433515/medium.jpeg", "observed_on": "2023-10-26T16:37:00+01:00", "place_guess": "West Sussex, UK", "quality_grade": "research", "url": "https://www.inaturalist.org/observations/189723258", "user_login": "shelbourne"}, "geometry": {"type": "Point", "coordinates": [-0.2706138889, 50.9095416667]}}, {"type": "Feature", "properties": {"id": 189771991, "common_name": "Jelly-antler", "scientific_name": "Calocera viscosa", "iconic_taxon_name": "Fungi", "image_url": "https://inaturalist-open-data.s3.amazonaws.com/photos/332531516/medium.jpeg", "observed_on": "2023-10-26T11:29:00+01:00", "place_guess": "East Sussex, UK", "quality_grade": "research", "url": "https://www.inaturalist.org/observations/189771991", "user_login": "shelbourne"}, "geometry": {"type": "Point", "coordinates": [-0.1129944444, 50.88715]}}, {"type": "Feature", "properties": {"id": 185745380, "common_name": "Oakmoss", "scientific_name": "Evernia prunastri", "iconic_taxon_name": "Fungi", "image_url": "https://inaturalist-open-data.s3.amazonaws.com/photos/324452538/medium.jpeg", "observed_on": "2023-09-29T10:55:00+01:00", "place_guess": "West Sussex, UK", "quality_grade": "research", "url": "https://www.inaturalist.org/observations/185745380", "user_login": "shelbourne"}, "geometry": {"type": "Point", "coordinates": [-0.2687555556, 50.9104944444]}}, {"type": "Feature", "properties": {"id": 190119351, "common_name": "Snowy Waxcap", "scientific_name": "Cuphophyllus virgineus", "iconic_taxon_name": "Fungi", "image_url": "https://inaturalist-open-data.s3.amazonaws.com/photos/333212978/medium.jpg", "observed_on": "2023-11-05T14:19:35+00:00", "place_guess": "South Downs National Park, Brighton, England, GB", "quality_grade": "research", "url": "https://www.inaturalist.org/observations/190119351", "user_login": "cgul13"}, "geometry": {"type": "Point", "coordinates": [-0.2115883333, 50.8829216667]}}, {"type": "Feature", "properties": {"id": 132173436, "common_name": "chicken of the woods", "scientific_name": "Laetiporus sulphureus", "iconic_taxon_name": "Fungi", "image_url": "https://inaturalist-open-data.s3.amazonaws.com/photos/225043463/medium.jpg", "observed_on": "2022-08-24T19:36:02+01:00", "place_guess": "Woodmancote, Henfield, England, GB", "quality_grade": "research", "url": "https://www.inaturalist.org/observations/132173436", "user_login": "malin_k_andersson"}, "geometry": {"type": "Point", "coordinates": [-0.244355, 50.9307033333]}}, {"type": "Feature", "properties": {"id": 192324328, "common_name": "King Alfred's Cakes", "scientific_name": "Daldinia concentrica", "iconic_taxon_name": "Fungi", "image_url": "https://inaturalist-open-data.s3.amazonaws.com/photos/337597319/medium.jpeg", "observed_on": "2023-11-27T11:34:53+00:00", "place_guess": "Lag Wood, Clayton, Hassocks BN6 9PQ, UK", "quality_grade": "research", "url": "https://www.inaturalist.org/observations/192324328", "user_login": "sim_elliott"}, "geometry": {"type": "Point", "coordinates": [-0.1543296, 50.9110815]}}, {"type": "Feature", "properties": {"id": 60860601, "common_name": "Honey Mushroom", "scientific_name": "Armillaria mellea", "iconic_taxon_name": "Fungi", "image_url": "https://inaturalist-open-data.s3.amazonaws.com/photos/97339890/medium.jpg", "observed_on": "2020-09-26T13:59:48+02:00", "place_guess": "Great Britain, Brighton, England, GB", "quality_grade": "research", "url": "https://www.inaturalist.org/observations/60860601", "user_login": "bandwidthbob"}, "geometry": {"type": "Point", "coordinates": [-0.18704667, 50.89889167]}}, {"type": "Feature", "properties": {"id": 248091193, "common_name": "hairy curtain crust", "scientific_name": "Stereum hirsutum", "iconic_taxon_name": "Fungi", "image_url": "https://inaturalist-open-data.s3.amazonaws.com/photos/443212145/medium.jpeg", "observed_on": "2024-10-19T17:07:17+01:00", "place_guess": "Burgess Hill RH15 0SS, UK", "quality_grade": "research", "url": "https://www.inaturalist.org/observations/248091193", "user_login": "danm89"}, "geometry": {"type": "Point", "coordinates": [-0.1164375997, 50.9697393]}}, {"type": "Feature", "properties": {"id": 317256980, "common_name": "Shaggy Mane", "scientific_name": "Coprinus comatus", "iconic_taxon_name": "Fungi", "image_url": "https://inaturalist-open-data.s3.amazonaws.com/photos/573262630/medium.jpg", "observed_on": "2025-09-28T15:15:22+01:00", "place_guess": "Hurstpierpoint, Hassocks BN6 9BD, UK", "quality_grade": "research", "url": "https://www.inaturalist.org/observations/317256980", "user_login": "tom8091"}, "geometry": {"type": "Point", "coordinates": [-0.1684767166, 50.9156006652]}}, {"type": "Feature", "properties": {"id": 313147575, "common_name": "Twig Parachute", "scientific_name": "Collybiopsis ramealis", "iconic_taxon_name": "Fungi", "image_url": "https://inaturalist-open-data.s3.amazonaws.com/photos/565469412/medium.jpg", "observed_on": "2025-09-11T14:20:19+01:00", "place_guess": "Post Office, Small Dole, Henfield BN5 9XT, UK", "quality_grade": "research", "url": "https://www.inaturalist.org/observations/313147575", "user_login": "shelbourne"}, "geometry": {"type": "Point", "coordinates": [-0.2784411237, 50.9027617684]}}, {"type": "Feature", "properties": {"id": 249350135, "common_name": "Black Witches' Butter", "scientific_name": "Exidia glandulosa", "iconic_taxon_name": "Fungi", "image_url": "https://inaturalist-open-data.s3.amazonaws.com/photos/445718353/medium.jpeg", "observed_on": "2024-10-27T16:44:34+00:00", "place_guess": "Henfield Common, Henfield, England, GB", "quality_grade": "research", "url": "https://www.inaturalist.org/observations/249350135", "user_login": "dannibaxter"}, "geometry": {"type": "Point", "coordinates": [-0.2648633333, 50.9257783333]}}, {"type": "Feature", "properties": {"id": 65822408, "common_name": "birch polypore", "scientific_name": "Fomitopsis betulina", "iconic_taxon_name": "Fungi", "image_url": "https://static.inaturalist.org/photos/106007905/medium.jpeg", "observed_on": "2020-11-29T14:35:14+00:00", "place_guess": "East House, Henfield BN5 9RP, UK", "quality_grade": "research", "url": "https://www.inaturalist.org/observations/65822408", "user_login": "andy_wilson"}, "geometry": {"type": "Point", "coordinates": [-0.2616555997, 50.9274285997]}}, {"type": "Feature", "properties": {"id": 237838202, "common_name": "Spindleshank", "scientific_name": "Gymnopus fusipes", "iconic_taxon_name": "Fungi", "image_url": "https://inaturalist-open-data.s3.amazonaws.com/photos/423340706/medium.jpeg", "observed_on": "2023-08-01T16:24:27+01:00", "place_guess": "England, GB", "quality_grade": "research", "url": "https://www.inaturalist.org/observations/237838202", "user_login": "virn"}, "geometry": {"type": "Point", "coordinates": [-0.1501760417, 50.8997439055]}}, {"type": "Feature", "properties": {"id": 100079239, "common_name": "yellow fieldcap", "scientific_name": "Bolbitius titubans", "iconic_taxon_name": "Fungi", "image_url": "https://inaturalist-open-data.s3.amazonaws.com/photos/166984464/medium.jpg", "observed_on": "2021-10-31T16:28:03+00:00", "place_guess": "South Downs National Park, Brighton, England, GB", "quality_grade": "research", "url": "https://www.inaturalist.org/observations/100079239", "user_login": "cgul13"}, "geometry": {"type": "Point", "coordinates": [-0.2133133333, 50.884445]}}, {"type": "Feature", "properties": {"id": 103973082, "common_name": "birch polypore", "scientific_name": "Fomitopsis betulina", "iconic_taxon_name": "Fungi", "image_url": "https://static.inaturalist.org/photos/174145408/medium.jpeg", "observed_on": "2021-12-15T11:06:00+00:00", "place_guess": "West Sussex, UK", "quality_grade": "research", "url": "https://www.inaturalist.org/observations/103973082", "user_login": "elizabeth_morris"}, "geometry": {"type": "Point", "coordinates": [-0.2805926937, 50.9484961677]}}, {"type": "Feature", "properties": {"id": 104259232, "common_name": "turkey-tail", "scientific_name": "Trametes versicolor", "iconic_taxon_name": "Fungi", "image_url": "https://static.inaturalist.org/photos/174673843/medium.jpeg", "observed_on": "2022-01-03T09:54:19+00:00", "place_guess": "Backsettown Farm, Furners Lane, Henfield BN5 9HS, UK", "quality_grade": "research", "url": "https://www.inaturalist.org/observations/104259232", "user_login": "elizabeth_morris"}, "geometry": {"type": "Point", "coordinates": [-0.2618166667, 50.9321716667]}}, {"type": "Feature", "properties": {"id": 282440467, "common_name": "Farinose Cartilage Lichen", "scientific_name": "Ramalina farinacea", "iconic_taxon_name": "Fungi", "image_url": "https://inaturalist-open-data.s3.amazonaws.com/photos/507436079/medium.jpg", "observed_on": "2025-05-19T17:31:33+01:00", "place_guess": "Newtimber Holt, West Sussex", "quality_grade": "research", "url": "https://www.inaturalist.org/observations/282440467", "user_login": "sim_elliott"}, "geometry": {"type": "Point", "coordinates": [-0.1835797727, 50.8961007835]}}, {"type": "Feature", "properties": {"id": 336822202, "common_name": "Silverleaf Fungus", "scientific_name": "Chondrostereum purpureum", "iconic_taxon_name": "Fungi", "image_url": "https://inaturalist-open-data.s3.amazonaws.com/photos/612160767/medium.jpg", "observed_on": "2026-01-31T11:01:58+00:00", "place_guess": "Henfield BN5, UK", "quality_grade": "research", "url": "https://www.inaturalist.org/observations/336822202", "user_login": "rach_g"}, "geometry": {"type": "Point", "coordinates": [-0.2746444444, 50.9238444444]}}, {"type": "Feature", "properties": {"id": 204579479, "common_name": "Elf Cups", "scientific_name": "Sarcoscypha", "iconic_taxon_name": "Fungi", "image_url": "https://inaturalist-open-data.s3.amazonaws.com/photos/361619283/medium.jpg", "observed_on": "2024-03-30T10:17:00+00:00", "place_guess": "East Sussex, UK", "quality_grade": "research", "url": "https://www.inaturalist.org/observations/204579479", "user_login": "james-carr"}, "geometry": {"type": "Point", "coordinates": [-0.102617, 50.881801]}}, {"type": "Feature", "properties": {"id": 65435645, "common_name": "Jelly Ear", "scientific_name": "Auricularia auricula-judae", "iconic_taxon_name": "Fungi", "image_url": "https://inaturalist-open-data.s3.amazonaws.com/photos/105320831/medium.jpg", "observed_on": "2020-11-22T11:08:45+00:00", "place_guess": "South Downs National Park, Henfield, England, GB", "quality_grade": "research", "url": "https://www.inaturalist.org/observations/65435645", "user_login": "traceable"}, "geometry": {"type": "Point", "coordinates": [-0.2269726599, 50.8865701327]}}, {"type": "Feature", "properties": {"id": 175792895, "common_name": "Pale Brittlestem", "scientific_name": "Candolleomyces candolleanus", "iconic_taxon_name": "Fungi", "image_url": "https://inaturalist-open-data.s3.amazonaws.com/photos/305542373/medium.jpg", "observed_on": "2023-07-30T12:02:22+01:00", "place_guess": "South Downs National Park, Henfield, England, GB", "quality_grade": "research", "url": "https://www.inaturalist.org/observations/175792895", "user_login": "shelbourne"}, "geometry": {"type": "Point", "coordinates": [-0.2690216667, 50.9099783333]}}, {"type": "Feature", "properties": {"id": 175714898, "common_name": "Willow Shield", "scientific_name": "Pluteus salicinus", "iconic_taxon_name": "Fungi", "image_url": "https://inaturalist-open-data.s3.amazonaws.com/photos/305401248/medium.jpg", "observed_on": "2023-07-30T12:35:30+01:00", "place_guess": "South Downs National Park, Henfield, England, GB", "quality_grade": "research", "url": "https://www.inaturalist.org/observations/175714898", "user_login": "shelbourne"}, "geometry": {"type": "Point", "coordinates": [-0.2693633333, 50.90955]}}, {"type": "Feature", "properties": {"id": 174649920, "common_name": "Ochre Spreading Tooth", "scientific_name": "Steccherinum ochraceum", "iconic_taxon_name": "Fungi", "image_url": "https://inaturalist-open-data.s3.amazonaws.com/photos/303439054/medium.jpg", "observed_on": "2023-07-22T12:31:00+01:00", "place_guess": "South Downs National Park, Henfield, England, GB", "quality_grade": "research", "url": "https://www.inaturalist.org/observations/174649920", "user_login": "shelbourne"}, "geometry": {"type": "Point", "coordinates": [-0.2695283333, 50.9097466667]}}, {"type": "Feature", "properties": {"id": 232595631, "common_name": "Petticoat Mottlegill", "scientific_name": "Panaeolus papilionaceus", "iconic_taxon_name": "Fungi", "image_url": "https://static.inaturalist.org/photos/413248251/medium.jpeg", "observed_on": "2024-07-27T17:31:12+01:00", "place_guess": "Hassocks BN6 9PL, UK", "quality_grade": "research", "url": "https://www.inaturalist.org/observations/232595631", "user_login": "charlie_o"}, "geometry": {"type": "Point", "coordinates": [-0.127171576, 50.902285819]}}, {"type": "Feature", "properties": {"id": 240625983, "common_name": "King Alfred's Cakes", "scientific_name": "Daldinia concentrica", "iconic_taxon_name": "Fungi", "image_url": "https://inaturalist-open-data.s3.amazonaws.com/photos/428722979/medium.jpeg", "observed_on": "2024-09-07T10:51:24+01:00", "place_guess": "Henfield BN5 9QY, UK", "quality_grade": "research", "url": "https://www.inaturalist.org/observations/240625983", "user_login": "millyrudling"}, "geometry": {"type": "Point", "coordinates": [-0.2876545116, 50.9291508403]}}, {"type": "Feature", "properties": {"id": 199090588, "common_name": "Tripe Fungus", "scientific_name": "Auricularia mesenterica", "iconic_taxon_name": "Fungi", "image_url": "https://inaturalist-open-data.s3.amazonaws.com/photos/351036314/medium.jpg", "observed_on": "2024-02-12T10:12:59+00:00", "place_guess": "Hoewood, Henfield, England, GB", "quality_grade": "research", "url": "https://www.inaturalist.org/observations/199090588", "user_login": "fletma"}, "geometry": {"type": "Point", "coordinates": [-0.2856959961, 50.9178958834]}}, {"type": "Feature", "properties": {"id": 199195253, "common_name": "witch's butter", "scientific_name": "Tremella mesenterica", "iconic_taxon_name": "Fungi", "image_url": "https://inaturalist-open-data.s3.amazonaws.com/photos/351244392/medium.jpeg", "observed_on": "2024-02-10T13:00:36+00:00", "place_guess": "Spindles Mill Lane, Partridge Green, Horsham RH13 8JU, UK", "quality_grade": "research", "url": "https://www.inaturalist.org/observations/199195253", "user_login": "rach642"}, "geometry": {"type": "Point", "coordinates": [-0.3076634556, 50.9681484573]}}, {"type": "Feature", "properties": {"id": 140567717, "common_name": "Jelly Ear", "scientific_name": "Auricularia auricula-judae", "iconic_taxon_name": "Fungi", "image_url": "https://inaturalist-open-data.s3.amazonaws.com/photos/240635783/medium.jpg", "observed_on": "2022-10-30T15:09:14+00:00", "place_guess": "Woodmancote, Henfield, England, GB", "quality_grade": "research", "url": "https://www.inaturalist.org/observations/140567717", "user_login": "mazzab"}, "geometry": {"type": "Point", "coordinates": [-0.2407293275, 50.939616511]}}, {"type": "Feature", "properties": {"id": 203448656, "common_name": "Black Witches' Butter", "scientific_name": "Exidia glandulosa", "iconic_taxon_name": "Fungi", "image_url": "https://inaturalist-open-data.s3.amazonaws.com/photos/359460143/medium.jpeg", "observed_on": "2024-03-22T08:57:01+00:00", "place_guess": "Mill Drive, Henfield BN5 9RL, UK", "quality_grade": "research", "url": "https://www.inaturalist.org/observations/203448656", "user_login": "kristinabanner"}, "geometry": {"type": "Point", "coordinates": [-0.2657066667, 50.9274933333]}}, {"type": "Feature", "properties": {"id": 200895804, "common_name": "Chip Cherries", "scientific_name": "Leratiomyces ceres", "iconic_taxon_name": "Fungi", "image_url": "https://static.inaturalist.org/photos/354546813/medium.jpeg", "observed_on": "2024-03-01T10:39:26+00:00", "place_guess": "Henfield BN5, UK", "quality_grade": "research", "url": "https://www.inaturalist.org/observations/200895804", "user_login": "hazelhenfield"}, "geometry": {"type": "Point", "coordinates": [-0.2761783333, 50.93663]}}, {"type": "Feature", "properties": {"id": 140414274, "common_name": "Parrot Mushroom", "scientific_name": "Gliophorus psittacinus", "iconic_taxon_name": "Fungi", "image_url": "https://inaturalist-open-data.s3.amazonaws.com/photos/240352401/medium.jpg", "observed_on": "2022-10-29T13:13:14+01:00", "place_guess": "South Downs National Park, Brighton, England, GB", "quality_grade": "research", "url": "https://www.inaturalist.org/observations/140414274", "user_login": "cgul13"}, "geometry": {"type": "Point", "coordinates": [-0.2083533333, 50.88213]}}, {"type": "Feature", "properties": {"id": 153086966, "common_name": "Oakmoss", "scientific_name": "Evernia prunastri", "iconic_taxon_name": "Fungi", "image_url": "https://inaturalist-open-data.s3.amazonaws.com/photos/264357899/medium.jpeg", "observed_on": "2023-04-01T12:32:36+01:00", "place_guess": "Clayton, Hassocks BN6 9PH, UK", "quality_grade": "research", "url": "https://www.inaturalist.org/observations/153086966", "user_login": "ezh00"}, "geometry": {"type": "Point", "coordinates": [-0.151557, 50.915622]}}, {"type": "Feature", "properties": {"id": 206267780, "common_name": "Dotted Ribbon Lichen", "scientific_name": "Ramalina fastigiata", "iconic_taxon_name": "Fungi", "image_url": "https://inaturalist-open-data.s3.amazonaws.com/photos/364806297/medium.jpeg", "observed_on": "2024-04-09T16:57:23+01:00", "place_guess": "Ditchling Common,  Burgess Hill RH15 0SD, UK", "quality_grade": "research", "url": "https://www.inaturalist.org/observations/206267780", "user_login": "sim_elliott"}, "geometry": {"type": "Point", "coordinates": [-0.1030241997, 50.9476025]}}, {"type": "Feature", "properties": {"id": 58739591, "common_name": "Brown Birch-bolete", "scientific_name": "Leccinum scabrum", "iconic_taxon_name": "Fungi", "image_url": "https://inaturalist-open-data.s3.amazonaws.com/photos/93800060/medium.jpg", "observed_on": "2020-09-06T13:07:55+02:00", "place_guess": "Woodmancote, Henfield, England, GB", "quality_grade": "research", "url": "https://www.inaturalist.org/observations/58739591", "user_login": "sparkynature"}, "geometry": {"type": "Point", "coordinates": [-0.2537455283, 50.9275573652]}}, {"type": "Feature", "properties": {"id": 181231445, "common_name": "Candlesnuff Fungus", "scientific_name": "Xylaria hypoxylon", "iconic_taxon_name": "Fungi", "image_url": "https://inaturalist-open-data.s3.amazonaws.com/photos/315824780/medium.jpg", "observed_on": "2023-09-01T17:13:50+01:00", "place_guess": "Upper Beeding CP, Henfield, England, GB", "quality_grade": "research", "url": "https://www.inaturalist.org/observations/181231445", "user_login": "shelbourne"}, "geometry": {"type": "Point", "coordinates": [-0.270525, 50.90012]}}, {"type": "Feature", "properties": {"id": 220747500, "common_name": "Shaggy Mane", "scientific_name": "Coprinus comatus", "iconic_taxon_name": "Fungi", "image_url": "https://inaturalist-open-data.s3.amazonaws.com/photos/390859352/medium.jpg", "observed_on": "2021-09-16T12:00:00+01:00", "place_guess": "Hurst Meadows, Hurstpierpoint, UK", "quality_grade": "research", "url": "https://www.inaturalist.org/observations/220747500", "user_login": "dennis-chanter"}, "geometry": {"type": "Point", "coordinates": [-0.1704566701, 50.9354129807]}}]}